id,date,media_type,views,hashtag_match,permalink,caption
17895383994592225,2026-08-05,CAROUSEL_ALBUM,N/A (not video),False,https://www.instagram.com/p/Dbq9E44loxt/,"“Learning with Rabbi Hayoun is a great way to stay sharp in our Torah learning. He connects with everyone in the class, and we’ve built meaningful relationships that we look forward to continuing as we learn together.” - Jason Zalta #SCATorah"
18117275962698148,2026-08-05,CAROUSEL_ALBUM,N/A (not video),False,https://www.instagram.com/p/Dbqi6IBFm6b/,Welcome Home 💙 🇮🇱   #SCAIsrael
17972290626065586,2026-08-04,CAROUSEL_ALBUM,N/A (not video),False,https://www.instagram.com/p/DbnhCVwltdW/,“I love coming to hear the teachers. They are all very intelligent.” - Susan Shammah #SCATorah
18123704758702080,2026-08-03,CAROUSEL_ALBUM,N/A (not video),False,https://www.instagram.com/p/DblMso4Fucb/,Remembering the brave souls who made the ultimate sacrifice for our nation this month  יהי זכרם ברוך #SCAIsrael #IDFFallenHeroes #StandWithIsrael 🇮🇱
18094558679362299,2026-07-31,CAROUSEL_ALBUM,N/A (not video),False,https://www.instagram.com/p/DbdTFJilhBR/,"Yesterday, Rabbi Tawil spoke about the power of tefilah and birkat hamazon, connecting it to the parasha. Thank you to Erica & Nathan Dweck for hosting. Swipe for details on next weeks #SCAParashaOnThePorch class! #SCATorah"
18278383321293949,2026-07-29,CAROUSEL_ALBUM,N/A (not video),False,https://www.instagram.com/p/DbY1bUcFpry/,“Morah Renee always makes it fun to learn” - Rachel Akkad #SCATorah
17891460990395577,2026-07-29,VIDEO,1385,True,https://www.instagram.com/reel/DbYj9poJ1tB/,"Episode 302: “Hinukh HaBayit: The Reading”  Minhag of the Week is a weekly video series featuring Joey Mosseri, Morris Arking & Joseph Harari who educate our community about its Syrian and Middle Eastern traditions. Minhag of the Week is a project of the Sephardic Community Alliance.   #SCAMinhagOfTheWeek #scaheritage"
18068591048469079,2026-07-28,CAROUSEL_ALBUM,N/A (not video),False,https://www.instagram.com/p/DbWSqKOli81/,“I look forward to Rabbi Besser’s every week. I love to see my friends and new people”  -Jacqueline Tebele #SCATorah
17949096222238947,2026-07-28,CAROUSEL_ALBUM,N/A (not video),False,https://www.instagram.com/p/DbVtfDAlk9h/,Welcome Home 💙 🇮🇱   #SCAIsrael
18348274816175212,2026-07-27,CAROUSEL_ALBUM,N/A (not video),False,https://www.instagram.com/p/DbTMGo3llTD/,Season 9 of #SCAParashaOnThePorch continues this week with Rabbi Tawil! #SCATorah
18063220607741811,2026-07-24,CAROUSEL_ALBUM,N/A (not video),False,https://www.instagram.com/p/DbLiBpMlmaG/,(Post 4 of 4) Mourning. Learning. Uniting. Scenes from Rabbi Dr. Ezra Labaton A”H Tish’a BeAb Day of Learning 2026 #SCATorah
18406213021152565,2026-07-24,CAROUSEL_ALBUM,N/A (not video),False,https://www.instagram.com/p/DbLhVqmlh3R/,(Post 3 of 4) Mourning. Learning. Uniting. Scenes from Rabbi Dr. Ezra Labaton A”H Tish’a BeAb Day of Learning 2026 #SCATorah
17871399273689542,2026-07-24,CAROUSEL_ALBUM,N/A (not video),False,https://www.instagram.com/p/DbLgrWhloNn/,(Post 2 of 4) Mourning. Learning. Uniting. Scenes from Rabbi Dr. Ezra Labaton A”H Tish’a BeAb Day of Learning 2026 #SCATorah
18089345846451997,2026-07-24,CAROUSEL_ALBUM,N/A (not video),False,https://www.instagram.com/p/DbLgC4mlow9/,(Post 1 of 4) Mourning. Learning. Uniting. Scenes from Rabbi Dr. Ezra Labaton A”H Tish’a BeAb Day of Learning 2026 #SCATorah
18607508680043930,2026-07-23,IMAGE,N/A (not video),False,https://www.instagram.com/p/DbHec2EJxXi/,Rabbi Dr. Ezra Labaton A”H Tish’a BeAb Day of Learning 2026 Schedule #SCATorah
18402512731083713,2026-07-22,CAROUSEL_ALBUM,N/A (not video),False,https://www.instagram.com/p/DbGjr_0lvgr/,"We’re honored to be hosting Rav Rimon in Deal, NJ this weekend! #SCATorah"
18108713786060512,2026-07-21,CAROUSEL_ALBUM,N/A (not video),False,https://www.instagram.com/p/DbEdmd7lhsI/,"Join us this Thursday at 5:00pm for an exclusive screening of My Underground Mother, featuring a discussion with the film’s director- Marisa Fox, as part of our annual Dr. Ezra Labaton A”H Tish’a BeAb Day of Learning. Swipe for full schedule #SCATorah"
17928434493364248,2026-07-21,CAROUSEL_ALBUM,N/A (not video),False,https://www.instagram.com/p/DbEO0UZFm6o/,Join us this Thursday at 5:15pm for “Aliyah Unfiltered: A Conversation on Life in Israel” as part of our annual Dr. Ezra Labaton A”H Tish’a BeAb Day of Learning. Swipe for full schedule #SCATorah
18115035373862862,2026-07-21,CAROUSEL_ALBUM,N/A (not video),False,https://www.instagram.com/p/DbDoJCSFprq/,Join us this Wednesday night at 9:30pm for a private screening of UPHEAVAL as part of our annual Dr. Ezra Labaton A”H Tish’a BeAb Day of Learning. Swipe for full schedule #SCATorah
18018653780885596,2026-07-20,IMAGE,N/A (not video),False,https://www.instagram.com/p/DbB5DDXJ5Gk/,Rabbi Dr. Ezra Labaton A”H Tish’a BeAb Day of Learning 2026 Schedule #SCATorah
18061476686748699,2026-07-19,CAROUSEL_ALBUM,N/A (not video),False,https://www.instagram.com/p/Da-wJXqlqfe/,Our girl’s and women’s classes this summer are booming! Swipe 👉👉 for full schedule. #SCATorah
18257494471307039,2026-07-16,IMAGE,N/A (not video),False,https://www.instagram.com/p/Da3VP6SJCp3/,Join us this Shabbat as we welcome Glenn Cohen!
17923616859381749,2026-07-15,VIDEO,1741,True,https://www.instagram.com/reel/Da0gjhcp6QK/,"Episode 301: “The Final Meal Before the Fast of the 9th of Ab”  Minhag of the Week is a weekly video series featuring Joey Mosseri, Morris Arking & Joseph Harari who educate our community about its Syrian and Middle Eastern traditions. Minhag of the Week is a project of the Sephardic Community Alliance.  #SCAMinhagOfTheWeek #SCAHeritage"
18142947649551243,2026-07-14,IMAGE,N/A (not video),False,https://www.instagram.com/p/DaxmqOCpGEi/,Rabbi Dr. Ezra Labaton A”H Tish’a BeAb Day of Learning #SCATorah
18105555467039228,2026-07-13,CAROUSEL_ALBUM,N/A (not video),False,https://www.instagram.com/p/Dau49nRFtZ7/,Some shots from the first few days of our boys summer learning program. Join us tonight as we continue the learning! Swipe 👉👉 for full schedule.
18356133892208292,2026-07-12,CAROUSEL_ALBUM,N/A (not video),False,https://www.instagram.com/p/DarJ-ICFm_F/,Welcome Home 💙 🇮🇱   #SCAIsrael
18081430775675972,2026-07-10,IMAGE,N/A (not video),False,https://www.instagram.com/p/DanqFppJfYk/,Join @yof_themidrash_af and @afnishmat on Thursday for a special day of women’s health & halakha!
17980402737106423,2026-07-09,CAROUSEL_ALBUM,N/A (not video),False,https://www.instagram.com/p/DaliWbWlhDT/,"Today, @rabbidweck spoke about how we’re all created in the image of God and the potential each and every one of us has. Thank you to Frieda & Joey Franco for hosting. Swipe for details on next weeks #SCAParashaOnThePorch class! #SCATorah"
17967679470148406,2026-07-08,VIDEO,1783,True,https://www.instagram.com/reel/Dai9lk8pAHf/,"Celebrating 300 Episodes 🎉   Minhag of the Week is a weekly video series featuring Joey Mosseri, Morris Arking & Joseph Harari who educate our community about its Syrian and Middle Eastern traditions. Minhag of the Week is a project of the Sephardic Community Alliance.   #SCAMinhagOfTheWeek #scaheritage"
18141840715551409,2026-07-06,CAROUSEL_ALBUM,N/A (not video),False,https://www.instagram.com/p/DadD8xsltC1/,Season 9 of #SCAParashaOnThePorch begins this week with @rabbidweck ! #SCATorah
18171403042442058,2026-07-03,CAROUSEL_ALBUM,N/A (not video),False,https://www.instagram.com/p/DaVqxfuFkTl/,"Scenes from our annual 17th BeTamuz day of learning yesterday, in partnership with @tanachstudy and Ohel Yishak of Allenhurst! All classes are recorded and can be found by searching “Tanach Study” on YouTube. #SCATorah   .  Thank you to our sponsors:  Julie & Morris Dweck Raquel & Joey Franco Lillian & Eli Haddad Toby & Ronny Hersh Helene & Alan Shamah"
18139425724556187,2026-07-02,IMAGE,N/A (not video),False,https://www.instagram.com/p/DaTnSnDJKsX/,"We’re excited to be hosting Rabbi Eldar in Deal, NJ this Shabbat!"
17925542049367916,2026-07-01,VIDEO,1140,True,https://www.instagram.com/reel/DaQeXKKJswq/,"Episode 300: “Forgotten Customs of Hinukh HaBayit”   Minhag of the Week is a weekly video series featuring Joey Mosseri, Morris Arking & Joseph Harari who educate our community about its Syrian and Middle Eastern traditions. Minhag of the Week is a project of the Sephardic Community Alliance.   #SCAMinhagOfTheWeek #scaheritage"
17912871144411376,2026-07-01,CAROUSEL_ALBUM,N/A (not video),False,https://www.instagram.com/p/DaQaId0libU/,[SWIPE 👉👉] Annual Fast of 17 BeTamuz Day of Learning Schedule #SCATorah
18133377967581701,2026-06-30,CAROUSEL_ALBUM,N/A (not video),False,https://www.instagram.com/p/DaOT23MFuzV/,Remembering the brave souls who made the ultimate sacrifice for our nation this month  יהי זכרם ברוך #SCAIsrael #IDFFallenHeroes #StandWithIsrael 🇮🇱
18099551447465863,2026-06-24,IMAGE,N/A (not video),False,https://www.instagram.com/p/DZ-qVWqpBYZ/,Annual Fast of 17 BeTamuz Day of Learning Schedule #SCATorah
18112137997928457,2026-06-17,IMAGE,N/A (not video),False,https://www.instagram.com/p/DZsAtgmJ9NP/,For sponsorship opportunities contact Rabbi Ikey Tawil at (917) 557-1003
18128746582615342,2026-06-16,CAROUSEL_ALBUM,N/A (not video),False,https://www.instagram.com/p/DZqO8LXln3k/,[SWIPE 👉👉] SCA Summer 2026 Boys Learning Program #SCATorah
17920435800166966,2026-06-16,IMAGE,N/A (not video),False,https://www.instagram.com/p/DZpKozUJaOf/,SCA SUMMER 2026 GIRLS’ LEARNING PROGRAM JUNE 29TH — AUGUST 13TH  #SCATorah
18343632997175301,2026-06-15,IMAGE,N/A (not video),False,https://www.instagram.com/p/DZnZ0mvpnwX/,SCA Summer 2026 Women’s Learning Program starts in just two weeks! #SCATorah
17852775840694773,2026-06-10,VIDEO,1187,True,https://www.instagram.com/reel/DZaZVjMJMbh/,"Episode 299: “Introduction to Hinukh HaBayit”   Minhag of the Week is a weekly video series featuring Joey Mosseri, Morris Arking & Joseph Harari who educate our community about its Syrian and Middle Eastern traditions. Minhag of the Week is a project of the Sephardic Community Alliance.   #SCAMinhagOfTheWeek #scaheritageweek"
18442697278143091,2026-06-09,IMAGE,N/A (not video),False,https://www.instagram.com/p/DZXikPlJggL/,"Annual Fast of 17 BeTamuz Day of Learning  Thursday, July 2nd, 2026 Full schedule coming soon #SCATorah"
17876710362609535,2026-06-09,IMAGE,N/A (not video),False,https://www.instagram.com/p/DZWNFNrJLhK/,Mark your calendars for season 9 of #SCAParashaOnThePorch ! #SCATorah
18105696517947762,2026-06-01,CAROUSEL_ALBUM,N/A (not video),False,https://www.instagram.com/p/DZDTFmaFhKs/,"Our community showed up loud and proud to stand with Israel at the annual Israel Day on Fifth, showing our commitment to Medinat Yisrael! 💙 🇮🇱 #SCAIsrael"
18138113773544047,2026-06-01,CAROUSEL_ALBUM,N/A (not video),False,https://www.instagram.com/p/DZC44HIFqiY/,Remembering the brave souls who made the ultimate sacrifice for our nation this month  יהי זכרם ברוך #SCAIsrael #IDFFallenHeroes #StandWithIsrael 🇮🇱
18043147898790237,2026-05-29,VIDEO,4180,False,https://www.instagram.com/reel/DY7NmvHpoaX/,A Message About the Salute to Israel Parade from Rabbi David Tawil 🇮🇱 #SCAIsrael
18363759454225864,2026-05-29,IMAGE,N/A (not video),False,https://www.instagram.com/p/DY7HPjXJ6rf/,Join us THIS SUNDAY for the annual @jcrcny_israeldayonfifth ! #SCAIsrael 🇮🇱
17954090463139373,2026-05-27,VIDEO,930,True,https://www.instagram.com/reel/DY2VS3rp-OV/,"Episode 298: “Reciting Hallel in a House of Mourning”  Minhag of the Week is a weekly video series featuring Joey Mosseri, Morris Arking & Joseph Harari who educate our community about its Syrian and Middle Eastern traditions. Minhag of the Week is a project of the Sephardic Community Alliance.  #SCAMinhagOfTheWeek #SCAHeritage"
17932251669266332,2026-05-20,VIDEO,1010,True,https://www.instagram.com/reel/DYkTrtLp4P9/,"Episode 297: “Tiqun Leil Shabuot”  Minhag of the Week is a weekly video series featuring Joey Mosseri, Morris Arking & Joseph Harari who educate our community about its Syrian and Middle Eastern traditions. Minhag of the Week is a project of the Sephardic Community Alliance.   #SCAMinhagOfTheWeek #SCAHeritage"
18328050118269686,2026-05-15,CAROUSEL_ALBUM,N/A (not video),False,https://www.instagram.com/p/DYXM5uxFk5R/,[SWIPE 👉👉] Sephardic Community Alliance: “59 for 59”  Recommending 59 Israel books to celebrate 59 years since the reunification of Jerusalem on Yom Yerushalayim 2026 🇮🇱 #SCAIsrael
17867938704616939,2026-05-08,IMAGE,N/A (not video),False,https://www.instagram.com/p/DYFIM7nCRgJ/,Wars of Israel Part ✌🏻  To stay updated on future classes of this series with @david_zeit_tours join our new Israel series WhatsApp chat by contacting Gail at (347) 271-2141 🇮🇱 #SCAIsrael
17919253104144389,2026-05-01,CAROUSEL_ALBUM,N/A (not video),False,https://www.instagram.com/p/DXytzz2FsRn/,Remembering the brave souls who made the ultimate sacrifice for our nation this month  יהי זכרם ברוך #SCAIsrael #IDFFallenHeroes #StandWithIsrael 🇮🇱
18093951860335345,2026-04-30,IMAGE,N/A (not video),False,https://www.instagram.com/p/DXxL2v3icH_/,Our series on Israel with @david_zeit_tours continues this Sunday where we’ll be discussing the Wars of Israel (Part 1) 🇮🇱 #SCAIsrael
18076059473222956,2026-04-29,IMAGE,N/A (not video),False,https://www.instagram.com/p/DXujvO8ic9Z/,Ms. Jacqueline Mizrachi is starting a new series this May teaching Psychology in Sefer Vayikra on Wednesdays at Sephardic Synagogue! #SCATorah
17894270436451031,2026-04-29,VIDEO,1028,True,https://www.instagram.com/reel/DXuOc_giZgZ/,"Episode 296: “Pesah Sheni & Ribbi Meir Baal Hanes”  Minhag of the Week is a weekly video series featuring Joey Mosseri, Morris Arking & Joseph Harari who educate our community about its Syrian and Middle Eastern traditions. Minhag of the Week is a project of the Sephardic Community Alliance.   #SCAMinhagOfTheWeek #SCAHeritage"
18060160382447978,2026-04-23,IMAGE,N/A (not video),False,https://www.instagram.com/p/DXeoODkie3k/,We’re partnering with @david_zeit_tours for another incredible series on Israel. This Sunday we’ll be kicking it off by discussing the GEOGRAPHY of Israel 🇮🇱 #SCAIsrael
18098938202049299,2026-04-22,VIDEO,1906,False,https://www.instagram.com/reel/DXcGr9ViVY9/,A Yom Haasmaut message to our community from the front lines! 🇮🇱
17872349574598190,2026-04-20,VIDEO,928,False,https://www.instagram.com/reel/DXW_yNeCbmj/,“Barley and Wheat: A Tale of Two Harvests” by Moey Sutton #SCAIsrael
17991747941954531,2026-04-17,CAROUSEL_ALBUM,N/A (not video),False,https://www.instagram.com/p/DXPP4nJFkc3/,Swipe for details on so many Yom Hazikaron & Yom Haasmaut events! #SCAIsrael
18401743255149683,2026-04-17,IMAGE,N/A (not video),False,https://www.instagram.com/p/DXO9HNLCdeU/,Look out for copies at SCA member affiliate synagogues this Shabbat 👀  . Sponsored in loving memory of Nat Dweck A”H and Esther Salama A”H By The Benun and Dweck Families
18117612508729395,2026-04-14,VIDEO,623,False,https://www.instagram.com/reel/DXHPQJHiYJv/,"A meaningful message for Yom HaShoah, Holocaust Remembrance Day."
18096788408101633,2026-03-31,CAROUSEL_ALBUM,N/A (not video),False,https://www.instagram.com/p/DWjwt8HFmfP/,Remembering the brave souls who made the ultimate sacrifice for our nation  יהי זכרם ברוך #SCAIsrael #IDFFallenHeroes #StandWithIsrael 🇮🇱
18097912801994227,2026-03-26,CAROUSEL_ALBUM,N/A (not video),False,https://www.instagram.com/p/DWWfxHSlsjS/,Remembering the brave souls who made the ultimate sacrifice for our nation  יהי זכרם ברוך #SCAIsrael #IDFFallenHeroes #StandWithIsrael 🇮🇱
18158679958384808,2026-03-25,VIDEO,649,True,https://www.instagram.com/reel/DWUKCJ3kki4/,"Episode 295: “The 1897 Printing of the Haggadah in Aleppo”   Minhag of the Week is a weekly video series featuring Joey Mosseri, Morris Arking & Joseph Harari who educate our community about its Syrian and Middle Eastern traditions. Minhag of the Week is a project of the Sephardic Community Alliance.  #SCAMinhagOfTheWeek #SCAHeritage"
18078016982122144,2026-03-18,VIDEO,942,True,https://www.instagram.com/reel/DWCHvGkiW7k/,"Episode 294: “The 12 Princes of Nissan”  Minhag of the Week is a weekly video series featuring Joey Mosseri, Morris Arking & Joseph Harari who educate our community about its Syrian and Middle Eastern traditions. Minhag of the Week is a project of the Sephardic Community Alliance.   #SCAMinhagOfTheWeek #SCAHeritage"
18153289381442940,2026-03-16,IMAGE,N/A (not video),False,https://www.instagram.com/p/DV9AUbaCW2W/,Weekly Torah Talks with Mrs. Vivien Hidary on Zoom every Tuesday morning! #SCATorah
18071040677217932,2026-03-13,CAROUSEL_ALBUM,N/A (not video),False,https://www.instagram.com/p/DV00xloFk6a/,Remembering the brave souls who made the ultimate sacrifice for our nation  יהי זכרם ברוך #SCAIsrael #IDFFallenHeroes #StandWithIsrael 🇮🇱
18112882486676825,2026-03-12,IMAGE,N/A (not video),False,https://www.instagram.com/p/DVy0Qd5CVAi/,What does it really mean to be free? Let’s explore that question together. Join us for a pre-pesah conversation on “Bound to Be Free” with Rachel Ashkenazi  🗓️ March 18 at 12PM.  📍 The Club at Beth Torah #SCATorah
18071541602536965,2026-03-06,IMAGE,N/A (not video),False,https://www.instagram.com/p/DVjMJwTCTOO/,Tomorrow night at 7:30pm! The culmination of months of learning across our community. Eight synagogues unite for a powerful night celebrating Torah and a Siyum. Pizza • Doughnuts • Candy • Ice Cream Raffles • Prizes • Giveaways You don’t want to miss this!
17866726743590859,2026-03-04,VIDEO,588,True,https://www.instagram.com/reel/DVePJ2GCWRN/,"Episode 293: “Adding Amen After the Blessings After the Haftarah”   Minhag of the Week is a weekly video series featuring Joey Mosseri, Morris Arking & Joseph Harari who educate our community about its Syrian and Middle Eastern traditions. Minhag of the Week is a project of the Sephardic Community Alliance.  #SCAMinhagOfTheWeek #SCAHeritage"
17985527798955324,2026-03-02,VIDEO,1024,False,https://www.instagram.com/reel/DVY3oJrCX95/,“What time is the Megilah?”  See link in bio to access 125+ times and locations!
18097207249788179,2026-03-02,VIDEO,3489,False,https://www.instagram.com/reel/DVYlu0rCTA2/,"“Modern Day Purim: Unity, Courage and Hashem’s Miracles” with Rabbi Richard Tobias"
17877813519484947,2026-03-02,VIDEO,1789,False,https://www.instagram.com/reel/DVXQ12QCQ5l/,“From Amalek to Modern Enemies: The Strikes on Iran During Perashat Zakhor and Purim” by Rabbi Ikey Tawil
17905048776199875,2026-03-02,VIDEO,17062,False,https://www.instagram.com/reel/DVXLWwgCUFJ/,“Who was Ali Khameni” insight by Rabbi Nathan Zaboulani
18127850383543165,2026-02-25,VIDEO,970,True,https://www.instagram.com/reel/DVMJC9xkpZ3/,"Episode 292: “Megillah Readings At Home”  Minhag of the Week is a weekly video series featuring Joey Mosseri, Morris Arking & Joseph Harari who educate our community about its Syrian and Middle Eastern traditions. Minhag of the Week is a project of the Sephardic Community Alliance.   #SCAMinhagOfTheWeek #SCAHeritage"
17963587560018036,2026-02-24,IMAGE,N/A (not video),False,https://www.instagram.com/p/DVKAh8tieS7/,Join Mrs. Michal Tawil’s weekly Zoom class Wednesdays at 12 on “Connecting to God through our Personal Relationships”! #SCATorah
18090593197871045,2026-02-19,IMAGE,N/A (not video),False,https://www.instagram.com/p/DU8awN8gKTk/,"We’re excited to share details on this year’s #SCABridgeTheGap program!  A meaningful day for community students studying in Israel featuring introspective sessions, a night hike, BBQ, and Rikkudim.  🗓 Monday, March 9, 2026 📍 Meetup 3:15 PM at The Inbal Hotel  #SCAYoungAdults .  Sponsored by Toby & Ronny Hersh"
18102378799889186,2026-02-18,VIDEO,725,True,https://www.instagram.com/reel/DU6J5TJCfBf/,"Episode 291: “The Mizmorim for Purim and Fast Days”  Minhag of the Week is a weekly video series featuring Joey Mosseri, Morris Arking & Joseph Harari who educate our community about its Syrian and Middle Eastern traditions. Minhag of the Week is a project of the Sephardic Community Alliance.  #SCAMinhagOfTheWeek #SCAHeritage"
17854703259667298,2026-02-18,IMAGE,N/A (not video),False,https://www.instagram.com/p/DU5n05tgMrg/,"If you’re looking to stay inspired, join our weekly class with Rabbi Besser Wednesdays at 1:00pm @yofhs #SCATorah"
18091155863473649,2026-02-15,IMAGE,N/A (not video),False,https://www.instagram.com/p/DUysXbHCdah/,Join Mrs. Rachel Ashkenazi and take a delve into the beauty of the Mitzvot of Purim. This Wednesday at 12 PM at The Club of Beth Torah. #SCATorah
17979498407809560,2026-02-11,IMAGE,N/A (not video),False,https://www.instagram.com/p/DUof6pUifh7/,Delve into the Perashah Thursdays at 11:00am with Mrs. Alouf #SCATorah
17961133841900856,2026-02-11,VIDEO,1061,True,https://www.instagram.com/reel/DUoEdQdCYt2/,"Episode 290: “Berakhah on M’labas according to Halabi Minhag”  Minhag of the Week is a weekly video series featuring Joey Mosseri, Morris Arking & Joseph Harari who educate our community about its Syrian and Middle Eastern traditions. Minhag of the Week is a project of the Sephardic Community Alliance.  #SCAMinhagOfTheWeek #SCAHeritage"
18161746102413637,2026-02-10,IMAGE,N/A (not video),False,https://www.instagram.com/p/DUlr80qCemv/,"🇮🇱 FREE BIRTHRIGHT ISRAEL TRIP – SUMMER 2026 🇮🇱  June 8–19, 2026 | Ages 18–26 Very limited spots — first come, first serve  ✅ Still eligible if you went on a Birthright volunteer trip ❌ Not eligible if you studied for a full year in Israel  Apply here 👉 www.thesca.com/birthright  Questions: scabirthright@gmail.com  #SCAYoungAdults"
18033218564577798,2026-02-09,IMAGE,N/A (not video),False,https://www.instagram.com/p/DUiwlAMCQuH/,Join Jacqueline Mizrachi as she continues teaching the Psychology of Sefer Shemot on Wednesdays at Sephardic Synagogue! #SCATorah
18200651041330009,2026-02-06,IMAGE,N/A (not video),False,https://www.instagram.com/p/DUbCgMEicE1/,Pause & Reflect: Join us this Sunday afternoon for a brief Torah insight during Halftime with Rabbi Ikey Tawil! #SCATorah
18084894194273403,2026-01-27,IMAGE,N/A (not video),False,https://www.instagram.com/p/DUBC6MpAE74/,"If you’re looking for a FREE trip to Israel- you came to the right page! Dates are out for our next birthright trip and it’s going to be INSANE! First come, first serve- so sign up ASAP if you’re interested in this LIFE CHANGING trip!"
18095653394492252,2026-01-26,VIDEO,1179,False,https://www.instagram.com/reel/DT-qHizgN1v/,"IDF solders singing Hatikva by the body of Ran Gvili HYD, the last hostage 💔 🇮🇱"
17909138721299774,2026-01-21,VIDEO,1067,True,https://www.instagram.com/reel/DTyCU9_idzi/,"Episode 289: “Shobabim Fasts to Ta’anit Dibbur”  Minhag of the Week is a weekly video series featuring Joey Mosseri, Morris Arking & Joseph Harari who educate our community about its Syrian and Middle Eastern traditions. Minhag of the Week is a project of the Sephardic Community Alliance.  #SCAMinhagOfTheWeek #SCAHeritage"
18135152329493061,2026-01-07,VIDEO,1780,True,https://www.instagram.com/reel/DTOC1NtiZdq/,"Episode 288: “The Custom of Aleppo Regarding Halab Yisrael”   Minhag of the Week is a weekly video series featuring Joey Mosseri, Morris Arking & Joseph Harari who educate our community about its Syrian and Middle Eastern traditions. Minhag of the Week is a project of the Sephardic Community Alliance.  #SCAMinhagOfTheWeek #SCAHeritage"
18095148559899162,2025-12-31,VIDEO,1013,True,https://www.instagram.com/reel/DS8ASzHCZ6z/,"Episode 287: “Fasting During Shobabim”   Minhag of the Week is a weekly video series featuring Joey Mosseri, Morris Arking & Joseph Harari who educate our community about its Syrian and Middle Eastern traditions. Minhag of the Week is a project of the Sephardic Community Alliance.  #SCAMinhagOfTheWeek #SCAHeritage"
17868941514511551,2025-12-31,VIDEO,1689,False,https://www.instagram.com/reel/DS7jx9KCWw6/,SCA 2025 Wrapped
18546183049053189,2025-12-22,VIDEO,6059,False,https://www.instagram.com/reel/DSkgVQOiaiD/,“3 lessons about family we learned from our dad”  Marking 12 years since the passing of Rabbi Dr. Ezra Labaton A”H
18087748429960258,2025-12-18,VIDEO,2185,False,https://www.instagram.com/reel/DSaHNW8iUl5/,“Look on the Bright Side” SCA Hanukkah Message by Adele Tawil #SCATorah
18077798332984631,2025-12-17,CAROUSEL_ALBUM,N/A (not video),False,https://www.instagram.com/p/DSYQav5Ft3v/,Welcome Home 💙 🇮🇱   #SCAIsrael
18080381359925875,2025-12-17,VIDEO,1091,True,https://www.instagram.com/reel/DSX3QplCWHR/,"Episode 286: “Customary Hanukkah Lighting Procedure”  Minhag of the Week is a weekly video series featuring Joey Mosseri, Morris Arking & Joseph Harari who educate our community about its Syrian and Middle Eastern traditions. Minhag of the Week is a project of the Sephardic Community Alliance.  #SCAMinhagOfTheWeek #SCAHeritage"
18088838731807317,2025-12-17,VIDEO,1545,False,https://www.instagram.com/reel/DSXhO3zCYBK/,“Delving Into the Mizmor of Hanukkah” SCA Hanukkah Message by Marjorie Salem #SCATorah
17943624444091557,2025-12-16,VIDEO,1935,False,https://www.instagram.com/reel/DSU6-JRiYcA/,“A Holy Candle” SCA Hanukkah Message by Rachelle Tawil #SCATorah
18075544373214981,2025-12-15,VIDEO,1802,False,https://www.instagram.com/reel/DSScBRqCaj6/,“Value Based Decisions” SCA Hanukkah Message by Aaron Shasha #SCATorah
17886664332406664,2025-12-10,VIDEO,985,True,https://www.instagram.com/reel/DSF5_34Cegd/,"Episode 285: “Reciting the Blessing Before or After Lighting Shabbat Candles”  Minhag of the Week is a weekly video series featuring Joey Mosseri, Morris Arking & Joseph Harari who educate our community about its Syrian and Middle Eastern traditions. Minhag of the Week is a project of the Sephardic Community Alliance.  #SCAMinhagOfTheWeek #SCAHeritage"
18107744206622737,2025-11-21,CAROUSEL_ALBUM,N/A (not video),False,https://www.instagram.com/p/DRUdH7BFsyy/,Yesterday @themuseumguyisrael gave us a fascinating tour through the new divine Egypt exhibition at the @metmuseum
18062980169405705,2025-11-19,VIDEO,986,True,https://www.instagram.com/reel/DRP3WjrCd7S/,"Episode 284: “Customs of a Siyum”  Minhag of the Week is a weekly video series featuring Joey Mosseri, Morris Arking & Joseph Harari who educate our community about its Syrian and Middle Eastern traditions. Minhag of the Week is a project of the Sephardic Community Alliance.  #SCAMinhagOfTheWeek #SCAHeritage"
18086019269300008,2025-11-18,IMAGE,N/A (not video),False,https://www.instagram.com/p/DRNKvL0lrej/,"Explore the new Divine Egypt exhibition at the Met with renowned guide Nachliel Selavan — “The Museum Guy”. An immersive, insightful experience you won’t want to miss.  📅 This Thurs, Nov 20 | 12:30–2:30 PM 📍 Metropolitan Museum of Art 📱 RSVP: 646-318-3236"
18087348265984963,2025-11-14,VIDEO,915,False,https://www.instagram.com/reel/DRCoVnyic8s/,"TOMORROW NIGHT! We’re partnering with @thecenterscc to host Former Israeli Prime Minister Naftali Bennett for a talk on “Lessons in Leadership”, moderated by Joey Alan Shamah  🗓️ Saturday night, Nov 15  🎟️ Get tickets at scclive.org/bennett"
18072075884254386,2025-11-12,VIDEO,894,True,https://www.instagram.com/reel/DQ9wh69gNop/,"Episode 283: “Wearing a Talet Qatan”  Minhag of the Week is a weekly video series featuring Joey Mosseri, Morris Arking & Joseph Harari who educate our community about its Syrian and Middle Eastern traditions. Minhag of the Week is a project of the Sephardic Community Alliance.  #SCAMinhagOfTheWeek #SCAHeritage"
17906520939266548,2025-11-11,IMAGE,N/A (not video),False,https://www.instagram.com/p/DQ7B3TLgBQE/,Join Mrs. Michal Tawil’s weekly Zoom class on “Connecting to God through our Personal Relationships”! #SCATorah
18062208095427287,2025-11-10,IMAGE,N/A (not video),False,https://www.instagram.com/p/DQ4XAUoAAY6/,"Explore the new Divine Egypt exhibition at the Met with renowned guide Nachliel Selavan — “The Museum Guy”. An immersive, insightful experience you won’t want to miss.  📅 Thurs, Nov 20 | 12:30–2:30 PM 📍 Metropolitan Museum of Art 📱 RSVP: 646-318-3236"
18111304084601856,2025-11-06,VIDEO,1402,False,https://www.instagram.com/reel/DQuJn3yAPP9/,“Embracing Your Jewish Identity” by Rabbi Albert Setton #SCATorah
18090197248931630,2025-11-06,VIDEO,1085,False,https://www.instagram.com/reel/DQst1EmABVT/,“The Lesson Behind the Rechavim” by Rabbi Nathan Zaboulani #SCATorah
18047081765391979,2025-11-05,VIDEO,889,False,https://www.instagram.com/reel/DQrkWQMgNUG/,“Scorpions in the Torah...What’s it got to do with Heshvan??” by Moey Sutton #SCATorah
17892434490221216,2025-11-03,VIDEO,4603,False,https://www.instagram.com/reel/DQmX1B0gE9R/,"An important message about voting by Rabbi Joey Soffer, Rosh Bet Midrash of Barkai Yeshivah High School"
17931782550102270,2025-10-31,CAROUSEL_ALBUM,N/A (not video),False,https://www.instagram.com/p/DQeb1EegIHZ/,Remembering the brave souls who made the ultimate sacrifice for our nation  יהי זכרם ברוך #SCAIsrael #IDFFallenHeroes #StandWithIsrael 🇮🇱
18405917509190723,2025-10-29,IMAGE,N/A (not video),False,https://www.instagram.com/p/DQZ-yjBEoNu/,Delve into the Psychology of Sefer Beresheet with Jacqueline Mizrachi Wednesdays at 1:15pm at Sephardic Synagogue #SCATorah
18184560868339214,2025-10-29,VIDEO,1085,True,https://www.instagram.com/reel/DQZpxlAgMxG/,"Episode 282: “Tefillin Rabbenu Tam”  Minhag of the Week is a weekly video series featuring Joey Mosseri, Morris Arking & Joseph Harari who educate our community about its Syrian and Middle Eastern traditions. Minhag of the Week is a project of the Sephardic Community Alliance.  #SCAMinhagOfTheWeek #SCAHeritage"
18079704973849739,2025-10-23,CAROUSEL_ALBUM,N/A (not video),False,https://www.instagram.com/p/DQKu7N2AFS-/,Remembering the brave souls who made the ultimate sacrifice for our nation  יהי זכרם ברוך #SCAIsrael #IDFFallenHeroes #StandWithIsrael 🇮🇱
17912116989228870,2025-10-23,IMAGE,N/A (not video),False,https://www.instagram.com/p/DQKJa9SgEhW/,Starting this Monday @rachelashkenazi_ will be giving a weekly class on Mesilat Yesharim #SCATorah
17842176828606102,2025-10-22,VIDEO,1275,True,https://www.instagram.com/reel/DQHkdB3gFns/,"Episode 281: “How to Wear a Talet”   Minhag of the Week is a weekly video series featuring Joey Mosseri, Morris Arking & Joseph Harari who educate our community about its Syrian and Middle Eastern traditions. Minhag of the Week is a project of the Sephardic Community Alliance.  #SCAMinhagOfTheWeek #SCAHeritage"
18085338722297541,2025-10-22,IMAGE,N/A (not video),False,https://www.instagram.com/p/DQHcaMiAAbF/,Tickets are now on sale for Lessons in Leadership with former Prime Minister Naftali Bennett. Don’t miss this special event. Secure tickets today at SCCLive.org/Bennett #SCAYoungAdults
18288296086263756,2025-10-21,IMAGE,N/A (not video),False,https://www.instagram.com/p/DQEvYcGgCQV/,“The Day After” A young adult event with Rabbi Tobias and @perfectpiepizza  #SCAYoungAdults
18053098205308495,2025-10-17,CAROUSEL_ALBUM,N/A (not video),False,https://www.instagram.com/p/DP6Vt1GgBId/,Remembering the brave souls who made the ultimate sacrifice for our nation  יהי זכרם ברוך #SCAIsrael #IDFFallenHeroes #StandWithIsrael 🇮🇱
18302672131264102,2025-10-16,IMAGE,N/A (not video),False,https://www.instagram.com/p/DP4qc2BABqD/,Join us for our weekly Wednesday class with Rabbi Besser @yofhs ! #SCATorah
17982221417867146,2025-10-16,CAROUSEL_ALBUM,N/A (not video),False,https://www.instagram.com/p/DP4fHtggc0E/,We prayed. We advocated. We commemorated. We consoled. We educated. We unified. After more than 740 days we can finally say that all of our live brothers and sisters are home. But we can’t stop until they are ALL home and receive a proper burial. #SCAIsrael @bringhomenow
18094096672826471,2025-10-13,VIDEO,3030,False,https://www.instagram.com/reel/DPwk-61ALst/,“May happiness RAIN down!” 🇮🇱 🌧️ 🎗️… a Shemini Asseret message by Rabbi Richard Tobias celebrating the return of our hostages! #SCATorah
18104180326615084,2025-10-13,VIDEO,2737,False,https://www.instagram.com/reel/DPwPSocAGep/,“Balanced Emotions” 🇮🇱 🎗️… a heartfelt message from Rabbi Ikey Tawil on the rollercoaster of emotions we’re experiencing today #SCATorah
18058738463626997,2025-10-10,VIDEO,4956,False,https://www.instagram.com/reel/DPofgUfgLN7/,Incredible new initiative launching on Simhat Torah! Reach out to Jesse Salem +1 (917) 617-4856 for more details #SCAIsrael
18056104043249006,2025-10-10,CAROUSEL_ALBUM,N/A (not video),False,https://www.instagram.com/p/DPofNVvALgC/,Remembering the brave souls who made the ultimate sacrifice for our nation  יהי זכרם ברוך #SCAIsrael #IDFFallenHeroes #StandWithIsrael 🇮🇱
17849106276567520,2025-09-30,VIDEO,1241,False,https://www.instagram.com/reel/DPPYsQgAfDm/,“How the Nature in Israel Mirrors the Holidays!” by Moey Sutton #SCAIsrael
18168221218371704,2025-09-30,IMAGE,N/A (not video),False,https://www.instagram.com/p/DPOmuo9gNpQ/,"*REGISTRATION CLOSES TOMORROW*  Discover Israel like never before with a free 10-day trip! Explore your heritage, connect with new friends, and experience the beauty of Eres Yisrael. Spots are limited- don’t miss out! #SCAYoungAdults"
18158731630379733,2025-09-29,IMAGE,N/A (not video),False,https://www.instagram.com/p/DPMFmhngGwq/,"Nov 15th, 2025 SAVE THE DATE! Lessons in Leadership with former Prime Minister Naftali Bennett #SCAYoungAdults"
18049137959320228,2025-09-25,CAROUSEL_ALBUM,N/A (not video),False,https://www.instagram.com/p/DPCiMYYEpc-/,Remembering the brave souls who made the ultimate sacrifice for our nation  יהי זכרם ברוך #SCAIsrael #IDFFallenHeroes #StandWithIsrael 🇮🇱
18302949985223470,2025-09-22,VIDEO,4816,False,https://www.instagram.com/reel/DO6RPlYgHwm/,“3 Takeaways from the Simanim” A Rosh Hashana message by Rabbi Joseph Beyda #SCATorah
17856516264523593,2025-09-22,IMAGE,N/A (not video),False,https://www.instagram.com/p/DO59tdUAGXZ/,"Discover Israel like never before with a free 10-day trip! Explore your heritage, connect with new friends, and experience the beauty of Eres Yisrael. Spots are limited- don’t miss out! #SCAYoungAdults"
18062467943369410,2025-09-19,VIDEO,3375,False,https://www.instagram.com/reel/DOyaVzbAK7Y/,“Count me in!” A Rosh Hashana message by Mrs. Rachelle Tawil #SCATorah
18523610842011174,2025-09-18,CAROUSEL_ALBUM,N/A (not video),False,https://www.instagram.com/p/DOwOpifgIVC/,Remembering the brave souls who made the ultimate sacrifice for our nation  יהי זכרם ברוך #SCAIsrael #IDFFallenHeroes #StandWithIsrael 🇮🇱
18106555126570278,2025-09-18,VIDEO,1885,False,https://www.instagram.com/reel/DOv4b4VAMW6/,“What the Simanim REALLY Mean” A Rosh Hashana message by Rabbi Nathan Dweck #SCATorah
18019908425769355,2025-09-17,VIDEO,6225,True,https://www.instagram.com/reel/DOtc6UHgPYs/,"Episode 280: “Eating Nuts on Rosh Hashanah”  Minhag of the Week is a weekly video series featuring Joey Mosseri, Morris Arking & Joseph Harari who educate our community about its Syrian and Middle Eastern traditions. Minhag of the Week is a project of the Sephardic Community Alliance.  #SCAMinhagOfTheWeek #SCAHeritage"
18073984202036388,2025-09-16,IMAGE,N/A (not video),False,https://www.instagram.com/p/DOqfG1rjGvE/,Weekly Torah Talks with Mrs. Vivien Hidary on Zoom every Tuesday morning! #SCATorah
18236027440288920,2025-09-11,VIDEO,3406,False,https://www.instagram.com/reel/DOeZ7vlAUrK/,"Importance of voting by Rabbi Richard Tobias, Head of School Barkai Yeshivah High School"
18175184755353276,2025-09-11,CAROUSEL_ALBUM,N/A (not video),False,https://www.instagram.com/p/DOd5Dc1AEhF/,Remembering the brave souls who made the ultimate sacrifice for our nation  יהי זכרם ברוך #SCAIsrael #IDFFallenHeroes #StandWithIsrael 🇮🇱
18340983913167442,2025-09-10,VIDEO,7085,False,https://www.instagram.com/reel/DOb6UEdAG9c/,"“Voting is Appreciating Berakha” by Rabbi Joseph Beyda, Head of School, Yeshivah of Flatbush Joel Braverman High School"
18135856510440206,2025-09-10,IMAGE,N/A (not video),False,https://www.instagram.com/p/DObi6kSAFXu/,Join Mrs. Ilana Alouf’s Perasha class on Zoom every Thursday! #SCATorah
18066471725195501,2025-09-09,CAROUSEL_ALBUM,N/A (not video),False,https://www.instagram.com/p/DOYieYygBbg/,Welcome Home 💙 🇮🇱   #SCAIsrael
18089350090826720,2025-09-08,VIDEO,2436,False,https://www.instagram.com/reel/DOWSt2JgAg0/,Rabbi Ikey Tawil on the importance of registering to vote!
17996274182670660,2025-09-04,CAROUSEL_ALBUM,N/A (not video),False,https://www.instagram.com/p/DOLyCVqgDbQ/,Remembering the brave souls who made the ultimate sacrifice for our nation  יהי זכרם ברוך #SCAIsrael #IDFFallenHeroes #StandWithIsrael 🇮🇱
17974444961770102,2025-09-03,CAROUSEL_ALBUM,N/A (not video),False,https://www.instagram.com/p/DOJ8evMgJyb/,What 👏 A 👏 Summer!  Recapping some of the amazing highlights from the summer ☀️ 📚 📸
17997701513663393,2025-08-28,CAROUSEL_ALBUM,N/A (not video),False,https://www.instagram.com/p/DN5ptk1gE6z/,Welcome Home 💙 🇮🇱   #SCAIsrael
18179903590338673,2025-08-27,VIDEO,2490,False,https://www.instagram.com/reel/DN3OL_nwCBZ/,"On Tish’a BeAb Ella Mor, aunt of former hostage Abigail Edan (kidnapped at age 4!), spoke to our community about post traumatic GROWTH @ella_homeopathy"
18074384435048761,2025-08-26,IMAGE,N/A (not video),False,https://www.instagram.com/p/DN0yfqmwP4m/,See link in bio to register to vote!
17994318494826589,2025-08-21,CAROUSEL_ALBUM,N/A (not video),False,https://www.instagram.com/p/DNoRF07hIE3/,Welcome Home 💙 🇮🇱   #SCAIsrael
18107672290552475,2025-08-21,VIDEO,3042,False,https://www.instagram.com/reel/DNn3sXAtr2X/,"Ella Mor, aunt of former hostage Abigail Edan (age 4), spoke to our community on Tish’a BeAb about how lucky she was to reunite with her niece after 51 days of captivity. When Abigail came home, Ella chose to double down on her advocacy efforts and dedicate her life to fighting antisemitism. @ella_homeopathy"
18077339572784792,2025-08-18,CAROUSEL_ALBUM,N/A (not video),False,https://www.instagram.com/p/DNf6-SPts8S/,"Last week we partnered with @thehabura , @sephardicbrotherhood , @americansephardifed and @orthodoxunion for the inaugural Sephardic Rabbinic Conference, which brought together over 50 distinguished rabbis and communal leaders from across North America, and six other countries for two days of dialogue, vision, and collaboration at the Orthodox Union headquarters in Downtown Manhattan.   Several rabbis and educators from our community were in attendance, serving as panelists and thought-leaders t"
18076278482491334,2025-08-15,CAROUSEL_ALBUM,N/A (not video),False,https://www.instagram.com/p/DNYsZispjQM/,"Last night we held our annual siyum, celebrating another amazing summer full of torah learning! The night included  speeches, dinner, Dibre Torah and of course our famous raffles! Thank you to all of our amazing teachers who took part in our learning program this summer and a special shoutout to Rabbi Ikey Tawil & Mr. Elliott Betesh for spearheading the program #SCATorah  .  Dibre Torah and Classes dedicated to the speedy Refuah Shelema of Hayim Ben Miriam"
18053718695166460,2025-08-13,IMAGE,N/A (not video),False,https://www.instagram.com/p/DNS7KaJAzHT/,"Mondays book discussion with @chayesarah was 🔥 🔥 🔥   A group of women, led by Rachel Ashkenazi, discussed how to be resilient drawing from the book “On Fire” and seeing it through the lens of the Torah"
17914489323168780,2025-08-12,VIDEO,3608,False,https://www.instagram.com/reel/DNQcV_XNr42/,Mourning. Learning. Uniting. Scenes from Rabbi Dr. Ezra Labaton A”H Tish’a BeAb Day of Learning 2025 #SCATorah
18351817480090988,2025-08-11,IMAGE,N/A (not video),False,https://www.instagram.com/p/DNOXq5oJrRg/,Annual Siyum to celebrate another amazing summer full of Torah is this Thursday night! #SCATorah
17976309569909173,2025-08-11,IMAGE,N/A (not video),False,https://www.instagram.com/p/DNN3Ur6NV8s/,For the final  #SCAParashaOnThePorch of the season Mrs. Vivien Hidary delivered an incredible class. Thank you to Serene Azar for hosting this week and to all those who hosted classes throughout the summer! #SCATorah
18107532511537553,2025-08-06,VIDEO,5069,False,https://www.instagram.com/reel/DNB4oIIJlqI/,SCA Tribute to Rabbi Dr. Raymond Harari A”H by Mrs. Vicky Harari
17933470785070918,2025-08-06,CAROUSEL_ALBUM,N/A (not video),False,https://www.instagram.com/p/DNBiXzHpOVV/,Join us for Minha and a Message this Shabbat with Rabbi Soffer ! #SCAYoungAdults
18073675907063161,2025-08-06,IMAGE,N/A (not video),False,https://www.instagram.com/p/DNBTR6ggp2V/,On Fire: Burned but not Broken- What We Can Learn From John O’Leary Book Discussion with @chayesarah
18087501856794203,2025-08-05,CAROUSEL_ALBUM,N/A (not video),False,https://www.instagram.com/p/DM_GiFhpmtP/,"Last week we partnered with @chabadshore, @thecenterscc and @dsnbeach for a powerful night of resiliency, hope, tragedy and advocacy. 850+ attendees heard from Jon & Rachel Goldberg-Polin about their son Hersh, who was murdered by Hamas last summer after being taken hostage for 330 days. @bring.hersh.home @kralerphotography"
18087811738751558,2025-08-04,CAROUSEL_ALBUM,N/A (not video),False,https://www.instagram.com/p/DM8r3UepNmj/,Great #SCAParashaOnThePorch class by @rabbidweck this past Thursday. Thank you to Frieda Franco for hosting! Swipe for details on this week’s class with Mrs. Vivien Hidary- the final one of the season! #SCATorah
18062233586209732,2025-08-04,CAROUSEL_ALBUM,N/A (not video),False,https://www.instagram.com/p/DM8L2-BuZ-Y/,(Post 3 of 3) Mourning. Learning. Uniting. Pics from Rabbi Dr. Ezra Labaton A”H Tish’a BeAb Day of Learning 2025 #SCATorah
18420445687096433,2025-08-04,CAROUSEL_ALBUM,N/A (not video),False,https://www.instagram.com/p/DM8LJ3Vuzl-/,(Post 2 of 3) Mourning. Learning. Uniting. Pics from Rabbi Dr. Ezra Labaton A”H Tish’a BeAb Day of Learning 2025 #SCATorah
18060380723203150,2025-08-04,CAROUSEL_ALBUM,N/A (not video),False,https://www.instagram.com/p/DM8KxkYukcr/,(Post 1 of 3) Mourning. Learning. Uniting. Pics from Rabbi Dr. Ezra Labaton A”H Tish’a BeAb Day of Learning 2025 #SCATorah
17977876307897712,2025-08-03,VIDEO,7434,False,https://www.instagram.com/reel/DM6NVrMpAUL/,"This Tish’a BeAb thousands of community members took part in a special tribute to Rabbi Dr. Raymond Harari A”H led by Mrs. Vicky Harari, R.N., M.S. #SCATorah"
17856315975472882,2025-08-03,IMAGE,N/A (not video),False,https://www.instagram.com/p/DM4Ar8LNe7N/,Rabbi Dr. Ezra Labaton A”H Tish’a BeAb Day of Learning 2025 Schedule #SCATorah
18047851850253132,2025-08-01,VIDEO,3771,False,https://www.instagram.com/reel/DM0kvC9pPep/,Join us this Sunday at 5:00pm to hear from @ella_homeopathy as part of our annual Dr. Ezra Labaton A”H Tish’a BeAb Day of Learning. #SCATorah
18096771835548868,2025-08-01,CAROUSEL_ALBUM,N/A (not video),False,https://www.instagram.com/p/DM0andku0uX/,Swipe 👉🏻👉🏻for some highlights from our #SCATorah Summer Learning Program these past few weeks!
17919506238112085,2025-08-01,CAROUSEL_ALBUM,N/A (not video),False,https://www.instagram.com/p/DM0IoDyOc_g/,Remembering the brave souls who made the ultimate sacrifice for our nation  יהי זכרם ברוך #SCAIsrael #IDFFallenHeroes #StandWithIsrael 🇮🇱
17930686568962679,2025-07-31,CAROUSEL_ALBUM,N/A (not video),False,https://www.instagram.com/p/DMxtQ20gD10/,Join us for Minha and a Message this Shabbat with @rabbidweck ! #SCAYoungAdults
17852787330457159,2025-07-30,IMAGE,N/A (not video),False,https://www.instagram.com/p/DMv1nFZJD0i/,Rabbi Dr. Ezra Labaton A”H Tish’a BeAb Day of Learning 2025 Schedule #SCATorah
18046607660631979,2025-07-30,VIDEO,1110,True,https://www.instagram.com/reel/DMvR6c8AGn1/,"Episode 279: “Birkat Kohanim in Shahrit on Tish’a BeAb”  Minhag of the Week is a weekly video series featuring Joey Mosseri, Morris Arking & Joseph Harari who educate our community about its Syrian and Middle Eastern traditions. Minhag of the Week is a project of the Sephardic Community Alliance.  #SCAMinhagOfTheWeek #SCAHeritage"
18053693789435885,2025-07-29,IMAGE,N/A (not video),False,https://www.instagram.com/p/DMtEXQ2ppWD/,"Mrs. Vicky Harari R.N.,M.S. will be delivering a special tribute to Rabbi Dr. Raymond Harari A”H this Sunday as part of our annual Rabbi Dr. Ezra Labaton A”H Tish’a BeAb Day of Learning. Full schedule coming soon #SCATorah"
17872678401400331,2025-07-29,IMAGE,N/A (not video),False,https://www.instagram.com/p/DMsyULXJDXy/,"Bound by Loss: Stories of Love, Grief and Unbreakable Strength - Miriam and Zahava will be sharing their stories this Sunday afternoon as part of our annual Rabbi Dr. Ezra Labaton A”H Tish’a BeAb Day of Learning. Full schedule coming soon #SCATorah"
18051302696186223,2025-07-28,IMAGE,N/A (not video),False,https://www.instagram.com/p/DMqsBntpkuK/,Join us this Sunday afternoon to hear from @ella_homeopathy as part of our annual Dr. Ezra Labaton A”H Tish’a BeAb Day of Learning. Full schedule coming soon  #SCATorah
17968097228926034,2025-07-28,CAROUSEL_ALBUM,N/A (not video),False,https://www.instagram.com/p/DMqaTGUp3gY/,Amazing #SCAParashaOnThePorch class by Rabbi Soffer this past Thursday. Thank you to Jennifer Cabasso for hosting! Swipe for details on this week’s class with @rabbidweck #SCATorah
18525084712013322,2025-07-24,CAROUSEL_ALBUM,N/A (not video),False,https://www.instagram.com/p/DMgaXdsp7bg/,Remembering the brave souls who made the ultimate sacrifice for our nation  יהי זכרם ברוך #SCAIsrael #IDFFallenHeroes #StandWithIsrael 🇮🇱
18091266349637426,2025-07-23,VIDEO,1084,True,https://www.instagram.com/reel/DMdP0M7uvxI/,"Episode 278: “Hakham Matloub Abadi’s Responsum on the Prayers for the 9th of Ab- Part 3”  Minhag of the Week is a weekly video series featuring Joey Mosseri, Morris Arking & Joseph Harari who educate our community about its Syrian and Middle Eastern traditions. Minhag of the Week is a project of the Sephardic Community Alliance.  #SCAMinhagOfTheWeek #SCAHeritage"
17863765713430306,2025-07-23,IMAGE,N/A (not video),False,https://www.instagram.com/p/DMc9tpisnxs/,Rabbi Dr. Ezra Labaton A”H Tish’a BeAb Day of Learning #SCATorah
17979487913894817,2025-07-22,IMAGE,N/A (not video),False,https://www.instagram.com/p/DMbJvZQya8Q/,Good Grief  How to pay respects and explore issues of grief.
18350991457090718,2025-07-22,IMAGE,N/A (not video),False,https://www.instagram.com/p/DMap6pFs1da/,Join us at our Jewish Short Story Club!
18086840926811578,2025-07-21,VIDEO,1308,False,https://www.instagram.com/reel/DMYkrospR8i/,“Ḥavot Ya’ir - Crossover Identity and a Moving Frontier” by Moey Sutton #SCAIsrael
17885942931322763,2025-07-21,CAROUSEL_ALBUM,N/A (not video),False,https://www.instagram.com/p/DMX_A37u7LT/,Some photos from Rabbi Tobias’s #SCAParashaOnThePorch this past Thursday hosted by Erika Romano! Swipe for details on this week’s class with Rabbi Soffer #SCATorah
18136293259421299,2025-07-17,CAROUSEL_ALBUM,N/A (not video),False,https://www.instagram.com/p/DMOTo5ApY5Y/,Remembering the brave souls who made the ultimate sacrifice for our nation  יהי זכרם ברוך #SCAIsrael #IDFFallenHeroes #StandWithIsrael 🇮🇱
18016107869561334,2025-07-17,CAROUSEL_ALBUM,N/A (not video),False,https://www.instagram.com/p/DMNlaO5AG3T/,Join us for Minha and a Message this Shabbat with Rabbi Beyda! #SCAYoungAdults
18099282946601522,2025-07-16,CAROUSEL_ALBUM,N/A (not video),False,https://www.instagram.com/p/DMLxSGdJG-j/,Some shots from our Joe & Trina Cayre SCA Summer 2025 Boy’s Learning Program! #SCATorah
18388678117189692,2025-07-16,IMAGE,N/A (not video),False,https://www.instagram.com/p/DMLQuSFA8Tl/,Good Grief  How to pay respects and explore issues of grief.
17997835736646265,2025-07-14,CAROUSEL_ALBUM,N/A (not video),False,https://www.instagram.com/p/DMGDrFRgMTF/,"Scenes from our annual 17th BeTamuz day of learning yesterday, in partnership with @tanachstudy and Ohel Yishak of Allenhurst! Classes will be uploaded to virtualmidrash.com shortly #SCATorah   .  Thank you to our sponsors:  Florence & Jack Dweck, Leiluy Nishmat Ezra Ben Rachel Raquel & Joey Franco  Lillian & Eli Haddad Toby & Ronny Hersh Helene & Alan Shamah"
18081032461855808,2025-07-14,CAROUSEL_ALBUM,N/A (not video),False,https://www.instagram.com/p/DMFv1TIg9ZZ/,"Some photos from Rabbi Harari’s #SCAParashaOnThePorch this past Thursday, where over 70 women attended, hosted by Beatrice Sutton! Swipe for details on this week’s class with Rabbi Tobias #SCATorah"
18105202384552034,2025-07-13,CAROUSEL_ALBUM,N/A (not video),False,https://www.instagram.com/p/DMB3hLbMUNQ/,"Join us tomorrow, 17 BeTamuz, for classes all day at Ohel Yishak of Allenhurst. Swipe 👉🏻👉🏻 for class topics #SCATorah"
18053652191592883,2025-07-11,IMAGE,N/A (not video),False,https://www.instagram.com/p/DL-HIlLs2S3/,We’re excited to host Rabbi Rimon this weekend as a scholar in residence! #SCATorah
17848754265509976,2025-07-10,CAROUSEL_ALBUM,N/A (not video),False,https://www.instagram.com/p/DL8M5K9yrQi/,Remembering the brave souls who made the ultimate sacrifice for our nation  יהי זכרם ברוך #SCAIsrael #IDFFallenHeroes #StandWithIsrael 🇮🇱
17910418053173682,2025-07-10,IMAGE,N/A (not video),False,https://www.instagram.com/p/DL77gJhxxRc/,A Parent’s Cry  A Nation’s Call  The Unstoppable Power of a Mother & Father’s love.  An evening with Jon & Rachel Goldberg-Polin See link in bio to RSVP
18121767901461988,2025-07-10,CAROUSEL_ALBUM,N/A (not video),False,https://www.instagram.com/p/DL7qWjjM2z0/,Last Friday a group of young adults went to visit police officers and firefighters to deliver doughnuts and show their appreciation to them through our CommUNITY Hesed initiative. Swipe for details on this week’s Hesed tomorrow! #SCAYoungAdults
18522157702020296,2025-07-10,IMAGE,N/A (not video),False,https://www.instagram.com/p/DL7aDImAXzO/,We’re excited to host Rabbi Eldar this Shabbat as a scholar in residence! #SCATorah
18167838553353114,2025-07-09,IMAGE,N/A (not video),False,https://www.instagram.com/p/DL5aYQKpZcM/,Fast of 17 BeTamuz Day of Learning - Join us this Sunday  #SCATorah
17915765034136452,2025-07-09,CAROUSEL_ALBUM,N/A (not video),False,https://www.instagram.com/p/DL5GLAogZ39/,Scenes from our Joe & Trina Cayre SCA Summer 2025 Women’s Learning Program! #SCATorah
17863775187426210,2025-07-09,CAROUSEL_ALBUM,N/A (not video),False,https://www.instagram.com/p/DL42sXUAROX/,Join us for Minha and a Message this Shabbat with Rabbi Tawil! #SCAYoungAdults
18076914346921334,2025-07-07,CAROUSEL_ALBUM,N/A (not video),False,https://www.instagram.com/p/DLzzNtrgR03/,"Some photos from Rabbi Tawil’s #SCAParashaOnThePorch this past Thursday, hosted by Irene Hanan! Swipe for details on this week’s class with Rabbi Harari (and note 12 o’clock start time this week!) #SCATorah"
18369897448176850,2025-07-03,CAROUSEL_ALBUM,N/A (not video),False,https://www.instagram.com/p/DLqNFwrJ9VW/,Remembering the brave souls who made the ultimate sacrifice for our nation  יהי זכרם ברוך #SCAIsrael #IDFFallenHeroes #StandWithIsrael 🇮🇱
17917267302107632,2025-07-02,IMAGE,N/A (not video),False,https://www.instagram.com/p/DLn7jtAJwaT/,We’re excited to launch our second summer of commUNITY Hesed this Friday! #SCAYoungAdults
18064654436139480,2025-07-02,CAROUSEL_ALBUM,N/A (not video),False,https://www.instagram.com/p/DLneWFXAMlk/,Join us for Minha and a Message this Shabbat with Rabbi Richard Tobias! #SCAYoungAdults
17972944988749505,2025-07-02,VIDEO,1381,True,https://www.instagram.com/reel/DLnLlEkA7nD/,"Episode 277: “Blowing a Shofar at Funerals”  Minhag of the Week is a weekly video series featuring Joey Mosseri, Morris Arking & Joseph Harari who educate our community about its Syrian and Middle Eastern traditions. Minhag of the Week is a project of the Sephardic Community Alliance.  #SCAMinhagOfTheWeek #SCAHeritage"
18066827807513973,2025-07-01,IMAGE,N/A (not video),False,https://www.instagram.com/p/DLkyu8RpuAd/,A Parent’s Cry  A Nation’s Call  The Unstoppable Power of a Mother & Father’s love.  An evening with Jon & Rachel Goldberg-Polin
18098308345573597,2025-06-30,CAROUSEL_ALBUM,N/A (not video),False,https://www.instagram.com/p/DLiIt4hAjGH/,Season 8 of #SCAParashaOnThePorch begins this week with Rabbi Tawil! #SCATorah
18058500302520276,2025-06-30,VIDEO,1883,False,https://www.instagram.com/reel/DLhvLnnAeq3/,“Israel’s First Aerial Bombardment Campaign...Over 3200 Years Ago” by Moey Sutton #SCAIsrael
18098233222602955,2025-06-27,CAROUSEL_ALBUM,N/A (not video),False,https://www.instagram.com/p/DLZ-vcRAJMc/,Remembering the brave souls who made the ultimate sacrifice for our nation  יהי זכרם ברוך #SCAIsrael #IDFFallenHeroes #StandWithIsrael 🇮🇱
18048800231170818,2025-06-26,IMAGE,N/A (not video),False,https://www.instagram.com/p/DLYTUbaJUb8/,"Fast of 17 BeTamuz Day of Learning  Sunday July 13th, 2025  Full schedule coming soon #SCATorah"
18071779201995509,2025-06-26,IMAGE,N/A (not video),False,https://www.instagram.com/p/DLYFEXpJdDs/,Minha and a Message 2025 Sponsored in honor of Rachel Novick #SCAYoungAdults
18052312925602281,2025-06-26,IMAGE,N/A (not video),False,https://www.instagram.com/p/DLX2BfkpYJP/,Starting this Monday at Ohel Yishak of Allenhurst!
18056547980338230,2025-06-26,CAROUSEL_ALBUM,N/A (not video),False,https://www.instagram.com/p/DLXf3kDgwEc/,[SWIPE 👉👉] Our Joe & Trina Cayre SCA Summer 2025 Boys Learning Program starts Monday night! #SCATorah
18167241484355325,2025-06-25,IMAGE,N/A (not video),False,https://www.instagram.com/p/DLVpcgzp5HR/,Our Joe & Trina Cayre SCA Summer 2025 Girls’ Learning Program @hathaway_safrasynagogue starts next week! #SCATorah
18120317344464964,2025-06-25,IMAGE,N/A (not video),False,https://www.instagram.com/p/DLVbgfSpHht/,Our Joe & Trina Cayre SCA Summer 2025 Women’s Learning Program starts next week! #SCATorah
18065831573112864,2025-06-25,VIDEO,1051,True,https://www.instagram.com/reel/DLVKREaAJM5/,"Episode 276: “The Verses that are Recited When Putting on a Talet”  Minhag of the Week is a weekly video series featuring Joey Mosseri, Morris Arking & Joseph Harari who educate our community about its Syrian and Middle Eastern traditions. Minhag of the Week is a project of the Sephardic Community Alliance.  #SCAMinhagOfTheWeek #SCAHeritage"
18511870177010503,2025-06-24,IMAGE,N/A (not video),False,https://www.instagram.com/p/DLSjIV9gIcD/,Mark your calendars for season 8 of #SCAParashaOnThePorch ! #SCATorah
18066650474026179,2025-06-23,IMAGE,N/A (not video),False,https://www.instagram.com/p/DLQK6kWJQvp/,Make your voice heard! 📢
18057970076010645,2025-06-20,VIDEO,4826,False,https://www.instagram.com/reel/DLH62xCgOli/,The Land is Very Very Good!  ״טובה הארץ מאוד מאוד״!  A powerful message from SCA board member Jesse Salem #SCAIsrael 🦁 🇮🇱 🙏🏼
18080360137885827,2025-06-19,CAROUSEL_ALBUM,N/A (not video),False,https://www.instagram.com/p/DLFvXRpgUTi/,Remembering the brave souls who made the ultimate sacrifice for our nation  יהי זכרם ברוך #SCAIsrael #IDFFallenHeroes #StandWithIsrael 🇮🇱
17991087431811117,2025-06-18,CAROUSEL_ALBUM,N/A (not video),False,https://www.instagram.com/p/DLDFrkwgNEX/,[SWIPE 👉👉] Join us at any one of our 50 weekly boys classes taking place @hathaway_safrasynagogue this summer as part of our Joe & Trina Cayre SCA Summer 2025 Learning Program! #SCATorah
17911732791151486,2025-06-17,CAROUSEL_ALBUM,N/A (not video),False,https://www.instagram.com/p/DLBFg2TJnXq/,"Since the start of Operation Rising Lions, we’ve been in constant communication with both participants and parents of our Birthright trip—ensuring everyone is safe, informed, and supported every step of the way.  What happened last night reminded us that even in uncertain times, we can still show up for others in powerful ways.  We were originally scheduled to host a BBQ for soldiers on a base in the south. Of course now, due to security concerns, we couldn’t go. But this was never about us—it w"
18373452967133027,2025-06-13,VIDEO,11445,False,https://www.instagram.com/reel/DK2nhA4pKVm/,Rising Lions going into Shabbat! A powerful message from SCA board member Jesse Salem #SCAIsrael 🦁 🇮🇱 🙏🏼
18070171768970391,2025-06-12,CAROUSEL_ALBUM,N/A (not video),False,https://www.instagram.com/p/DK0KAPZJB8t/,Remembering the brave souls who made the ultimate sacrifice for our nation  יהי זכרם ברוך #SCAIsrael #IDFFallenHeroes #StandWithIsrael 🇮🇱
18006124250603813,2025-06-12,CAROUSEL_ALBUM,N/A (not video),False,https://www.instagram.com/p/DKzqCGLAbKH/,"The third day of our birthright trip was packed with fun activities and meaningful moments!   We started the day off with a delicious breakfast at the hotel. Before beginning our first activity of the day, we picked up a group of Israeli soldiers who are joining us for the trip! The soldiers are all so friendly and we can’t wait to get to know them all better. ‘  With the Israelis in tow, we made our way to our first activity: rafting on the Jordan River! It was so fun splashing each other and t"
18101236633554221,2025-06-12,IMAGE,N/A (not video),False,https://www.instagram.com/p/DKzVL3YAaz-/,Check out our Joe & Trina Cayre SCA Summer 2025 Learning Program Girls’ Schedule! #SCATorah
17887965996162833,2025-06-11,CAROUSEL_ALBUM,N/A (not video),False,https://www.instagram.com/p/DKw77rlghLC/,"Second day of the SCA Birthright trip was amazing!   We started off with a yummy breakfast at the hotel, then headed on the bus to Safed! Ido, our amazing tour guide, began the drive with our Israeli slang of the day, שי המהרבו. This phrase is an abbreviation of the words מה רבו מעשיך ה׳, which directly translates to “How great are Your works, HaShem.” This shows our great appreciation for the amazing sights that HaShem opens our eyes to everyday! We related to this phrase as we traveled around "
18105887920526168,2025-06-10,IMAGE,N/A (not video),False,https://www.instagram.com/p/DKvG7A0Jq93/,We’re excited to release our Joe & Trina Cayre SCA Summer 2025 Learning Program Women’s Schedule! #SCATorah
18073015045746245,2025-06-09,CAROUSEL_ALBUM,N/A (not video),False,https://www.instagram.com/p/DKsU43tJ1rL/,"Our trip is off to a super strong start! We woke up on day one to a delicious Israeli-style breakfast, and had the chance to do some icebreakers with our fellow trip members to get to know each other a little better. Then we headed to זכרון יעקב to learn about Israel’s history and its early beginnings and advocators, including the history of the Aronson family and wealthy Rothschild family. We learned about the hardships they went through in order to provide the simplest resource to their commun"
18054944741340502,2025-06-05,CAROUSEL_ALBUM,N/A (not video),False,https://www.instagram.com/p/DKiOVgsp6Xr/,Remembering the brave souls who made the ultimate sacrifice for our nation  יהי זכרם ברוך #SCAIsrael #IDFFallenHeroes #StandWithIsrael 🇮🇱
17900490183191498,2025-05-28,VIDEO,1337,True,https://www.instagram.com/reel/DKNFP2_NZfd/,"Episode 275: “Shabuot: Forgotten Customs”  Minhag of the Week is a weekly video series featuring Joey Mosseri, Morris Arking & Joseph Harari who educate our community about its Syrian and Middle Eastern traditions. Minhag of the Week is a project of the Sephardic Community Alliance.  #SCAMinhagOfTheWeek #SCAHeritage"
18068515781479691,2025-05-26,VIDEO,2448,False,https://www.instagram.com/reel/DKHyqlXNK24/,Yom Yerushalayim Message🇮🇱 #SCAIsrael
17968105946884701,2025-05-23,CAROUSEL_ALBUM,N/A (not video),False,https://www.instagram.com/p/DJ_-e-MunpM/,See link in bio to listen to the full versions of these incredible testimonials! #SCAIsrael #YomYerushalayim
17981540711832604,2025-05-22,CAROUSEL_ALBUM,N/A (not video),False,https://www.instagram.com/p/DJ9uYI2pYHH/,Remembering the brave souls who made the ultimate sacrifice for our nation  יהי זכרם ברוך #SCAIsrael #IDFFallenHeroes #StandWithIsrael 🇮🇱
18040064669534477,2025-05-21,IMAGE,N/A (not video),False,https://www.instagram.com/p/DJ7nCM1pRwN/,In honor of Yom Yerushalayim we’re partnering with @tanachstudy and Berit Shalom in hosting Rabbi Dr. Jonathan Grossman this Shabbat afternoon in West Allenhurst! #SCATorah
18075959674884566,2025-05-21,IMAGE,N/A (not video),False,https://www.instagram.com/p/DJ7cJ3NpG_9/,Join the team!
17885217222274495,2025-05-21,IMAGE,N/A (not video),False,https://www.instagram.com/p/DJ6uYxcOzhm/,Mabrook Senator Sam Sutton!
18081205630704408,2025-05-21,IMAGE,N/A (not video),False,https://www.instagram.com/p/DJ5v4CJth_O/,"This Friday at 4 PM! Don’t miss out on the chance to hear from @eli_beer , founder and president of @unitedhatzalahofisrael !"
18031375472391983,2025-05-20,CAROUSEL_ALBUM,N/A (not video),False,https://www.instagram.com/p/DJ4n-8hJX4y/,7 books about Israel that you MUST read this summer! #SCAIsrael
18042364310532495,2025-05-19,CAROUSEL_ALBUM,N/A (not video),False,https://www.instagram.com/p/DJ2ZBFzJnQc/,Incredible turnout from our community yesterday at the annual Israel Day on Fifth Parade! #SCAIsrael
18064927076094723,2025-05-12,IMAGE,N/A (not video),False,https://www.instagram.com/p/DJjkb85OUsJ/,We’re partnering with @lejends_minyan this Lag LaOmer for an epic pizza party from @perfectpiepizza ! #SCAYoungAdults
18079350127808803,2025-05-09,CAROUSEL_ALBUM,N/A (not video),False,https://www.instagram.com/p/DJcO8pAJlHj/,Remembering the brave souls who made the ultimate sacrifice for our nation  יהי זכרם ברוך #SCAIsrael #IDFFallenHeroes #StandWithIsrael 🇮🇱
18066031132988814,2025-05-08,CAROUSEL_ALBUM,N/A (not video),False,https://www.instagram.com/p/DJaHN5NNHE5/,"And that’s a wrap on the final day of #ChaiOnLife! The day kicked off with dancing in Gan Sacher alongside SY Olim @syisraelhome followed by a delicious brunch. From there, the group rolled up their sleeves for a @bohemianbalabusta cooking experience, preparing meals for soldiers’ families. The evening ended on a deeply emotional note with a powerful dinner shared with Sasha @troufanov_family — a rescued hostage who spent 498 days in captivity — and his girlfriend Sapir, who was also taken hosta"
17948405237980788,2025-05-08,IMAGE,N/A (not video),False,https://www.instagram.com/p/DJZZi6ANRWm/,Join us for a two part series with Rabbi Joey Soffer!
17856633276371023,2025-05-07,CAROUSEL_ALBUM,N/A (not video),False,https://www.instagram.com/p/DJXwEfsK852/,"Day 4 of #ChaiOnLife began with a refreshing morning at Sachne Springs, where the trip joined wives of miluim soldiers for games and swimming. In a powerful and unexpected moment, they crossed paths with @dintesler —a Nova Festival survivor. Din was on security duty during the attack and survived by hiding in a cactus for nine hours. His close friend, Bar Kupershtein, was kidnapped and remains in captivity. That evening, they shared a fun dinner and cocktail workshop at Tipsey Cafe with more inc"
18306657097232959,2025-05-06,CAROUSEL_ALBUM,N/A (not video),False,https://www.instagram.com/p/DJVGLses1hZ/,"Day 3 of #DoubleChai started bright and early with a sunrise hike with the family of Yosef Guedalia - a solider who fell in Gaza. After lunch and a creative mosaic session with Michal Lubanov - the wife of Alex Lubonov @remember.alex.lobanov who was one of the six hostages killed at end of August 2024 - the group made their way to Tel Aviv for some relaxing time on the beach. They ended the day with a meaningful dinner at Regina Tel Aviv, joined by October 7th former hostage- Luis Har and his fa"
18031124495653404,2025-05-05,CAROUSEL_ALBUM,N/A (not video),False,https://www.instagram.com/p/DJSWB6JtKTV/,"Only day one of the Double Chai Trip and these incredible women are already leaving a powerful mark. The morning began with breakfast and uplifting dancing alongside a group of widows, each of whom lost their husbands in the war. From there, they visited Kever Rachel with Elana Mizrachi, adding a meaningful spiritual moment to the day. The journey continued at the home of Joanna—a widow whose husband was killed in Lebanon—where they completely transformed her space. From new furniture to a deep "
18068342536964117,2025-05-05,CAROUSEL_ALBUM,N/A (not video),False,https://www.instagram.com/p/DJQFVnPK2jr/,"Chai on Life has landed in Israel! Just like last year, a group of incredible women, led by Shirley Catton, arrived in Israel with a shared mission: to make a meaningful difference. Upon landing, they visited the Kotel, followed by dinner at Brunch Cafe with Chef Zissie. There, they heard a powerful and heartbreaking story from Ella Mor. On October 7th, her three-year-old niece was taken hostage. Her nieces and nephews witnessed their parents’ murder and hid in a closet for 14 agonizing hours. E"
18141604141385150,2025-05-02,CAROUSEL_ALBUM,N/A (not video),False,https://www.instagram.com/p/DJJ-ePcJmrV/,Remembering the brave souls who made the ultimate sacrifice for our nation  יהי זכרם ברוך #SCAIsrael #IDFFallenHeroes #StandWithIsrael 🇮🇱
18507708919028134,2025-05-01,VIDEO,1561,False,https://www.instagram.com/reel/DJIOWSUMMgJ/,Rabbi David Tawil’s message for Yom Haasmaut🇮🇱 #SCAIsrael
18048541805581846,2025-05-01,VIDEO,2581,False,https://www.instagram.com/reel/DJHQVa1uSrg/,Standing Proudly with Israel. Always #SCAIsrael
18070802524926183,2025-04-29,CAROUSEL_ALBUM,N/A (not video),False,https://www.instagram.com/p/DJCyTPtpccI/,Swipe for details on so many Yom Hazikaron & Yom Haasmaut events! #SCAIsrael
18043839203611972,2025-04-25,CAROUSEL_ALBUM,N/A (not video),False,https://www.instagram.com/p/DI3_IBguT_w/,Remembering the brave souls who made the ultimate sacrifice for our nation  יהי זכרם ברוך #SCAIsrael #IDFFallenHeroes #StandWithIsrael 🇮🇱
18061163612023851,2025-04-22,CAROUSEL_ALBUM,N/A (not video),False,https://www.instagram.com/p/DIwu1ffJaVW/,#NeverForget
17976899543833036,2025-04-10,VIDEO,1715,False,https://www.instagram.com/reel/DIR3UkTpZ39/,“A Pesah Story About Rav Haim Sabato” SCA Pesah Message from Rabbi Nathan Zaboulani #SCATorah
18052358462229138,2025-04-08,VIDEO,4472,False,https://www.instagram.com/reel/DIM2-UQpgla/,“Unlocking Your Potential” SCA Pesah Message from Mrs. Vivien Hidary  #SCATorah
18122741482435375,2025-04-07,VIDEO,2110,False,https://www.instagram.com/reel/DIJ89IbpSHt/,“True Freedom” SCA Pesah Message from Mrs. Danielle Hazan #SCATorah
18042378050526768,2025-04-02,VIDEO,1917,True,https://www.instagram.com/reel/DH87SnupiYP/,"Episode 274: “Eating Legumes and Rice on Pesah”  Minhag of the Week is a weekly video series featuring Joey Mosseri, Morris Arking & Joseph Harari who educate our community about its Syrian and Middle Eastern traditions. Minhag of the Week is a project of the Sephardic Community Alliance.  #SCAMinhagOfTheWeek #SCAHeritage"
18062172109965777,2025-03-31,VIDEO,1283,False,https://www.instagram.com/reel/DH4RNS_pw3p/,“Rosh Hodesh on Mt. Sartaba” by @moeysutton #SCAIsrael
18043797044113171,2025-03-27,IMAGE,N/A (not video),False,https://www.instagram.com/p/DHtse9OpZ73/,"Join us for an evening of hope, inspiration & support commemorating one year since the miraculous rescue of former hostage to hear from Luis Har! @dsnbeach @dealdsn @chabadshore"
18086708413608044,2025-03-26,VIDEO,4385,False,https://www.instagram.com/reel/DHqlvAtuzko/,"What an unforgettable night! Collaborating with @thecenterscc , we had the honor of hosting Douglas Murray at the center, where @jeffbeyda , SCA past president & current member of SCA Board of Trustees sat down with him for an incredible hour-long conversation about his unwavering activism and dedication to standing up for Israel. The room was packed with hundreds of passionate community members- and the energy was nothing short of amazing!  As a token of our gratitude, we proudly presented Doug"
18042532718136414,2025-03-21,IMAGE,N/A (not video),False,https://www.instagram.com/p/DHdzw65uS41/,We’re excited to announce that thanks to @tanachstudy - Rabbi Alex Israel in town this weekend!
18062917348955770,2025-03-13,IMAGE,N/A (not video),False,https://www.instagram.com/p/DHJRVVmxGJX/,Congratulations to SCA president Mr. Ricky Novick on being honored earlier this week by @thecenterscc for his years of dedication and commitment to our community!
18037949534205695,2025-03-12,VIDEO,1055,False,https://www.instagram.com/reel/DHHPHaoJK-S/,“What time is the Megilah?”  See link in bio to access 125+ times and locations!
17859901437380747,2025-03-11,CAROUSEL_ALBUM,N/A (not video),False,https://www.instagram.com/p/DHEToqnpFMm/,"(Post 2 of 2) After the sessions we had a night hike in Masada led by Srouli Jacobson followed by BBQ under the stars, rikkudim and a Q&A panel. The panel featured a volunteer of @unitedhatzalahofisrael and an IDF solder who taught what true heroism means and how it feels to save lives every day. #SCAYoungAdults #SCABridgetheGap  .  SCA Bridge the Gap is sponsored by Toby & Ronny Hersh"
18019201862691917,2025-03-11,CAROUSEL_ALBUM,N/A (not video),False,https://www.instagram.com/p/DHERFVlJ_gG/,"(Post 1 of 2) 60 community young adults in Israel who are in their gap year- across 10+ schools- participated in #SCABridgetheGap 2025! It started off with sessions led by Adele Chabot-Tawil (@adele_chabot_tours) on maintaining their newfound values and identity when they return from Israel. They then had breakout sessions to further the discussion which were spearheaded by Adele Tawil, Isaac Dweck, Ezra & Alicia Dweck, Victoria & Teddy Berman and representatives from the schools. #SCAYoungAdult"
18064163305760674,2025-03-07,IMAGE,N/A (not video),False,https://www.instagram.com/p/DG54zYQg9u2/,On Wednesday night we’re partnering @yof_themidrash_af for a Purim night of learning! #SCAYoungAdults
17978175692819778,2025-03-06,CAROUSEL_ALBUM,N/A (not video),False,https://www.instagram.com/p/DG39rd0JbtN/,"Last night, we heard from Captain Michal Tawil, an IDF casualty officer, who shared powerful stories about her role—one that has become even more critical since October 7th. She is the one who delivers the devastating news to families of fallen soldiers and, from that moment, becomes part of their world—guiding them through the funeral, Shib’ah, and the first steps of grief. With love and compassion, she stands by their side, bringing light to the darkest moments. Thank you to Shirley & Sam Catt"
18059237560856119,2025-03-06,CAROUSEL_ALBUM,N/A (not video),False,https://www.instagram.com/p/DG3Hr2DpJBr/,[SWIPE 👉 ] Let’s talk about Birthright #SCAYoungAdults #StandWithIsrael #AmYisraelHai #mayanotisrael #birthrightisrael 🇮🇱
18381695704112725,2025-03-05,VIDEO,1274,True,https://www.instagram.com/reel/DG04g6xJr5h/,"Episode 273: “On What Hebrew Date Was Purim Observed in Halab”  Minhag of the Week is a weekly video series featuring Joey Mosseri, Morris Arking & Joseph Harari who educate our community about its Syrian and Middle Eastern traditions. Minhag of the Week is a project of the Sephardic Community Alliance.  #SCAMinhagOfTheWeek #SCAHeritage"
17927859534009672,2025-03-03,IMAGE,N/A (not video),False,https://www.instagram.com/p/DGvqOdepztk/,SCA is partnering with @barkaihs and @barkaiyeshivahpta for a purim class this Thursday with Rabbi Soffer!
17980581977670051,2025-03-02,CAROUSEL_ALBUM,N/A (not video),False,https://www.instagram.com/p/DGrWm0GJWCr/,It’s not too late to join our “Guardians of Israel: Mission 10/7” campaign to DIRECTLY SUPPORT IDF soldiers in need of life saving gear! SWIPE to learn more about how it works! #SCAIsrael
18083398477547628,2025-02-27,IMAGE,N/A (not video),False,https://www.instagram.com/p/DGlsV_SpyqF/,We’re very excited for this year’s #SCABridgeTheGap day in Israel for community studying in Israel! #SCAYoungAdults  .  Sponsored by Toby & Ronny Hersh
18052405349273291,2025-02-26,IMAGE,N/A (not video),False,https://www.instagram.com/p/DGifiDAujEc/,We invite you to a roundtable discussion with the heroic hayalim and learn about the incredible work that Nevut does!
18057014654094470,2025-02-24,CAROUSEL_ALBUM,N/A (not video),False,https://www.instagram.com/p/DGeFI8RpYpv/,"Last week we arranged for Professor Gil Troy, a member of SCA advisory board on campus antisemitism, to speak to students at four high schools. .  About Professor Gil Troy: A distinguished scholar in North American History at McGill University currently living in Jerusalem, Gil Troy is an award-winning American presidential historian and a leading Zionist activist. He is the author of “To Resist the Academic Intifada: Letters to My Students on Defending the Zionist Dream.” Troy also published “T"
18039056885579932,2025-02-20,VIDEO,11453,False,https://www.instagram.com/reel/DGTXpE8J0HO/,"A message from SCA Board Member Jesse Salem about Shiri, Ariel, Kfir & Oded - the four hostages murdered by Hamas whose bodies were returned to Israel earlier today."
18157312243343715,2025-02-18,CAROUSEL_ALBUM,N/A (not video),False,https://www.instagram.com/p/DGOfnQHJCYr/,We’re excited to share the new podcast that Haviv Rettig Gur just launched. Swipe for some pictures of him speaking to us at Ohel Yishak of Allenhurst this past summer when we hosted for our “What’s Next For Israel?” event #SCAIsrael
18035786531573838,2025-02-18,IMAGE,N/A (not video),False,https://www.instagram.com/p/DGN48hhODS0/,Sephardic Heritage Night @thecenterscc
17894186169172808,2025-02-17,IMAGE,N/A (not video),False,https://www.instagram.com/p/DGLW7pHu3zS/,"bearing loss, birthing life  Join us for an eye-opening discussion with Captain Michal Tawil, an IDF Casualty Officer, on supporting the families of fallen soldiers as they navigate the uncharted terrain of grief and loss."
18058762238051184,2025-02-16,IMAGE,N/A (not video),False,https://www.instagram.com/p/DGIwAEAOOKT/,"Yep- ANOTHER SCA Birthright Trip! This trip will focus on volunteer opportunities, helping rebuild our homeland. And the best part about it is that even if you’ve been on a Birthright trip before, you can still attend this one! Email SCABirthright@gmail.com to reserve your spot! #SCAYoungAdults #StandWithIsrael #AmYisraelHai #mayanotisrael #birthrightisrael 🇮🇱"
17899273233130719,2025-02-09,VIDEO,6536,False,https://www.instagram.com/reel/DF3BZrppeVn/,An important message about Super Bowl Sunday from Rabbi Richard Tobias 🏈
17906880227999800,2025-02-07,IMAGE,N/A (not video),False,https://www.instagram.com/p/DFxnPGIxdCj/,Join our “Torah & Ethics” Class series - starting this Monday! #SCAYoungAdults
17856792837307689,2025-02-06,IMAGE,N/A (not video),False,https://www.instagram.com/p/DFv7D4qps_w/,Join us next week for a tasty Young Adult Tu Bishbat Class with Rabbi Tawil! #SCAYoungAdults 🥧 🍋‍🟩 🍊🌰
17894727510156385,2025-02-06,CAROUSEL_ALBUM,N/A (not video),False,https://www.instagram.com/p/DFvza49yHPa/,Remembering the brave souls who made the ultimate sacrifice for our nation  יהי זכרם ברוך #SCAIsrael #IDFFallenHeroes #StandWithIsrael 🇮🇱
18443282206077094,2025-02-05,VIDEO,1223,True,https://www.instagram.com/reel/DFsySBLpcTJ/,"Episode 272: “How to Wrap the Talet”  Minhag of the Week is a weekly video series featuring Joey Mosseri, Morris Arking & Joseph Harari who educate our community about its Syrian and Middle Eastern traditions. Minhag of the Week is a project of the Sephardic Community Alliance.  #SCAMinhagOfTheWeek #SCAHeritage"
18054601871102440,2025-02-04,CAROUSEL_ALBUM,N/A (not video),False,https://www.instagram.com/p/DFqCv2bpnlu/,Welcome to the team!
18008421494511656,2025-01-30,CAROUSEL_ALBUM,N/A (not video),False,https://www.instagram.com/p/DFd6W9Pphh2/,Remembering the brave souls who made the ultimate sacrifice for our nation  יהי זכרם ברוך #SCAIsrael #IDFFallenHeroes #StandWithIsrael 🇮🇱
17850686424349454,2025-01-29,VIDEO,897,True,https://www.instagram.com/reel/DFawy02pwzN/,"Episode 271: “VeAbraham Zaqen”  Minhag of the Week is a weekly video series featuring Joey Mosseri, Morris Arking & Joseph Harari who educate our community about its Syrian and Middle Eastern traditions. Minhag of the Week is a project of the Sephardic Community Alliance.  #SCAMinhagOfTheWeek #SCAHeritage"
18056623892486198,2025-01-28,IMAGE,N/A (not video),False,https://www.instagram.com/p/DFYDZaXpeGt/,"Surviving Through Miracles 💫 Join us for an unforgettable evening with Yaniv Ben Haim, Oct 7th Nova survivor"
18076219795649709,2025-01-27,IMAGE,N/A (not video),False,https://www.instagram.com/p/DFWHtIKJlkM/,"Reminder that registration closes THIS THURSDAY NIGHT!  There are only a handful of spots left on this awesome trip to Israel that were partnering with @birthrightisrael and @mayanotisrael on…so if you want to join us, don’t wait until it’s too late- See link in bio to sign up! #SCAYoungAdults #StandWithIsrael #AmYisraelHai #mayanotisrael #birthrightisrael 🇮🇱"
18046344838997490,2025-01-23,CAROUSEL_ALBUM,N/A (not video),False,https://www.instagram.com/p/DFL1roGpz66/,Remembering the brave souls who made the ultimate sacrifice for our nation  יהי זכרם ברוך #SCAIsrael #IDFFallenHeroes #StandWithIsrael 🇮🇱
17850680718386645,2025-01-20,VIDEO,4604,False,https://www.instagram.com/reel/DFDnYawpPaX/,In this video @ikey.dweck recaps the recent SCA Young Adult Trip to Israel in partnership with @mayanotisrael & @birthrightisrael … deadline to sign up for our next trip is in just 🔟 days- see link in bio to register before it’s too late! #SCAYoungAdults #StandWithIsrael #AmYisraelHai #mayanotisrael #birthrightisrael 🇮🇱
18012864497690062,2025-01-18,VIDEO,7948,False,https://www.instagram.com/reel/DE-_eoep4Dq/,Susie Cohen recaps the recent SCA Young Adult Trip to Israel in partnership with @mayanotisrael & @birthrightisrael … deadline to sign up for our next trip is Jan 30th- see link in bio to register before it’s too late! #SCAYoungAdults #StandWithIsrael #AmYisraelHai #mayanotisrael #birthrightisrael 🇮🇱
18051483104036396,2025-01-17,CAROUSEL_ALBUM,N/A (not video),False,https://www.instagram.com/p/DE7gUlBJJ3O/,Remembering the brave souls who made the ultimate sacrifice for our nation  יהי זכרם ברוך #SCAIsrael #IDFFallenHeroes #StandWithIsrael 🇮🇱
18088806031545347,2025-01-16,IMAGE,N/A (not video),False,https://www.instagram.com/p/DE5inOdSiLv/,"Yes, you read that correctly! We’re partnering with @birthrightisrael and @mayanotisrael for another epic trip to Israel this June! Oh and did we mention that it’s FREE of CHARGE?! See link in bio to sign up before it’s too late! #SCAYoungAdults #StandWithIsrael #AmYisraelHai #mayanotisrael #birthrightisrael 🇮🇱"
18084616030560008,2025-01-09,CAROUSEL_ALBUM,N/A (not video),False,https://www.instagram.com/p/DEnbDzBpr8K/,Remembering the brave souls who made the ultimate sacrifice for our nation  יהי זכרם ברוך #SCAIsrael #IDFFallenHeroes #StandWithIsrael 🇮🇱
18017171831648673,2025-01-08,VIDEO,905,True,https://www.instagram.com/reel/DEkugNIpxPJ/,"Episode 270: “Sheba Berakhot: Part 2”  Minhag of the Week is a weekly video series featuring Joey Mosseri, Morris Arking & Joseph Harari who educate our community about its Syrian and Middle Eastern traditions. Minhag of the Week is a project of the Sephardic Community Alliance.  #SCAMinhagOfTheWeek #SCAHeritage"
18053911658508582,2025-01-06,VIDEO,3905,False,https://www.instagram.com/reel/DEfNhlOpIeu/,Freddie Grinberg recapping the SCA Young Adult Trip to Israel in partnership with @mayanotisrael & @birthrightisrael … stay tuned on details for next trip coming soon 👀 #SCAYoungAdults #StandWithIsrael #AmYisraelHai #mayanotisrael #birthrightisrael 🇮🇱
18059508406901928,2025-01-02,CAROUSEL_ALBUM,N/A (not video),False,https://www.instagram.com/p/DEVzldoJYg7/,"That’s a wrap! On the final two days of our Young Adult Trip to Israel in partnership with @mayanotisrael & @birthrightisrael we learned about Israeli Coexistence- engaging with Israel’s population, we visited injured soldiers at Tel Hashomer Hospital, had a “GuruZuzu” dance off competition and said our final goodbyes. This trip was truly a life changing experience- we hope to come back soon!!! #SCAYoungAdults #StandWithIsrael #AmYisraelHai #mayanotisrael #birthrightisrael 🇮🇱"
18114044830442394,2025-01-02,VIDEO,1502,False,https://www.instagram.com/reel/DEVQSAspSp3/,Dibre Torah from Rabbi Harold Sutton about Rabbi Dr. Ezra Labaton A”H
18020983208370062,2025-01-02,CAROUSEL_ALBUM,N/A (not video),False,https://www.instagram.com/p/DEVBJsKJvpH/,Remembering the brave souls who made the ultimate sacrifice for our nation  יהי זכרם ברוך #SCAIsrael #IDFFallenHeroes #StandWithIsrael 🇮🇱
18064419457837318,2025-01-02,VIDEO,3330,False,https://www.instagram.com/reel/DEUs3G-JG90/,"A meaningful message from Dr. Sara Labaton, commemorating 11 years since the passing of her father, Rabbi Dr. Ezra Labaton A”H."
17891242122116888,2025-01-01,VIDEO,2251,False,https://www.instagram.com/reel/DES4vLhJQwe/,“Anything is Possible“ A Hanukkah Message by @mijalbitton #SCATorah
18055529965815264,2025-01-01,VIDEO,1130,True,https://www.instagram.com/reel/DESslAjJaky/,"Episode 269: “Tefilin in Minhah of a Fast Day on Friday: Part 2”  Minhag of the Week is a weekly video series featuring Joey Mosseri, Morris Arking & Joseph Harari who educate our community about its Syrian and Middle Eastern traditions. Minhag of the Week is a project of the Sephardic Community Alliance.  #SCAMinhagOfTheWeek #SCAHeritage"
18045162575469901,2024-12-31,CAROUSEL_ALBUM,N/A (not video),False,https://www.instagram.com/p/DEQn7YspAKN/,"Day 8 of our Young Adult Trip to Israel in partnership with @mayanotisrael & @birthrightisrael started with a difficult, yet important experience. We went to the Nova Festival, the site that so many were injured, tortured, murdered and taken hostage on October 7th, 2023. We then went to Salad Trail where we we picked strawberries and learnt about the devastating effects of the war on this area. At night we had a BBQ and a dance party with IDF soldiers on their base, thanking them for all the ama"
18068837521776414,2024-12-31,VIDEO,3548,False,https://www.instagram.com/reel/DEPze8CODEQ/,SCA Wrapped 2024! Looking back at some of the amazing events and programs from this past year. Stay tuned to see what SCA 2025 has in store 👀
18032067854435981,2024-12-30,VIDEO,2190,False,https://www.instagram.com/reel/DENpItJpOZy/,“The Well of Asfar: The lowest point in Jewish history“ A Hanukkah Message by @themuseumguyisrael #SCATorah
17859292527262872,2024-12-30,CAROUSEL_ALBUM,N/A (not video),False,https://www.instagram.com/p/DENdmMupJCK/,"After an uplifting Shabbat together in Yerushalayim we spent Sunday touring visiting the Mayanot Institute of Jewish Studies, exploring the Kotel Tunnels, having lunch in the old city and learning how to use @standwithus resources when combatting antisemitism on college campuses. On Monday we visited @yadvashem , The Kfar Etzion Visitors Center, The Lone Oak Tree Site, got VIP entry to the Knesset and ended the day with a meaningful session preparing us for tomorrow’s Gaza Border Tour #SCAYoungA"
18151849828342308,2024-12-30,IMAGE,N/A (not video),False,https://www.instagram.com/p/DENK-7iJi1p/,"Join us as we remember the life of a true hero, Sgt. Major Sammy (Shmuel) Harari HY”D"
17933110394967342,2024-12-29,VIDEO,3438,False,https://www.instagram.com/reel/DEK25DFpxZS/,Hanukkah message from SCA board member Jesse Salem- בימים ההם בזמן הזה #SCATorah
18037820162090386,2024-12-27,CAROUSEL_ALBUM,N/A (not video),False,https://www.instagram.com/p/DEFo9zVJEQ1/,"Masada, Dead Sea, Bedouin Style Dinner, Har Herzl, The Shuk, Tour of the old City… packing in so much! Shabbat Shalom from Israel! #SCAYoungAdults  #StandWithIsrael #AmYisraelHai 🇮🇱"
17875756890233793,2024-12-26,CAROUSEL_ALBUM,N/A (not video),False,https://www.instagram.com/p/DEDoM-GyFZ6/,Remembering the brave souls who made the ultimate sacrifice for our nation  יהי זכרם ברוך #SCAIsrael #IDFFallenHeroes #StandWithIsrael 🇮🇱
18473403493052070,2024-12-26,CAROUSEL_ALBUM,N/A (not video),False,https://www.instagram.com/p/DEDTU4JpghA/,"Good morning from Israel ☀️ ! Our young adults trip in partnership with @mayanotisrael & @birthrightisrael is having so much fun hiking in the south, playing water sports and exploring Eilat!  #SCAYoungAdults #StandWithIsrael #AmYisraelHai"
18130292425386028,2024-12-24,IMAGE,N/A (not video),False,https://www.instagram.com/p/DD-or36phg0/,Landed! Earlier today we arrived in Israel to kick off our amazing TEN DAY trip to Israel in partnership with @mayanotisrael & @birthrightisrael … so much more content to come- stay tuned!! #SCAYoungAdults #StandWithIsrael #AmYisraelHai
18020218316344999,2024-12-24,CAROUSEL_ALBUM,N/A (not video),False,https://www.instagram.com/p/DD9sgzGpEO5/,"In preparation for Hanukkah we toured the @metmuseum with @themuseumguyisrael , exploring artifacts and archeological discoveries that gave the story of Hannukah a whole new meaning!"
17858030355336731,2024-12-23,IMAGE,N/A (not video),False,https://www.instagram.com/p/DD71U0eSkD9/,Great turnout at our young adults class with Rabbi Soffer - Unpacking Hanukkah! Special shoutout to Frieda Catton for hosting and serving those delicious donuts 🍩 and cozy hot cocoa ☕️ #SCAYoungAdults
17999213018549349,2024-12-20,IMAGE,N/A (not video),False,https://www.instagram.com/p/DDzjMDSp8jm/,Still a few spots left for our special Hanukkah tour at @metmuseum with @themuseumguyisrael on Monday!
18026747003542282,2024-12-19,CAROUSEL_ALBUM,N/A (not video),False,https://www.instagram.com/p/DDxbwROpu48/,Remembering the brave souls who made the ultimate sacrifice for our nation  יהי זכרם ברוך #SCAIsrael #IDFFallenHeroes #StandWithIsrael 🇮🇱
18053209627988030,2024-12-19,IMAGE,N/A (not video),False,https://www.instagram.com/p/DDxB9qwpai1/,See link in bio for a playlist of our Hanukkah classes! #scatorah
18065330587748615,2024-12-18,IMAGE,N/A (not video),False,https://www.instagram.com/p/DDvG1xIJDMa/,Unpacking Hanukkah: The Untold Story 🍩 ☕️   #SCAYoungAdults
18038566364339059,2024-12-18,VIDEO,917,True,https://www.instagram.com/reel/DDunJNgJrpc/,"Episode 268: “The Mizmor for Hanukkah During Shahrit”  Minhag of the Week is a weekly video series featuring Joey Mosseri, Morris Arking & Joseph Harari who educate our community about its Syrian and Middle Eastern traditions. Minhag of the Week is a project of the Sephardic Community Alliance.  #SCAMinhagOfTheWeek #SCAHeritage"
18062891791836038,2024-12-17,IMAGE,N/A (not video),False,https://www.instagram.com/p/DDsDdfVJOff/,Join us next week for a special Hanukkah tour at @metmuseum with @themuseumguyisrael !
18066717820739930,2024-12-16,IMAGE,N/A (not video),False,https://www.instagram.com/p/DDpGntUpuiZ/,Lunch and Learn Monthly Class for Women with @yof_themidrash_af ! #SCATorah
17899986891094767,2024-12-12,CAROUSEL_ALBUM,N/A (not video),False,https://www.instagram.com/p/DDfjHwgJjD5/,Remembering the brave souls who made the ultimate sacrifice for our nation  יהי זכרם ברוך #SCAIsrael #IDFFallenHeroes #StandWithIsrael 🇮🇱
17877389214211864,2024-12-12,IMAGE,N/A (not video),False,https://www.instagram.com/p/DDewbeVubMf/,Unpacking Hanukkah: The Untold Story 🍩 ☕️   #SCAYoungAdults
18480206539002850,2024-12-11,VIDEO,1324,True,https://www.instagram.com/reel/DDc3KbypNjE/,"Episode 267: “Sheba Berakhot Tutorial”  Minhag of the Week is a weekly video series featuring Joey Mosseri, Morris Arking & Joseph Harari who educate our community about its Syrian and Middle Eastern traditions. Minhag of the Week is a project of the Sephardic Community Alliance.  #SCAMinhagOfTheWeek #SCAHeritage"
18001651484705174,2024-12-05,CAROUSEL_ALBUM,N/A (not video),False,https://www.instagram.com/p/DDNWX2ESGOI/,Remembering the brave souls who made the ultimate sacrifice for our nation  יהי זכרם ברוך #SCAIsrael #IDFFallenHeroes #StandWithIsrael 🇮🇱
17913934890019116,2024-11-27,CAROUSEL_ALBUM,N/A (not video),False,https://www.instagram.com/p/DC5GQrPJ0zc/,Remembering the brave souls who made the ultimate sacrifice for our nation  יהי זכרם ברוך #SCAIsrael #IDFFallenHeroes #StandWithIsrael 🇮🇱
18041941934181858,2024-11-27,VIDEO,1095,True,https://www.instagram.com/reel/DC4g-s3JHLX/,"Episode 266: “Answering Naqdishakh”  Minhag of the Week is a weekly video series featuring Joey Mosseri, Morris Arking & Joseph Harari who educate our community about its Syrian and Middle Eastern traditions. Minhag of the Week is a project of the Sephardic Community Alliance.  #SCAMinhagOfTheWeek #SCAHeritage"
18064770373688332,2024-11-21,CAROUSEL_ALBUM,N/A (not video),False,https://www.instagram.com/p/DCpNhpoJcRr/,Remembering the brave souls who made the ultimate sacrifice for our nation  יהי זכרם ברוך #SCAIsrael #IDFFallenHeroes #StandWithIsrael 🇮🇱
18065422780689260,2024-11-20,CAROUSEL_ALBUM,N/A (not video),False,https://www.instagram.com/p/DCmxEV-yoGE/,Last night we heard from Danny Danon and Yossi Dagan on how the future of Jerusalem and Israel’s security depends so much on the West Bank. They gave an engaging talk about what it means to stand up for the land of Israel! Thank you to Theda & Ray Tawil for graciously opening up their home. #SCAIsrael
18049613885302047,2024-11-20,VIDEO,1243,True,https://www.instagram.com/reel/DCmg-MJp-PW/,"Episode 265: “The Week Following a Wedding: Yehi Shem, Special Meals & Panim Hadashot”  Minhag of the Week is a weekly video series featuring Joey Mosseri, Morris Arking & Joseph Harari who educate our community about its Syrian and Middle Eastern traditions. Minhag of the Week is a project of the Sephardic Community Alliance.  #SCAMinhagOfTheWeek #SCAHeritage"
18054369499762113,2024-11-18,CAROUSEL_ALBUM,N/A (not video),False,https://www.instagram.com/p/DChuFOyyJNS/,We’re excited to launch our newest initiative “Guardians of Israel: Mission 10/7” where to can DIRECTLY SUPPORT IDF soldiers in need of life saving gear! SWIPE 👉👉 to learn more about how it works and see link in bio to sign up! #SCAIsrael
18024168359614374,2024-11-16,VIDEO,5854,False,https://www.instagram.com/reel/DCcz9F9Jp_A/,Join us on Tuesday night to hear from Danny Danon & Yossi Dagan! #SCAIsrael
18000921425695884,2024-11-14,CAROUSEL_ALBUM,N/A (not video),False,https://www.instagram.com/p/DCXCjJIJRvU/,Remembering the brave souls who made the ultimate sacrifice for our nation  יהי זכרם ברוך #SCAIsrael #IDFFallenHeroes #StandWithIsrael 🇮🇱
18279294037245177,2024-11-12,IMAGE,N/A (not video),False,https://www.instagram.com/p/DCR40J_JCTh/,We’re honored to have the opportunity to hear from @danny.danon and Yossi Dagan next week about the importance of Yehuda & Shomron! #SCAIsrael
18035849264056495,2024-11-07,IMAGE,N/A (not video),False,https://www.instagram.com/p/DCFefSkSxbk/,Abot U’banim Be’Yahad starts this weekend!
17878340346181315,2024-11-07,CAROUSEL_ALBUM,N/A (not video),False,https://www.instagram.com/p/DCE9HqIJrYg/,Remembering the brave souls who made the ultimate sacrifice for our nation  יהי זכרם ברוך #SCAIsrael #IDFFallenHeroes #StandWithIsrael 🇮🇱
17946803927864730,2024-11-06,IMAGE,N/A (not video),False,https://www.instagram.com/p/DCCu6RMywl_/,Looking forward to great things!
18282251914168136,2024-11-06,IMAGE,N/A (not video),False,https://www.instagram.com/p/DCCjZSGJNgF/,Join @barkaihs for their high school open house!
17905576346965425,2024-11-06,IMAGE,N/A (not video),False,https://www.instagram.com/p/DCCYM-aJO5k/,Join @welovemdyhs for their high school open house!
18014977271374437,2024-11-05,IMAGE,N/A (not video),False,https://www.instagram.com/p/DB_mLS7Jqen/,Join @yofhs for their high school open house!
18432813076073289,2024-11-04,IMAGE,N/A (not video),False,https://www.instagram.com/p/DB9RjHupbDo/,Join @hillelyeshiva for their high school open house!
17912963747930504,2024-11-04,IMAGE,N/A (not video),False,https://www.instagram.com/p/DB9H42kJlSe/,Today marks 11 years since we lost Hakham Obadiah Yosef
17873964852126857,2024-10-31,CAROUSEL_ALBUM,N/A (not video),False,https://www.instagram.com/p/DBy6z9vJUX9/,Remembering the brave souls who made the ultimate sacrifice  for our nation  יהי זכרם ברוך #SCAIsrael #IDFFallenHeroes #StandWithIsrael 🇮🇱
18025356806207214,2024-10-30,CAROUSEL_ALBUM,N/A (not video),False,https://www.instagram.com/p/DBwiUtdpTio/,"It is with tremendous sadness and a heavy heart that the Sephardic Community Alliance shares with you the passing of Rabbi Dr. Raymond Harari Z”L, הרב רחמים בן שושנה  Rabbi Dr. Raymond Harari, has been involved with the SCA since its inception. As someone who embodies the values that the SCA was founded on, he has not only been a teacher in our learning program over the years but has been a guiding light.   Our thoughts and prayers go out to his family members at this difficult time.   תנוחמו מן"
18065358499727227,2024-10-29,IMAGE,N/A (not video),False,https://www.instagram.com/p/DBtzbrCJaT8/,"🚨 FINAL CALL TO SIGN UP FOR A *FREE* TRIP TO ISRAEL 🚨   Applications close TONIGHT (Oct 29th, 2024) at 11:59pm   Join SCA and Birthright this December (12/23/24 - 1/3/25) for a life-changing experience in Israel! 🇮🇱✨  Now more than ever, it’s crucial to connect with our homeland. This FREE 10-day trip will let you explore, stand with the IDF, and deepen your appreciation of Israel.  Ages 18-22 (Eligibility: Haven’t studied in Israel for gap year)   See the link in our bio to secure your spot bef"
17914014107918694,2024-10-27,CAROUSEL_ALBUM,N/A (not video),False,https://www.instagram.com/p/DBm9Rg3puiY/,"Tonight, we honor our heroic community member Sammy (Shmuel) Harari ז”ל, who died defending the State and people of Israel in Southern Lebanon. Sammy, son of Jacob and Colette, served as a commander in the Carmeli Brigade.   We stand united in mourning with his family—his brothers Abie and JoJo, his sister Stefanie Cohen, his wife Anna and their three children —during this difficult time.   תנחמו מן השמים  Shibah details:  📍 Asher 22, Jerusalem  🗓 Until Saturday, November 2, 2024  🕰 Visiting hou"
17849598636282802,2024-10-23,VIDEO,1102,False,https://www.instagram.com/reel/DBeqU4NSnW9/,"As we approach Simhat Torah, Rabbi David Tawil of @larchwood_shul reflects on the mixed emotions we carry with us, one year after the barbaric attacks of October 7th. While we prepare to celebrate, we also remember the pain and loss endured by our people. Yet, through it all, our unity has only grown stronger. This Simhat Torah, we come together as one, embracing both the joy of the Hag and the strength we draw from standing together as a united community.  #SCAIsrael #SimhatTorah #UnityAndStren"
17938188821919953,2024-10-23,VIDEO,1465,False,https://www.instagram.com/reel/DBeqAyqSCyo/,"As we mark the Hebrew anniversary of October 7th this Simhat Torah, Rabbi Ikey Tawil of @kolisraelcongregation speaks about the emotional struggles we face one year later. He reminds us of the importance of our commitment to wear this pin as a silent remembrance of the fallen heroes who made the ultimate sacrifice on that tragic day. Through this simple act, we honor their memory and stand united in our resolve to never forget.  #SCAIsrael #SimhatTorah #SilentRemembrance #AmYisraelHai"
18014199644342322,2024-10-23,VIDEO,2533,False,https://www.instagram.com/reel/DBepufvSn-Z/,"As we approach Simhat Torah, Rabbi Victor Mosseri of @shaareshalom reminds us why, even in the face of hardship, we still have reason to dance this year. While we hold on to the importance of remembering those we’ve lost and the challenges we face, we also embrace the joy that Simhat Torah brings. Our strength comes from this balance—celebrating while never forgetting the past. This year, we dance with both resilience and remembrance in our hearts.  #SCAIsrael #SimhatTorah #JoyAndRemembrance #Am"
18084530185517338,2024-10-23,VIDEO,2735,False,https://www.instagram.com/reel/DBepZkLyQEb/,"As we approach Simhat Torah, Rabbi Joey Mizrahi of @bneiyitzhak reflects on the delicate balance between the extreme Simha (joy) required for the Hag and the solemn memory of last Simhat Torah, while our soldiers are still fighting and our hostages remain in Gaza. He reminds us that while we celebrate, we must also stand in unity with Am Yisrael, honoring both our joy and our ongoing struggle. This year, Congregation Bnei Yitzhak will be distributing over 500 pins as a symbol of that unity. Wear"
18306465421165808,2024-10-23,VIDEO,2084,False,https://www.instagram.com/reel/DBepAacymdZ/,"As we mark the Hebrew anniversary of October 7th this Simhat Torah, Mr. Sammy Beyda, of Congregation Shaare Zion, shares a heartfelt message about the importance of unity and strength in our community. In this powerful video, he reminds us that through standing together, we find the resilience to face even the darkest times. Our unity is our strength, and this Simhat Torah, we honor those we’ve lost by continuing to stand as one people, with unwavering faith and hope.  #SCAIsrael #UnityAndStreng"
18087008386504223,2024-10-23,VIDEO,2596,False,https://www.instagram.com/reel/DBeZuLaJ2vq/,"As we approach Simhat Torah, the Hebrew anniversary of October 7th, Rabbi Joey Soffer of Congregation Beth Torah shares a meaningful reminder on how we can honor the memory of those we lost, while still embracing the joy of Yom Tob. On behalf of @bethtorahbk , he explains the balance between giving Kabod (respect) to the victims and celebrating the Simha of the holiday, ensuring that our unity and resilience shine through in both remembrance and joy.  Together, we honor those who are no longer w"
18463761550049330,2024-10-23,VIDEO,2183,False,https://www.instagram.com/reel/DBeM5lKJ2Tj/,"As we commemorate the Hebrew anniversary of October 7th, Rabbi Nathan Dabbah of Kehilat Ahavat Shalom in West Long Branch reminds us of the importance of dancing in Simha this Simhat Torah, even in these challenging times. He emphasizes that in the face of hardship, our joy becomes an even more powerful expression of resilience. This Simhat Torah, we honor those we’ve lost by dancing with renewed strength and faith, celebrating our unity as a community and the everlasting spirit of our people.  "
18307207564167251,2024-10-15,CAROUSEL_ALBUM,N/A (not video),False,https://www.instagram.com/p/DBKLmGaSM4t/,Remembering the brave souls who made the ultimate sacrifice  for our nation  יהי זכרם ברוך #SCAIsrael #IDFFallenHeroes #StandWithIsrael 🇮🇱
18045043873863605,2024-10-12,IMAGE,N/A (not video),False,https://www.instagram.com/p/DBCteDhJMgO/,See link in bio for a playlist of our Sukkot classes! #scatorah
17906435511041688,2024-10-11,VIDEO,6961,False,https://www.instagram.com/reel/DA_XUKZJqq4/,Special Yom Kippur Message by SCA Board Member & Former IDF Soldier Mr. Jesse Salem #SCATorah
18074157595517589,2024-10-10,CAROUSEL_ALBUM,N/A (not video),False,https://www.instagram.com/p/DA86C2yJ2ZH/,Remembering the brave souls who made the ultimate sacrifice this past week for our nation  יהי זכרם ברוך #SCAIsrael #IDFFallenHeroes #StandWithIsrael 🇮🇱
18042257363297450,2024-10-08,CAROUSEL_ALBUM,N/A (not video),False,https://www.instagram.com/p/DA3n9PmJPeY/,"Last night we partnered with @yaya_scc for a special young adult event commemorating October 7th. We heard inspiring stories from 2 combat soldiers- Rabbi Joey Faur and Menchem Mendel Vile, Dibre Torah from Rabbi Nathan Zaboulani and had “Misvah Minute” tables- an opportunity to commit to doing specific Misvot in memory of those we lost on October 7th, 2023 #SCAYoungAdults"
18052267033732398,2024-10-07,VIDEO,7550,False,https://www.instagram.com/reel/DA1diWIy2Y-/,"In one of the many ways our community is commemorating Oct 7th this year- SCA has partnered with our schools in creating and handing out thousands of customized pins to wear. It’s packaging reads “Join us in wearing this pin as a symbol of unity and solidarity with our brothers and sisters in Israel together, we commemorate one year since the October 7th massacre, standing as one in remembrance, resilience and hope.” Accepting the pins on behalf of @welovemdy was Rabbi Ezra Cohen-Saban #SCAIsrae"
18046330195954013,2024-10-07,VIDEO,7562,False,https://www.instagram.com/reel/DA1TVl5psOL/,"In one of the many ways our community is commemorating Oct 7th this year- SCA has partnered with our schools in creating and handing out thousands of customized pins to wear. It’s packaging reads “Join us in wearing this pin as a symbol of unity and solidarity with our brothers and sisters in Israel together, we commemorate one year since the October 7th massacre, standing as one in remembrance, resilience and hope.” Accepting the pins on behalf of @barkaihs was Rabbi Richard Tobias #SCAIsrael #"
17952238064838438,2024-10-07,VIDEO,5918,False,https://www.instagram.com/reel/DA1PtwBJjki/,"In one of the many ways our community is commemorating Oct 7th this year- SCA has partnered with our schools in creating and handing out thousands of customized pins to wear. It’s packaging reads “Join us in wearing this pin as a symbol of unity and solidarity with our brothers and sisters in Israel together, we commemorate one year since the October 7th massacre, standing as one in remembrance, resilience and hope.” Accepting the pins on behalf of @yofhs was Rabbi Joseph Beyda #SCAIsrael #Bring"
18369593584104537,2024-10-07,VIDEO,4368,False,https://www.instagram.com/reel/DA1MFymJNhV/,"In one of the many ways our community is commemorating Oct 7th this year- SCA has partnered with our schools in creating and handing out thousands of customized pins to wear. It’s packaging reads “Join us in wearing this pin as a symbol of unity and solidarity with our brothers and sisters in Israel together, we commemorate one year since the October 7th massacre, standing as one in remembrance, resilience and hope.” Accepting the pins on behalf of @welovemdyhs was Dr. Daniel J. Vitow and Rabbi "
18021843767227511,2024-10-07,VIDEO,14631,False,https://www.instagram.com/reel/DA1Ci1qp3Wp/,"In one of the many ways our community is commemorating Oct 7th this year- SCA has partnered with our schools in creating and handing out thousands of customized pins to wear. It’s packaging reads “Join us in wearing this pin as a symbol of unity and solidarity with our brothers and sisters in Israel together, we commemorate one year since the October 7th massacre, standing as one in remembrance, resilience and hope.” Accepting the pins on behalf of @barkaiyeshivah was Rabbi Albert Setton who spo"
18012966281629905,2024-10-07,VIDEO,3019,False,https://www.instagram.com/reel/DA0-1q_J3jg/,"In one of the many ways our community is commemorating Oct 7th this year- SCA has partnered with our schools in creating and handing out thousands of customized pins to wear. It’s packaging reads “Join us in wearing this pin as a symbol of unity and solidarity with our brothers and sisters in Israel together, we commemorate one year since the October 7th massacre, standing as one in remembrance, resilience and hope.” Accepting the pins on behalf of @YOFlatbush middle school were Rabbi Yahel Tsai"
18056775727837990,2024-10-06,VIDEO,1619,True,https://www.instagram.com/reel/DAyM61xJwQt/,"Episode 264: “Yom Kippur Ne’ilah Customs”  Minhag of the Week is a weekly video series featuring Joey Mosseri, Morris Arking & Joseph Harari who educate our community about its Syrian and Middle Eastern traditions. Minhag of the Week is a project of the Sephardic Community Alliance.  #SCAMinhagOfTheWeek #SCAHeritage"
17867853177144407,2024-10-05,IMAGE,N/A (not video),False,https://www.instagram.com/p/DAws52tpltn/,Oct 7th memorial event on Monday night for young adults #SCAYoungAdults @yaya_scc @thecenterscc @our_synagogues
17874408240177770,2024-10-02,VIDEO,2895,False,https://www.instagram.com/reel/DAoIF1SpGRv/,Rosh Hashanah message from Mrs. Esther Tokayer #SCATorah
18048112888938227,2024-10-02,CAROUSEL_ALBUM,N/A (not video),False,https://www.instagram.com/p/DAoFMI5pg6D/,Remembering the brave souls who made the ultimate sacrifice  for our nation  יהי זכרם ברוך #SCAIsrael #IDFFallenHeroes #StandWithIsrael 🇮🇱
18033828722221281,2024-10-02,CAROUSEL_ALBUM,N/A (not video),False,https://www.instagram.com/p/DAn4E80JGNf/,Reminder to do Erub Tabshilin
18060076726686265,2024-10-01,VIDEO,5716,False,https://www.instagram.com/reel/DAmNCz5yeNj/,“Recognizing Miracles” - Special Rosh Hashanah message from Rabbi Harold Sutton in Israel! #SCATorah
18101270818451672,2024-10-01,VIDEO,5845,False,https://www.instagram.com/reel/DAl_EgfSY1s/,Update from Rabbi David Zeit of @david_zeit_tours on the situation in Israel tonight #SCAIsrael #IsraelUnderAttack
17856567039223190,2024-10-01,CAROUSEL_ALBUM,N/A (not video),False,https://www.instagram.com/p/DAlnuyLJYH1/,"[Swipe 👉👉] Join us this Monday night, October 7th, in honoring the memory of Ariel Eliyahu HY”D #SCAIsrael"
18034383605242163,2024-09-26,IMAGE,N/A (not video),False,https://www.instagram.com/p/DAYj3Vlp-sq/,See link in bio for a playlist of our high holiday classes! #SCATorah
17878764060114907,2024-09-23,CAROUSEL_ALBUM,N/A (not video),False,https://www.instagram.com/p/DAQ0d2rJk8Z/,We’re excited to announce the new president of the Sephardic Community Alliance: Mr. Ricky Novick!
18091701763466018,2024-09-19,CAROUSEL_ALBUM,N/A (not video),False,https://www.instagram.com/p/DAG5VY-Jy_7/,Remembering the brave souls who made the ultimate sacrifice this past week for our nation  יהי זכרם ברוך #SCAIsrael #IDFFallenHeroes #StandWithIsrael 🇮🇱
17930161799928725,2024-09-12,CAROUSEL_ALBUM,N/A (not video),False,https://www.instagram.com/p/C_04TqjpX4a/,Remembering the brave souls who made the ultimate sacrifice this past week for our nation  יהי זכרם ברוך #SCAIsrael #IDFFallenHeroes #StandWithIsrael 🇮🇱
18041515676050557,2024-09-11,IMAGE,N/A (not video),False,https://www.instagram.com/p/C_ylh9mykfI/,"🌟 Free Israel Trip! 🌟  Join SCA and Birthright this December (12/23/24 - 1/3/25) for a life-changing experience in Israel! 🇮🇱✨  Now more than ever, it’s crucial to connect with our homeland. This FREE 10-day trip will let you explore, stand with the IDF, and deepen your appreciation of Israel.  🔹 Ages 18-22 (Eligibility: Haven’t studied in Israel for gap year)  🔹 Only a handful of spots left—Sign up NOW!  👉 See the link in our bio to secure your spot before it’s too late!  #SCAYoungAdults"
18055857853795023,2024-09-09,CAROUSEL_ALBUM,N/A (not video),False,https://www.instagram.com/p/C_tPejNJ3C1/,Welcome to the team @curlyshirleycatton !
18018186128526059,2024-09-05,CAROUSEL_ALBUM,N/A (not video),False,https://www.instagram.com/p/C_io9AFpOj4/,Remembering the brave souls who made the ultimate sacrifice this past week for our nation  יהי זכרם ברוך #SCAIsrael #IDFFallenHeroes #StandWithIsrael 🇮🇱
18332324161181685,2024-09-04,VIDEO,1102,True,https://www.instagram.com/reel/C_gHQCjROHV/,"Episode 263: “The Blessings Recited at a Berit Milah”  Minhag of the Week is a weekly video series featuring Joey Mosseri, Morris Arking & Joseph Harari who educate our community about its Syrian and Middle Eastern traditions. Minhag of the Week is a project of the Sephardic Community Alliance.  #SCAMinhagOfTheWeek #SCAHeritage"
17878049514134691,2024-09-03,CAROUSEL_ALBUM,N/A (not video),False,https://www.instagram.com/p/C_eCEAxRE8a/,"This past Friday at a #SCABridgeTheGap event, we said farewell to the boys and girls heading to Israel for their gap year. They had the opportunity to hear from young adults just a few years older, who were in their shoes not so long ago. It was a chance to connect, ask questions, and gain valuable advice on how to maximize their time in Israel. Enjoy the year! #SCAYoungAdults"
18039489343890753,2024-09-03,VIDEO,7865,False,https://www.instagram.com/reel/C_dWi3_Jw06/,“Emotional Unity” A message from Rabbi Soffer about the hostages that were murdered this past weekend #SCAIsrael
17867821680188332,2024-09-01,CAROUSEL_ALBUM,N/A (not video),False,https://www.instagram.com/p/C_YBuE1yNFt/,This past Friday we concluded our “CommUNITY” initiative where a group of young adults went each week to volunteer their time to help those in need at different local organization. They spread positivity and created a Kiddush Hashem! #SCAYoungAdults
18069132280576762,2024-08-29,CAROUSEL_ALBUM,N/A (not video),False,https://www.instagram.com/p/C_ROqwQJqno/,Remembering the brave souls who made the ultimate sacrifice this past week for our nation  יהי זכרם ברוך #SCAIsrael #IDFFallenHeroes #StandWithIsrael 🇮🇱
18015788438285666,2024-08-29,CAROUSEL_ALBUM,N/A (not video),False,https://www.instagram.com/p/C_QV5tYJRif/,🔦We’re shining a spotlight on these exceptional young adults what helped make our summer programming a success! 🔦 #SCAYoungAdults
18453802183016963,2024-08-27,IMAGE,N/A (not video),False,https://www.instagram.com/p/C_MFJcRJtaf/,"#SCABridgeTheGap Send off for all Israel gap year students!  Guest speakers and Mazza!   📆 This Friday, Aug 30th, 4:00pm 📍Home of Reuben Bibi in Deal, NJ  #SCAYoungAdults"
17939429615856963,2024-08-26,IMAGE,N/A (not video),False,https://www.instagram.com/p/C_IseBRJ_BI/,"🌟 Free Israel Trip! 🌟  Join SCA and Birthright this December (12/23/24 - 1/3/25) for a life-changing experience in Israel! 🇮🇱✨  Now more than ever, it’s crucial to connect with our homeland. This FREE 10-day trip will let you explore, stand with the IDF, and deepen your appreciation of Israel.  🔹 Ages 18-22 (Eligibility:  Haven’t studied in Israel for gap year)  🔹 Spots are limited—Sign up NOW!  👉 Click the link in our bio to secure your spot.  #SCAYoungAdults"
18103347505426187,2024-08-22,CAROUSEL_ALBUM,N/A (not video),False,https://www.instagram.com/p/C-_D8UaJY0v/,Remembering the brave souls who made the ultimate sacrifice this past week for our nation  יהי זכרם ברוך #SCAIsrael #IDFFallenHeroes #StandWithIsrael 🇮🇱
17947741820732265,2024-08-21,VIDEO,1793,True,https://www.instagram.com/reel/C-8E8Qwp4pk/,"Episode 262: “Q&A Wedding Practices: The Yihud Room, The Mezinke Dance, Going Away Outfits and Blessings”  Minhag of the Week is a weekly video series featuring Joey Mosseri, Morris Arking & Joseph Harari who educate our community about its Syrian and Middle Eastern traditions. Minhag of the Week is a project of the Sephardic Community Alliance.  #SCAMinhagOfTheWeek #SCAHeritage"
18023583710367258,2024-08-20,CAROUSEL_ALBUM,N/A (not video),False,https://www.instagram.com/p/C-5ujJsplNT/,Another amazing summer for women and girls in the books! Thank you to all of the excellent rabbis and teachers. Stay tuned for details on fall classes and programming! #SCATorah
17928696029813818,2024-08-16,CAROUSEL_ALBUM,N/A (not video),False,https://www.instagram.com/p/C-uxqUsOREe/,Remembering the brave soul who made the ultimate sacrifice this past week for our nation  יהי זכרם ברוך #SCAIsrael #IDFFallenHeroes #StandWithIsrael 🇮🇱
18033597245137372,2024-08-15,CAROUSEL_ALBUM,N/A (not video),False,https://www.instagram.com/p/C-tA9cKJuKT/,"Thats a wrap! Last night we celebrated the last night of our Joe & Trina Cayre Boys Summer Learning Program with an inspiring siyum, a delicious dinner and awesome raffles! This year’s siyum was extra special as we got to hear from Rabbi Isaac Ben-Attar, who was in a serious motor accident a few weeks ago. He gave all those in attendance Dibre Berakha and thanked the community for praying for him these past few weeks. Shoutout to Elliot Betesh for finishing all of Seder Kedoshim Mishnayot and th"
18024095078106630,2024-08-15,CAROUSEL_ALBUM,N/A (not video),False,https://www.instagram.com/p/C-smZANJC7l/,Join us for Minha and a Message this Shabbat with Rabbi Ikey Tawil! #SCAYoungAdults
18291065128207720,2024-08-15,VIDEO,8846,False,https://www.instagram.com/reel/C-sTwJZpRpf/,The @SCA_updates and @the.scf partnered to create a video of @joeysaban explaining the importance and impact of voting in elections. See link in bio to register to vote if you haven’t already done so!
17985340358557723,2024-08-14,VIDEO,1691,False,https://www.instagram.com/reel/C-qfk5rJkNs/,“The Connection between Tu BeAb and the Annulment of Vows” by @moeysutton #SCAIsrael
17864251644194403,2024-08-14,CAROUSEL_ALBUM,N/A (not video),False,https://www.instagram.com/p/C-qAtLnJX_1/,[SWIPE 👉👉] Scenes from yesterday’s Rabbi Dr. Ezra Labaton A”H Tish’a BeAb Day of Learning #SCATorah  Thank you to all those who helped make it possible!   Rabbi Ikey Tawil and Bobby Dweck for spearheading and overseeing the entire program . The SCA board of directors who were involved in the planning and execution of the day . All of our amazing rabbis and teachers who taught throughout the day . The many sponsors who invested in making the program possible  . Those at the JCC who assisted with 
17852018817220024,2024-08-13,IMAGE,N/A (not video),False,https://www.instagram.com/p/C-nx3XRpJk7/,*Tomorrow* Join us for our Annual Siyum @hathaway_safrasynagogue ! #SCATorah
17851393257254055,2024-08-12,CAROUSEL_ALBUM,N/A (not video),False,https://www.instagram.com/p/C-lsALtJtG7/,[SWIPE 👉👉] Rabbi Dr. Ezra Labaton A”H Tish’a BeAb Day of Learning 2024 Program #SCATorah
18060040402716676,2024-08-11,IMAGE,N/A (not video),False,https://www.instagram.com/p/C-gpAOnJh86/,Photos from @rabbidweck on the porch class this past Thursday discussing “Debarim: The Imperative of Finding Your Personal Authority”. Thank you to Frieda & Joey Franco for hosting! #SCATorah
18241761874281146,2024-08-09,IMAGE,N/A (not video),False,https://www.instagram.com/p/C-dODwEpIQq/,Special class tomorrow morning at Sephardic Synagogue of Elberon!
17975910473741383,2024-08-09,IMAGE,N/A (not video),False,https://www.instagram.com/p/C-dBYBopUzr/,Rabbi Dr. Ezra Labaton A”H Tish’a BeAb Day of Learning 2024 Schedule #SCATorah
18447237466014947,2024-08-08,IMAGE,N/A (not video),False,https://www.instagram.com/p/C-anb6NJiOS/,*Tomorrow* AIPAC Annual Deal Leadership Event
18029008133273438,2024-08-08,CAROUSEL_ALBUM,N/A (not video),False,https://www.instagram.com/p/C-aTE5YO6zG/,Join us for Minha and a Message this Shabbat with @rabbidweck ! #SCAYoungAdults
18263494615222646,2024-08-07,IMAGE,N/A (not video),False,https://www.instagram.com/p/C-YDs8Qp4Sd/,"*Wed, Aug 14th* Join us for our Annual Siyum @hathaway_safrasynagogue ! #SCATorah"
17865716313125577,2024-08-06,CAROUSEL_ALBUM,N/A (not video),False,https://www.instagram.com/p/C-ViFaXpI6_/,Thank you to Yoetzet Halakha Zahava Harari and Yoetzet Halakha Yaffa Setton for an insightful conversation and class yesterday on “Things I never knew about Taharat HaMishpacha” and to Joyce Shamah for hosting!
18031988597177071,2024-08-06,IMAGE,N/A (not video),False,https://www.instagram.com/p/C-U9HwAOhPy/,Season 7 of On The Porch continues with @rabbidweck this Thursday! #SCATorah
18012172751306049,2024-08-05,IMAGE,N/A (not video),False,https://www.instagram.com/p/C-SlRMguxCa/,"ILEAD Graduates! Send in a video (horizontal) with: - First & Last Name - ONE WORD of something that you learned from your ILEAD Experience.  - Send it to info@ileadexperience.org The video will be shared at the reunion!  United & Strong,  The ILEAD TEAM"
18458343283034249,2024-08-04,IMAGE,N/A (not video),False,https://www.instagram.com/p/C-Qpz2RJUIS/,*Tomorrow*  Special class and conversation on “Thing I Never Knew About Taharat Hamishpacha”
18060664105619214,2024-08-04,CAROUSEL_ALBUM,N/A (not video),False,https://www.instagram.com/p/C-Oponrpbvq/,"An inspiring evening in Deal, NJ with @SCA_updates and @dsnbeach ! We honored the Duvdevan Unit soldiers, here with Metiv, who are assisting with therapy and counseling. The night began with Hazzan Yehezkel Zion singing ‘Hatikvah,’ followed by Rabbi Richard Tobias’ powerful message, Kol Yaakob Siddurim (donated by the Catton Family, courtesy of @sephardicheritagefdn ) presented by Louise Sitt and Yehuda Tawil, and an engaging panel moderated by Esther Abadi. Thank you to the families for hosting"
18013146026579714,2024-08-02,CAROUSEL_ALBUM,N/A (not video),False,https://www.instagram.com/p/C-K1XE4p288/,Remembering the brave souls who made the ultimate sacrifice this past week for our nation  יהי זכרם ברוך #SCAIsrael #IDFFallenHeroes #StandWithIsrael 🇮🇱
18067492432565299,2024-08-01,IMAGE,N/A (not video),False,https://www.instagram.com/p/C-JF6JiJVyd/,Rabbi Dr. Ezra Labaton A”H Tish’a BeAb Day of Learning
18076804729513390,2024-08-01,CAROUSEL_ALBUM,N/A (not video),False,https://www.instagram.com/p/C-IlLVYp6tv/,Join us for Minha and a Message this Shabbat with Rabbi Joey Soffer! #SCAYoungAdults
18029059397002503,2024-08-01,IMAGE,N/A (not video),False,https://www.instagram.com/p/C-ISYXBJRZk/,**Tonight**   Come show your support for the IDF soldiers from the elite Duvdevan Unit! 🫡  Don’t miss this special opportunity to show your appreciation to our hero’s before they head back home!!! 🇮🇱   @dsnbeach @sca_updates 18+ No charge Members and non-members welcome!  #SCAYoungAdults
17922704339940825,2024-07-31,CAROUSEL_ALBUM,N/A (not video),False,https://www.instagram.com/p/C-GVC3Ap3n8/,"Last night’s event was a huge success! We were honored to welcome Haviv Retteg Gur, one of Israel’s leading journalists. His insightful analysis on the war in Israel and the origins of far-left ideology captivated all who attended. It truly was an in-depth briefing on the key issues impacting Israel and American Jewry. A big thank you to Miro I. Sutton, for his excellent contribution as the night’s moderator and to Lilly Aboudi and family for sponsoring the refreshments in loving memory of Josep"
18112477426394955,2024-07-31,VIDEO,1430,True,https://www.instagram.com/reel/C-GAouEJwNh/,"Episode 261: “Hakham Matloub Abadi’s Responsum on the Prayers for the 9th of Ab- Part 2”  Minhag of the Week is a weekly video series featuring Joey Mosseri, Morris Arking & Joseph Harari who educate our community about its Syrian and Middle Eastern traditions. Minhag of the Week is a project of the Sephardic Community Alliance.  #SCAMinhagOfTheWeek #SCAHeritage"
17932509257909341,2024-07-31,IMAGE,N/A (not video),False,https://www.instagram.com/p/C-FsSQepg33/,Special class and conversation next week on “Thing I Never Knew About Taharat Hamishpacha”
18158042629313738,2024-07-30,CAROUSEL_ALBUM,N/A (not video),False,https://www.instagram.com/p/C-DXI9SOoAm/,"[SWIPE 👉👉] Immerse yourself in Israel with these captivating podcasts. From historical insights to cultural stories, there’s a world to explore. See link in bio for podcast playlist #SCAIsrael"
18039170911953775,2024-07-30,IMAGE,N/A (not video),False,https://www.instagram.com/p/C-DEw_vpIHp/,Join us TONIGHT to hear from Haviv Rettig Gur in Ohel Yishak of Allenhurst about what’s next for the war in Israel #SCAIsrael
18007010291631094,2024-07-29,CAROUSEL_ALBUM,N/A (not video),False,https://www.instagram.com/p/C-BBjHBpbvK/,Our girls and women learning program is packed every day! #SCATorah
18323687509177604,2024-07-29,IMAGE,N/A (not video),False,https://www.instagram.com/p/C98nlOTpSHW/,Excited to officially begin our commUNITY initiative this Friday- for details contact Vivian Cohen! #SCAYoungAdults
18113085955389937,2024-07-28,CAROUSEL_ALBUM,N/A (not video),False,https://www.instagram.com/p/C9-A0LEp6ZR/,"Torah, Torah & More Torah! Our boys and men evening learning program is buzzing with Torah! #SCATorah"
17925818192922693,2024-07-28,IMAGE,N/A (not video),False,https://www.instagram.com/p/C98oUqApyXa/,This Thursday evening- a night under the stars with 25 of our IDF Duvdevan Soldiers 🫡 No charge. Members and non-members of @dealdsn are welcome! #SCAYoungAdults
18447864733050735,2024-07-26,IMAGE,N/A (not video),False,https://www.instagram.com/p/C95b3pDpmyd/,"Join us this Sunday morning @larchwood_shul as Jacob Bohbot shares the heart-wrenching story of his brother Elkana, who has been held hostage since October 7th- almost 300 days ago!"
18090910963415619,2024-07-26,CAROUSEL_ALBUM,N/A (not video),False,https://www.instagram.com/p/C94wXwkJUzq/,Remembering the brave souls who made the ultimate sacrifice this past week for our nation  יהי זכרם ברוך #SCAIsrael #IDFFallenHeroes #StandWithIsrael 🇮🇱
18040449256803425,2024-07-25,IMAGE,N/A (not video),False,https://www.instagram.com/p/C93FSCgpEjS/,Photos from Rabbi Tobias on the porch class earlier today discussing “Perashat Pinehas: It’s What My Dad Would Have Done”. Thank you to Rhoda Levy for hosting! #SCATorah
18021246848369065,2024-07-25,IMAGE,N/A (not video),False,https://www.instagram.com/p/C92nwiypT5U/,Join us Tuesday night to hear from Haviv Rettig Gur in Ohel Yishak of Allenhurst about what’s next for the war in Israel #SCAIsrael
18040838314794143,2024-07-25,CAROUSEL_ALBUM,N/A (not video),False,https://www.instagram.com/p/C92HAG-OQEV/,Join us for Minha and a Message this Shabbat with Yaffa Setton! #SCAYoungAdults
18035000741314871,2024-07-24,CAROUSEL_ALBUM,N/A (not video),False,https://www.instagram.com/p/C90Uza-pMUb/,Scenes from yesterday’s annual SCA & @TanachStudy 17 BeTamuz Day of Learning #SCATorah
18009609359615717,2024-07-24,VIDEO,1439,True,https://www.instagram.com/reel/C90ArwapnTa/,"Episode 260: “Dignified Wedding Ceremony Conclusion”  Minhag of the Week is a weekly video series featuring Joey Mosseri, Morris Arking & Joseph Harari who educate our community about its Syrian and Middle Eastern traditions. Minhag of the Week is a project of the Sephardic Community Alliance.  #SCAMinhagOfTheWeek #SCAHeritage"
17985844190690844,2024-07-23,IMAGE,N/A (not video),False,https://www.instagram.com/p/C9xYtV1pRzC/,Season 7 of On The Porch continues with Rabbi Tobias this Thursday! #SCATorah
18057663145649676,2024-07-23,IMAGE,N/A (not video),False,https://www.instagram.com/p/C9xGVgGp3Zg/,Becoming One Nation: How can Israeli society come together after the war? #SCAIsrael
18053824099682432,2024-07-22,CAROUSEL_ALBUM,N/A (not video),False,https://www.instagram.com/p/C9vOixsJ8uR/,Schedule for SCA & @tanachstudy Annual 17 BeTamuz Day of Learning! #SCATorah
17952182834701211,2024-07-22,IMAGE,N/A (not video),False,https://www.instagram.com/p/C9uizYWp-2W/,This past Thursday Rabbi Tawil kicked off season 7 of On the Porch. Thank you to Theda Cohen for hosting! #SCATorah
17849497554222390,2024-07-21,IMAGE,N/A (not video),False,https://www.instagram.com/p/C9qnFNZJEyD/,"What’s next for Israel at war?  Join us July 30th for an interview with Haviv Rettig Gur, Senior Analyst for @timesofisrael"
18029023934165453,2024-07-19,CAROUSEL_ALBUM,N/A (not video),False,https://www.instagram.com/p/C9nFWwvp2Mz/,SCA & @tanachstudy Annual 17 BeTamuz Day of Learning! #SCATorah
18068807785551180,2024-07-18,CAROUSEL_ALBUM,N/A (not video),False,https://www.instagram.com/p/C9k0efdpfkz/,Remembering the brave souls who made the ultimate sacrifice this past week for our nation  יהי זכרם ברוך #IDFFallenHeroes #StandWithIsrael 🇮🇱
18010605314569420,2024-07-18,CAROUSEL_ALBUM,N/A (not video),False,https://www.instagram.com/p/C9kLHEAJE8_/,Join us for Minha and a Message this Shabbat with Rabbi David Tawil! #SCAYoungAdults
18006867362558238,2024-07-17,IMAGE,N/A (not video),False,https://www.instagram.com/p/C9ihmdgp8oo/,"Join us on the fast of 17th Tamuz, this Tuesday, as we partner with @tanachstudy for a Day of Learning. Full schedule coming soon! #SCATorah"
18026357636243504,2024-07-15,IMAGE,N/A (not video),False,https://www.instagram.com/p/C9cnS4ZJHa8/,Kicking off season 7 of On The Porch with Rabbi Tawil this Thursday! #SCATorah
18108563410395887,2024-07-11,CAROUSEL_ALBUM,N/A (not video),False,https://www.instagram.com/p/C9TCz5ou9J0/,Remembering the brave souls who made the ultimate sacrifice this past week for our nation  יהי זכרם ברוך #IDFFallenHeroes #StandWithIsrael 🇮🇱
17952932102692976,2024-07-11,CAROUSEL_ALBUM,N/A (not video),False,https://www.instagram.com/p/C9SQ98cuxvd/,Join us for Minha and a Message this Shabbat with Rabbi Dr. Richard Hidary! #SCAYoungAdults
18024450740464564,2024-07-10,CAROUSEL_ALBUM,N/A (not video),False,https://www.instagram.com/p/C9QGItVJ_Zb/,"Last night, we organized an event for young adults who recently returned from their gap year in Israel. They heard from Rabbi Avi Harari and Rabbi Albert Setton about ways to ensure they continue their growth in Torah and how to approach challenges they may face transitioning back to life outside Israel. They were paired with mentors who have gone through the same transition and had lively discussions with them- taking advice and words of wisdom. The young adults also enjoyed dinner by @fonzfire"
18049466779698088,2024-07-05,CAROUSEL_ALBUM,N/A (not video),False,https://www.instagram.com/p/C9CswH2OKkl/,Remembering the brave souls who made the ultimate sacrifice this past week for our nation  יהי זכרם ברוך #IDFFallenHeroes #StandWithIsrael 🇮🇱
18064672783569521,2024-07-04,CAROUSEL_ALBUM,N/A (not video),False,https://www.instagram.com/p/C9ARJcJpsUF/,Join us for Minha and a Message this Shabbat with Mrs. Vivien Hidary! #SCAYoungAdults
18095115970441022,2024-07-03,VIDEO,1256,True,https://www.instagram.com/reel/C896I1DuZTa/,"Episode 259: “Sitting or Standing When Putting on Tefilin”  Minhag of the Week is a weekly video series featuring Joey Mosseri, Morris Arking & Joseph Harari who educate our community about its Syrian and Middle Eastern traditions. Minhag of the Week is a project of the Sephardic Community Alliance.  #SCAMinhagOfTheWeek"
18011499842406159,2024-07-02,IMAGE,N/A (not video),False,https://www.instagram.com/p/C87lZ5Sp6b_/,"All returning Israel gap year students are invited to a #SCABridgeTheGap event, where they’ll meet their mentors, have sessions and enjoy delicious @fonzfiredpizza ! #SCAYoungAdults"
18000307745409808,2024-07-01,CAROUSEL_ALBUM,N/A (not video),False,https://www.instagram.com/p/C85LX3JJD2q/,"This past Friday afternoon, over 350 young adults gathered for an incredible event at @dsnbeach, in partnership with @sca_updates , @dealdsn , and @thecenterscc. The turnout was amazing, with standing room only! We started with prayers for the State of Israel led by Rabbi Ralph Tawil, followed by an inspiring discussion with Elliot Dweck and Ronny Novick, moderated by Louise Sitt, about their experiences as community members serving in the IDF. We then opened the floor for an interactive Q&A ses"
18443012131046404,2024-06-30,IMAGE,N/A (not video),False,https://www.instagram.com/p/C80jicxpdBo/,CommUNITY: Connecting through Hesed  Join us for acts of kindness and outreach to nearby communities in need #SCAYoungAdults
18016811855150764,2024-06-28,CAROUSEL_ALBUM,N/A (not video),False,https://www.instagram.com/p/C8xyN1hp1FZ/,Remembering the brave souls who made the ultimate sacrifice this past week for our nation  יהי זכרם ברוך #IDFFallenHeroes #StandWithIsrael 🇮🇱
18048151027815055,2024-06-27,CAROUSEL_ALBUM,N/A (not video),False,https://www.instagram.com/p/C8vA-bZJo9K/,Over 200 community members came out last night to hear from @shaidavidai and his experiences as a professor and activist at Columbia University since Oct 7th. Link to full talk coming soon- stay tuned! Thank you to our gracious hosts Joey and Frieda Franco and to our amazing moderator @yola.ash
18013088336427223,2024-06-27,CAROUSEL_ALBUM,N/A (not video),False,https://www.instagram.com/p/C8u1nNmJGuC/,Starting Monday!
18036061285978609,2024-06-27,CAROUSEL_ALBUM,N/A (not video),False,https://www.instagram.com/p/C8uZI_SOie8/,"Amazing start to our annual Joe & Trina Cayre SCA Summer Learning Program at @hathaway_safrasynagogue for our boys!  Women’s learning program starts on Monday, full schedule coming soon!"
17981566649551114,2024-06-26,CAROUSEL_ALBUM,N/A (not video),False,https://www.instagram.com/p/C8uFQ58OIHc/,Join us for Minha and a Message this Shabbat with Rabbi Albert Setton! #SCAYoungAdults
18000463697412745,2024-06-26,VIDEO,2345,True,https://www.instagram.com/reel/C8r486BuoRZ/,"Episode 258: “Kabseh: The Pre-wedding Hairpin Exchange”  Minhag of the Week is a weekly video series featuring Joey Mosseri, Morris Arking & Joseph Harari who educate our community about its Syrian and Middle Eastern traditions. Minhag of the Week is a project of the Sephardic Community Alliance.  #SCAMinhagOfTheWeek"
17960630813782250,2024-06-26,IMAGE,N/A (not video),False,https://www.instagram.com/p/C8rjlNburyG/,Tonight we’ll be hosting @shaidavidai for a talk on “Chaos on Campus: How we got here and how to forge a path forward”
17908793624975471,2024-06-24,CAROUSEL_ALBUM,N/A (not video),False,https://www.instagram.com/p/C8mhsgEOmbv/,Starting tonight @hathaway_safrasynagogue !
18230697232274363,2024-06-24,VIDEO,4053,False,https://www.instagram.com/reel/C8mYg7Quvt6/,Wow! What a turnout this past Shabbat at our first Minha and a Message of the summer! #SCAYoungAdults
18358844842103945,2024-06-21,CAROUSEL_ALBUM,N/A (not video),False,https://www.instagram.com/p/C8ehtsRpLj-/,Remembering the brave souls who made the ultimate sacrifice this past week for our nation  יהי זכרם ברוך #IDFFallenHeroes #StandWithIsrael 🇮🇱
17937599915751407,2024-06-20,CAROUSEL_ALBUM,N/A (not video),False,https://www.instagram.com/p/C8cHN5OpPrP/,Join us for Minha and a Message this Shabbat with Rabbi Richard Tobias! #SCAYoungAdults
18020780519351218,2024-06-19,VIDEO,5965,False,https://www.instagram.com/reel/C8ZkUokuNDR/,Thank you @nycmayor and @nypd !
18442904125036951,2024-06-18,IMAGE,N/A (not video),False,https://www.instagram.com/p/C8XAUyhufIc/,"Join us next week in Deal, NJ as we host @shaidavidai for a talk on “Chaos on Campus: How we got here and how to forge a path forward”"
18037045738796851,2024-06-16,IMAGE,N/A (not video),False,https://www.instagram.com/p/C8S4ovHps3n/,Minha and a Message 2024 Sponsored in honor of Rachel Novick #SCAYoungAdults
17980056263552217,2024-06-16,IMAGE,N/A (not video),False,https://www.instagram.com/p/C8QhnV0p_IA/,Stay tuned 👀
17862934773158530,2024-06-14,CAROUSEL_ALBUM,N/A (not video),False,https://www.instagram.com/p/C8MnSjjO9o6/,Remembering the brave souls who made the ultimate sacrifice this past week for our nation  יהי זכרם ברוך #IDFFallenHeroes #StandWithIsrael 🇮🇱
18038463127764210,2024-06-11,VIDEO,1862,True,https://www.instagram.com/reel/C8E4h4fujgA/,"Episode 257: “Defending Our Community Minhagim: Proper Wording of Qaddish”  Minhag of the Week is a weekly video series featuring Joey Mosseri, Morris Arking & Joseph Harari who educate our community about its Syrian and Middle Eastern traditions. Minhag of the Week is a project of the Sephardic Community Alliance.  #SCAMinhagOfTheWeek"
18266460526211175,2024-06-09,VIDEO,5989,False,https://www.instagram.com/reel/C8ALcixJo1o/,"Rabbi Harold Sutton of @moreshet_yerushalayim speaks and stands in unity with his students, recognizing the risks and sacrifices our brave soldiers made for this rescue. Watch his powerful message."
17971508777604710,2024-06-09,VIDEO,5101,False,https://www.instagram.com/reel/C7_8Ky6utn0/,"Yesterday, our IDF soldiers performed a daring rescue, freeing 4 hostages. Jesse Salem, SCA Board Member, reflects on this incredible miracle."
17845439478223073,2024-06-07,CAROUSEL_ALBUM,N/A (not video),False,https://www.instagram.com/p/C76h-pBJLS1/,Remembering the brave souls who made the ultimate sacrifice this past week for our nation  יהי זכרם ברוך #IDFFallenHeroes #StandWithIsrael 🇮🇱
17909281475880823,2024-06-06,IMAGE,N/A (not video),False,https://www.instagram.com/p/C74f2KqJYCv/,Bouquet of Hope for Shabuot 🎗️🌻🇮🇱 Proceeds go to families of hostages  See link in bio to purchase
18013574156160999,2024-06-05,VIDEO,1277,True,https://www.instagram.com/reel/C71z97BpfQN/,"Episode 256: “Perashat Naso: Reading the verses of Birkat Kohanim in ‘Aliyat Kohen”  Minhag of the Week is a weekly video series featuring Joey Mosseri, Morris Arking & Joseph Harari who educate our community about its Syrian and Middle Eastern traditions. Minhag of the Week is a project of the Sephardic Community Alliance.  #SCAMinhagOfTheWeek"
17981132972535254,2024-06-04,CAROUSEL_ALBUM,N/A (not video),False,https://www.instagram.com/p/C7zCtgsuUgn/,Special event tonight @thecenterscc !
17963736704754643,2024-06-03,IMAGE,N/A (not video),False,https://www.instagram.com/p/C7wmychOl6o/,See link in bio to access a library of Shabuot classes!
17846104368230279,2024-06-02,IMAGE,N/A (not video),False,https://www.instagram.com/p/C7scx4upewQ/,Bouquet of Hope for Shabuot 🎗️🌻🇮🇱 Proceeds go to families of hostages  See link in bio to purchase
18020132138512949,2024-05-31,CAROUSEL_ALBUM,N/A (not video),False,https://www.instagram.com/p/C7oZlmgp8_5/,Remembering the brave souls who made the ultimate sacrifice this past week for our nation  יהי זכרם ברוך #IDFFallenHeroes #StandWithIsrael 🇮🇱
18048319732668145,2024-05-30,CAROUSEL_ALBUM,N/A (not video),False,https://www.instagram.com/p/C7m8wD2p64k/,"Our final day of this incredible trip to Israel started off with a #ChaiOnLife class and delicious picnic brunch in Gan Sacher, Jerusalem specially organized for the women of our community who have made Aliyah. After a week of meeting and connecting with all different kinds of Israelis it was so special to share this morning with the women from our community who currently live in Israel by dancing and having fun! Next we met with Noah Lewis and heard about how she performs the ultimate hesed tak"
18262419826241809,2024-05-29,CAROUSEL_ALBUM,N/A (not video),False,https://www.instagram.com/p/C7kbd43JpoN/,"Day 3 of SCA #ChaiOnLife began with packaging food for our beloved IDF soldiers at Crave restaurant- which from the moment we entered turned into a full-on dance party with the staff and blasting Israeli music! After that we visited Hostage square and the wounded warriors at Tel Hashomer Hospital. The next stop was an epic Chai on Life experience where Shirley Catton led the group, joined by displaced women (and of course eager passerby’s as well) in her unique blend of dance, fitness and musica"
18037015375916491,2024-05-28,CAROUSEL_ALBUM,N/A (not video),False,https://www.instagram.com/p/C7huEAPJYyg/,Today was a very special day that could only have been achieved by this unique group! It began super early with sunrise prayers and yoga in the desert. We heard from Idit Eliyahu about her son Ariel A”H and his bravery on October 7th. A few months ago our community (spearheaded by @barkaiyeshiva ) dedicated a grand piano in Ariel’s memory as he loved playing the piano. We played that piano and sang together- driving home the mission of our trip- bringing joy through music and movement. After a s
18037849225936385,2024-05-28,CAROUSEL_ALBUM,N/A (not video),False,https://www.instagram.com/p/C7hDt4cuNAa/,"Day 1 of SCA #ChaiOnLife trip started by visiting the site of the Nova festival. They heard powerful stories from 2 Nova survivors, Eden and Sholomo which made this visit even more impactful. Next- they visited Shokeda and heard from Chana about this community’s miraculous story of survival. Then they had the honor of meeting with the family of Yotam Haim A”H.  His father shared Yotam’s belief in the healing power of music and the group celebrated his life and this message by singing and playing"
18030562150875437,2024-05-27,CAROUSEL_ALBUM,N/A (not video),False,https://www.instagram.com/p/C7eUqInu_in/,"Yesterday, 25 women, lead by Shirley Catton, embarked on a healing journey to Israel to spread joy and light through dance music and movement. They arrived Sunday night for a welcome dinner and heard from Jacob Bohbut, whose brother Elkana is currently being held hostage by Hamas. They stopped at the Kotel and prayed for the success of the IDF and release of all the hostages. They’re ready for the impactful days ahead! @curlyshirleycatton #chaionlife #standwithisrael"
18029626190089913,2024-05-23,CAROUSEL_ALBUM,N/A (not video),False,https://www.instagram.com/p/C7UmQYEJZmY/,Remembering the brave souls who made the ultimate sacrifice this past week for our nation  יהי זכרם ברוך #IDFFallenHeroes #StandWithIsrael 🇮🇱
18044862880646081,2024-05-23,IMAGE,N/A (not video),False,https://www.instagram.com/p/C7UHiQjOCs2/,See link in bio to access a library of Yom Yerushalayim classes!
18020226026473226,2024-05-22,VIDEO,1108,True,https://www.instagram.com/reel/C7Rw44vu5cw/,"Episode 255: “Wedding Ceremonies: Breaking the Glass”  Minhag of the Week is a weekly video series featuring Joey Mosseri, Morris Arking & Joseph Harari who educate our community about its Syrian and Middle Eastern traditions. Minhag of the Week is a project of the Sephardic Community Alliance.  #SCAMinhagOfTheWeek"
18065105113483333,2024-05-16,CAROUSEL_ALBUM,N/A (not video),False,https://www.instagram.com/p/C7CjQ_mJt27/,Remembering the brave souls who made the ultimate sacrifice this past week for our nation  יהי זכרם ברוך #IDFFallenHeroes #StandWithIsrael 🇮🇱
18005634698573659,2024-05-15,VIDEO,1070,True,https://www.instagram.com/reel/C6_vBT4r0DB/,"Episode 254: “Mezuzah: Slanted or Strait?”  Minhag of the Week is a weekly video series featuring Joey Mosseri, Morris Arking & Joseph Harari who educate our community about its Syrian and Middle Eastern traditions. Minhag of the Week is a project of the Sephardic Community Alliance.  #SCAMinhagOfTheWeek"
18027547844293157,2024-05-14,CAROUSEL_ALBUM,N/A (not video),False,https://www.instagram.com/p/C69sK30J09m/,Hillel Yeshiva Celebrating Yom Haasmaut! 🇮🇱 #StandWithIsrael
18017614778250045,2024-05-14,CAROUSEL_ALBUM,N/A (not video),False,https://www.instagram.com/p/C69oxrGJrNm/,Yeshivat Moreshat Yerushalayim Celebrating Yom Haasmaut! 🇮🇱 #StandWithIsrael
18430043329046592,2024-05-14,VIDEO,7045,False,https://www.instagram.com/reel/C69lMTJJ9ua/,Powerful speech by Rabbi Ralph Tawil at the annual @syisraelhome Yom Haasmaut BBQ for all the families from our community who made Aliyah! 🇮🇱 #StandWithIsrael
17993739557441935,2024-05-14,CAROUSEL_ALBUM,N/A (not video),False,https://www.instagram.com/p/C69ibGQpC8U/,Yeshivah of Flatbush Celebrating Yom Haasmaut! 🇮🇱 #StandWithIsrael @yofhs @yoflatbush
17968182038610484,2024-05-14,CAROUSEL_ALBUM,N/A (not video),False,https://www.instagram.com/p/C69dQF1pr7e/,Barkai Yeshivah Celebrating Yom Haasmaut! 🇮🇱 #StandWithIsrael
17863778082117659,2024-05-14,CAROUSEL_ALBUM,N/A (not video),False,https://www.instagram.com/p/C69X_YopEry/,Magen David Yeshivah Celebrating Yom Haasmaut! 🇮🇱 #StandWithIsrael
18013379924519252,2024-05-14,VIDEO,4174,False,https://www.instagram.com/reel/C6879OqOefT/,"Dive into the stories of courage and conviction of the rabbis who embarked on missions to Israel when fear threatened to hold others back. These rabbis showed that standing with Israel isn’t just a statement; it’s a profound commitment to unity, resilience, and unwavering support.   Film by @vids_by_vic debuted at @thecenterscc Yom Haasmaut 2024 #StandWithIsrael"
17856516774171612,2024-05-14,VIDEO,2879,False,https://www.instagram.com/reel/C684XOhuPOo/,"From moments of apprehension to acts of profound impact, witness the transformative journeys of over 40 community trips to Israel. After October 7th, when fear could have prevailed, our community chose courage. We stood shoulder to shoulder with our Israeli brothers and sisters, visiting families of fallen soldiers, supporting women relocated from their kibbutzim, and cooking homemade meals for those in need. May we continue to strengthen the bond between our community, united in purpose and unw"
17877311952080782,2024-05-13,VIDEO,3033,False,https://www.instagram.com/reel/C666LgWrjOe/,Gabriella on the front lines protecting our homeland! #StandwithIsrael
17878371948014172,2024-05-13,VIDEO,5450,False,https://www.instagram.com/reel/C66zPdbOXUC/,IDF soldier Ronny on the importance of celebrating Yom Haasmaut! #StandWithIsrael
18017627402254004,2024-05-13,VIDEO,2015,False,https://www.instagram.com/reel/C66scJFunpi/,Freddie speaks to how incredible it is to celebrate Yom Haasmaut while serving in the IDF #StandWithIsrael
18034463449779967,2024-05-13,VIDEO,1724,False,https://www.instagram.com/reel/C66ljWqOJyl/,"Yehuda shares why he served in the IDF, some of his best experiences serving and why this Yom Ha’asmaut is extra special! #StandWithIsrael"
18055222246609875,2024-05-13,VIDEO,1721,False,https://www.instagram.com/reel/C66erVjuflx/,"Powerful video from Orit Baruch, mother of Adi, who was killed defending our country- must watch until the end! #StandWithIsrael"
18032816893985270,2024-05-13,VIDEO,4740,False,https://www.instagram.com/reel/C66XnCXOy62/,"Rabbi Harold Sutton, Rosh Yeshivah of @moreshet_yerushalayim , on the importance of Yom HaZikaron #StandWithIsrael"
18046803223622405,2024-05-13,VIDEO,1165,False,https://www.instagram.com/reel/C66PFIKOTWc/,Benyamin sharing some thoughts on what it was like being in the IDF! #StandwithIsrael
18055270525529605,2024-05-12,VIDEO,5943,False,https://www.instagram.com/reel/C64ta-CJGNF/,Incredibly powerful video in honor of Yom HaZikaron from Rav Yehoshua Shani whose son was killed in battle on October 7th. #StandWithIsrael 🇮🇱
18053931613625088,2024-05-12,VIDEO,1078,False,https://www.instagram.com/reel/C64EJc0p9dy/,Amazing video from Elidan on his experiences in the IDF! #StandwithIsrael
18000224750565300,2024-05-12,VIDEO,2400,False,https://www.instagram.com/reel/C62WW4UpMZ9/,IDF soldier Jesse shares some meaningful stories about what it was like defending our homeland these past few months #StandWithIsrael
18431511763048003,2024-05-10,IMAGE,N/A (not video),False,https://www.instagram.com/p/C6y91p2uCUH/,"In today’s world, showing our solidarity with Israel is more important than ever. The Sephardic Community Alliance invites you to visibly demonstrate your support by participating in our special campaign from Yom Hazikaron to Yom Yerushalayim. Join us in a united front by displaying a lawn sign that proudly proclaims your support for Israel.  How to Participate: 1. See link in bio to place your order: We are committed to making participation as easy as possible—sign up today, and we will deliver"
18144098668317010,2024-05-10,VIDEO,3460,False,https://www.instagram.com/reel/C6y2UaurVYW/,Impactful video by IDF soldier Joey in honor of Yom Hazikaron & Yom Haasmaut 2024! 🇮🇱 #StandWithIsrael
18066583465521436,2024-05-09,CAROUSEL_ALBUM,N/A (not video),False,https://www.instagram.com/p/C6wUMX3rS05/,Remembering the brave souls who made the ultimate sacrifice this past week for our nation  יהי זכרם ברוך #IDFFallenHeroes #StandWithIsrael 🇮🇱
18021922553496502,2024-05-09,IMAGE,N/A (not video),False,https://www.instagram.com/p/C6v-D4lu-4U/,"3 part class series with @david_zeit_tours continues this Sunday morning, delving into the document that was signed! To watch part 1 and an entire library of Yom Haasmaut classes- see link in bio!🇮🇱 #standwithisrael"
17861003877139655,2024-05-08,VIDEO,1471,True,https://www.instagram.com/reel/C6t2LvzuvhU/,"Episode 253: “New Practices at the Wedding Ceremony: Speeches, Birkat Kohanim, Songs and Prayers”  Minhag of the Week is a weekly video series featuring Joey Mosseri, Morris Arking & Joseph Harari who educate our community about its Syrian and Middle Eastern traditions. Minhag of the Week is a project of the Sephardic Community Alliance.  #SCAMinhagOfTheWeek"
18010898228167433,2024-05-06,IMAGE,N/A (not video),False,https://www.instagram.com/p/C6oUFI-uOzE/,Save the Date 👀  May 13th @thecenterscc  🇮🇱
18265645756238656,2024-05-05,CAROUSEL_ALBUM,N/A (not video),False,https://www.instagram.com/p/C6kbK8cNmM3/,Yom HaShoah 2024 🕯️
17879327694062459,2024-05-03,IMAGE,N/A (not video),False,https://www.instagram.com/p/C6g3gy_LHYK/,🇮🇱 SCA Young Adult Israel Mission #3! 🇮🇱 See link in bio to sign up! #SCAYoungAdults
17977203251539500,2024-05-03,IMAGE,N/A (not video),False,https://www.instagram.com/p/C6g3S0bLHtg/,🇮🇱 SCA Women’s Solidarity Mission to Israel! 🇮🇱
18035348713746033,2024-05-02,CAROUSEL_ALBUM,N/A (not video),False,https://www.instagram.com/p/C6eRW5BrHaj/,Remembering the brave souls who made the ultimate sacrifice for our nation  יהי זכרם ברוך #IDFFallenHeroes #StandWithIsrael 🇮🇱
17859503760143995,2024-05-02,IMAGE,N/A (not video),False,https://www.instagram.com/p/C6d5ssduYYO/,See link in bio to access a library of Yom Ha’asmaut classes!
17982458720670141,2024-04-25,IMAGE,N/A (not video),False,https://www.instagram.com/p/C6MFkGjOECW/,"Leading up to Yom Ha’asmaut 2024, learn the history behind Israel’s Declaration of Independence through a three-part class series with @david_zeit_tours 🇮🇱 #standwithisrael"
18027590594051833,2024-04-22,VIDEO,6780,False,https://www.instagram.com/reel/C6EFcFEJ0PC/,"This week marks 4 years since the passing of SCA Co Founder Mr. Stanley Chera A”H. Back in summer 2018, SCA held a 10 year anniversary event honoring SCA founders Mr. Morris Bailey, Mr. Joe Cayre and Mr. Stanley Chera A”H. The above are some clips from the feature film shown that day in which he was featured. May his memory be a blessing. @vids_by_vic"
18017861405186300,2024-04-18,VIDEO,1387,False,https://www.instagram.com/reel/C56nzyzJhZK/,"Pesah message by Rabbi Richard Tobias  May we merit, through this Torah, the release of all of the hostages for the holiday of redemption #BringThemHomeNow"
18018184805013349,2024-04-18,VIDEO,1389,False,https://www.instagram.com/reel/C558v7LOgIu/,"Pesah message by Yoetzet Halakha Yaffa Setton  May we merit, through this Torah, the release of all of the hostages for the holiday of redemption #BringThemHomeNow"
18059286190560877,2024-04-17,VIDEO,1386,False,https://www.instagram.com/reel/C538oH2J2OB/,"Pesah message by @mijalbitton  May we merit, through this Torah, the release of all of the hostages for the holiday of redemption #BringThemHomeNow"
18022016312155002,2024-04-17,VIDEO,947,False,https://www.instagram.com/reel/C53moMbLKl7/,"In the end, it’s always most important to advocate for yourself!  To view the full talk on “Workplace Politics: Advice for Facing Tough Conversations on Israel” see link in bio!"
17988778499635528,2024-04-17,CAROUSEL_ALBUM,N/A (not video),False,https://www.instagram.com/p/C53SwPurMpL/,"[SWIPE 👉👉] Each year, we are tasked with making the Pesah story relevant to our generation. The trauma of Oct. 7, with the ongoing war and rising antisemitism around the world, invites us to study the Pesah story of redemption with new meaning. We encourage you to use this SCA Haggadah Companion alongside your traditional haggadah to enrich your seder through quotes, stories, and discussion prompts about Israel and Passover. Thank you to SCA Board Members Mrs. Miriam Zami Edeson and Rabbi Joey S"
18252341308246814,2024-04-16,VIDEO,2411,False,https://www.instagram.com/reel/C51kk3XJYgh/,"Pesah message by Mrs. Miriam Tawil  May we merit, through this Torah, the release of all of the hostages for the holiday of redemption #BringThemHomeNow"
18005991938227332,2024-04-16,VIDEO,3083,False,https://www.instagram.com/reel/C51TcwzJfr4/,Mrs. Ester Tokayer explaining the #SederSeatForAHostage campaign  See link in bio to download and print a place card of one of the hostages to be placed at a seat at your seder table this Pesah.  @bringhomenow @boardofdeputies
18012823940355324,2024-04-16,CAROUSEL_ALBUM,N/A (not video),False,https://www.instagram.com/p/C502WCNu4p2/,[SWIPE 👉👉] See link in bio to download and print a place card of one of the hostages to be placed at a seat at your seder table this Pesah. #SederSeatForAHostage @bringhomenow @boardofdeputies
18029577763950283,2024-04-15,VIDEO,1024,False,https://www.instagram.com/reel/C5y_w2ApzI6/,"Pesah message by Rabbi Daniel Kahana  May we merit, through this Torah, the release of all of the hostages for the holiday of redemption #BringThemHomeNow"
17992291994424059,2024-04-15,VIDEO,1004,False,https://www.instagram.com/reel/C5yxoKaJexY/,Brandon Pinsker shares 5 points of advice for navigating tough conversations on Israel in the workplace  For full video see link in bio
17851592235175657,2024-04-15,VIDEO,10271,False,https://www.instagram.com/reel/C5yOfP7OqPI/,Did you know that Rabbi Ikey & Mrs. Rachelle Tawil are joining our Kadima Mission to Israel in May?! Only a handful of spots left! See link in bio to apply. #SCAYoungAdults
18039459055828688,2024-04-14,VIDEO,4040,False,https://www.instagram.com/reel/C5vVYNxuFBL/,Rabbi Tobias’s opening remarks from the SCA Tehillim reading for Israel last night. Thank you to all the Rabbis and participants for joining. The prayer card used can be found in the link in our bio. May all our prayers be answered!
18025957064042265,2024-04-14,IMAGE,N/A (not video),False,https://www.instagram.com/p/C5uVBBUry5D/,Join us at 10pm!
18250209124217002,2024-04-11,VIDEO,916,False,https://www.instagram.com/reel/C5okrxypUZ0/,"Pesah message by Nachliel Selavan @themuseumguyisrael   May we merit, through this Torah, the release of all of the hostages for the holiday of redemption #BringThemHomeNow"
18030965473793319,2024-04-11,CAROUSEL_ALBUM,N/A (not video),False,https://www.instagram.com/p/C5oO-dUud-N/,Remembering the brave souls who made the ultimate sacrifice this past week for our nation  יהי זכרם ברוך #IDFFallenHeroes #StandWithIsrael 🇮🇱
18070442893444597,2024-04-10,VIDEO,1321,True,https://www.instagram.com/reel/C5lnJPcL1tf/,"Episode 252: “Pouring Drops of Wine for the Ten Plagues in the Haggadah”  Minhag of the Week is a weekly video series featuring Joey Mosseri, Morris Arking & Joseph Harari who educate our community about its Syrian and Middle Eastern traditions. Minhag of the Week is a project of the Sephardic Community Alliance.  #SCAMinhagOfTheWeek"
17922299627858222,2024-04-10,VIDEO,3040,False,https://www.instagram.com/reel/C5lJd2_uAra/,"Pesah message by @rabbidweck   May we merit, through this Torah, the release of all of the hostages for the holiday of redemption #BringThemHomeNow"
18009469676366723,2024-04-09,VIDEO,14159,False,https://www.instagram.com/reel/C5jThv3pR-i/,Living in the “new normal”- balancing day to day activities while thinking about our brothers and sisters in Israel.  Clip from SCA Night of Empowerment & Education with @lizzysavetsky
18285035026163608,2024-04-09,CAROUSEL_ALBUM,N/A (not video),False,https://www.instagram.com/p/C5i3dUHuPqY/,Reminder that our virtual Workplace Politics event takes place tomorrow night at 8:00pm- see link in bio to join the zoom!
18015476084230517,2024-04-08,VIDEO,2157,False,https://www.instagram.com/reel/C5gbkvTr_fO/,"SCA Pesah message by Ms. Vivian Cohen  May we merit, through this Torah, the release of all of the hostages for the holiday of redemption #BringThemHomeNow"
18122624530349960,2024-04-07,VIDEO,826,False,https://www.instagram.com/reel/C5cLD8PLSrr/,"Why its so difficult, yet necessary, to stand up for Israel  Clip from SCA Night of Empowerment & Education with @lizzysavetsky"
18019650829980297,2024-04-05,VIDEO,1983,False,https://www.instagram.com/reel/C5YnodarxAV/,"It’s always a pleasure working with @david_zeit_tours ! Thank you for helping spearhead Bridge the Gap 2024!  . SCA Bridge the Gap is an annual program that brings our young adults together- from the variety of seminaries and Yeshivot in Israel- to reconnect, bond and discuss issues that are important to them going into the next stage of adulthood. Bridge the Gap is  generous sponsored by Toby and Ronny Hersh #SCAYoungAdults"
17953792898771815,2024-04-05,CAROUSEL_ALBUM,N/A (not video),False,https://www.instagram.com/p/C5W_vp9xhWG/,Remembering the brave souls who made the ultimate sacrifice this past week for our nation  יהי זכרם ברוך #IDFFallenHeroes #StandWithIsrael 🇮🇱
18344044912100537,2024-04-04,CAROUSEL_ALBUM,N/A (not video),False,https://www.instagram.com/p/C5WunLaxu3j/,For the third month in a row SCA is featured in the Image Magazine! See link in bio to read all about our SCA Kadima Chopped event with Mia Schem! #SCAYoungAdults #StandWithIsrael
18079576189459518,2024-04-04,CAROUSEL_ALBUM,N/A (not video),False,https://www.instagram.com/p/C5WVUoMRV3S/,"🚨 Contest time 🚨  Comment below the name of one of the nine books that you’d like to read and in that same comment tag someone you’d like to read it with.   If you’re one of the lucky winners, you and the person you tag will receive a FREE copy of that book.   3 pairs of winners will be chosen Friday, April 12th, 2024.   Good luck!  *Winners must be following @SCA_updates *"
18240491467247110,2024-04-04,VIDEO,1049,False,https://www.instagram.com/reel/C5V4q3uOqXz/,When you need a boost of energy to continue fighting on behalf of Israel- day in and day out- watch THIS clip from SCA Night of Empowerment & Education with @lizzysavetsky
17926716824849558,2024-04-03,VIDEO,1373,True,https://www.instagram.com/reel/C5TnrkELUqy/,"Episode 251: “Syrian Wedding Ceremony: Ring or Coin?”  Minhag of the Week is a weekly video series featuring Joey Mosseri, Morris Arking & Joseph Harari who educate our community about its Syrian and Middle Eastern traditions. Minhag of the Week is a project of the Sephardic Community Alliance.  #SCAMinhagOfTheWeek"
17910795881925344,2024-04-03,VIDEO,1786,False,https://www.instagram.com/reel/C5R37DaJyS_/,Joe Gindi shares his thoughts on what you should be doing to prepare yourself for college  . Check out the full talk “The Power of Speaking Up” by visiting link in bio!
18016022594472193,2024-04-02,IMAGE,N/A (not video),False,https://www.instagram.com/p/C5RH7bMuWuw/,See link in bio to access a library of Pesah classes!
18431348743047946,2024-04-02,VIDEO,1783,False,https://www.instagram.com/reel/C5QzXZrO3Nf/,Being proud of living a Jewish life. Clip from SCA Night of Empowerment & Education with @lizzysavetsky
17964638117609149,2024-04-01,CAROUSEL_ALBUM,N/A (not video),False,https://www.instagram.com/p/C5PBgWnJa71/,Workplace Politics: Advice for Facing Tough Conversations on Israel 🇮🇱  *Note New Date*
17873782800070068,2024-04-01,CAROUSEL_ALBUM,N/A (not video),False,https://www.instagram.com/p/C5O0JPWJcLA/,"Highlights from SCA Bridge the Gap 2024! 🇮🇱  . SCA Bridge the Gap is an annual program that brings our young adults together- from the variety of seminaries and Yeshivot in Israel- to reconnect, bond and discuss issues that are important to them going into the next stage of adulthood . Thank you to our generous sponsors Toby and Ronny Hersh #SCAYoungAdults #SCABridgeTheGap"
18430308616009109,2024-03-31,VIDEO,1998,False,https://www.instagram.com/reel/C5KH2uOJC5R/,Joe Gindi speaks to how he was invited to speak to congress and how it felt testifying about antisemitism on campus.  . Check out the full talk “The Power of Speaking Up” by visiting link in bio!
18000174086595308,2024-03-29,CAROUSEL_ALBUM,N/A (not video),False,https://www.instagram.com/p/C5GJuDaplR-/,Remembering the brave souls who made the ultimate sacrifice this past week for our nation  יהי זכרם ברוך #IDFFallenHeroes #StandWithIsrael 🇮🇱
18339407821108508,2024-03-28,CAROUSEL_ALBUM,N/A (not video),False,https://www.instagram.com/p/C5ESSd3unop/,"We are truly saddened to hear of the passing of Senator Joe Lieberman- a true friend to the community and the Jewish world at large. Just over 2 years ago we had the honor of partnering with @thecenterscc in hosting him and Meghan Mccain for a special panel discussion on standing up against antisemitism. The lessons he taught us that night, and throughout his life, will always be treasured. May his memory be a blessing."
18019172429493550,2024-03-26,VIDEO,5185,False,https://www.instagram.com/reel/C4_n2-uph5V/,The Power of Speaking Up  Hear from Joe J Gindi about his experience testifying before Congress regarding the antisemitism at Rutgers University
18075543220462810,2024-03-26,CAROUSEL_ALBUM,N/A (not video),False,https://www.instagram.com/p/C4-y7tXOeZt/,Welcome to the team!
18060711346478369,2024-03-22,VIDEO,6186,False,https://www.instagram.com/reel/C400LexuORZ/,This past week SCA partnered with women in the community in a solidarity trip to Israel called “Israel Strong”. Read the comments below 👇👇 for a write up from Sophia Mishaan & Frieda Cattan about their experience 🇮🇱 💪🏻 #AmYisraelHai #StandWithIsrael @mickimoon @monique_haddad @friedacattancoaching @robinrahmey @kimcayre @florenceelbaum @irisshalam @sophiamishaan @bettysitt @marlenetawil @sheilasmonsters @friedaacayre
17994033329356405,2024-03-22,CAROUSEL_ALBUM,N/A (not video),False,https://www.instagram.com/p/C40PBk5JeO3/,Remembering the brave souls who made the ultimate sacrifice this past week for our nation  יהי זכרם ברוך #IDFFallenHeroes #StandWithIsrael 🇮🇱
18428714446007669,2024-03-21,IMAGE,N/A (not video),False,https://www.instagram.com/p/C4yOKRduE48/,The Power of Speaking Up 🗣️
18431846146042743,2024-03-21,VIDEO,1212,False,https://www.instagram.com/reel/C4xs_E4udpf/,We’ve compiled a list of 100+ SCA affiliate megilah readings- see link in bio to access and share with friends and family!
18060149233529786,2024-03-20,CAROUSEL_ALBUM,N/A (not video),False,https://www.instagram.com/p/C4v95Xep8kq/,"[SWIPE 👉👉] This past Monday night we hosted the one and only @lizzysavetsky ! Moderated by @jashkenazi , the night focused on fighting antisemitism through empowerment and education💪🏻 🇮🇱"
17995706282549505,2024-03-19,IMAGE,N/A (not video),False,https://www.instagram.com/p/C4tdme5pqkE/,SCA & High on Life present… CHAI ON LIFE! 🇮🇱 🎶  Sign up for an EPIC women’s trip to Israel where we’ll be “Healing together through music and movement”!
18103165165354612,2024-03-19,VIDEO,6560,False,https://www.instagram.com/reel/C4tCqKcuFd4/,"Pics are in! No words to describe the energy in the building at last week’s SCA Chopped event. Kadima, a division of SCA Young Adults, put together the incredible night in honor of @mia_schem and her family to help raise awareness and funds for the hostages and their families. Congrats to team “Hummus Hustlers” for going home with the win! #SCAYoungAdults"
17959084064733858,2024-03-18,IMAGE,N/A (not video),False,https://www.instagram.com/p/C4qmywiJMJQ/,Join us as we celebrate Yom Ha’asmaut in unity with Am Yisrael and help strengthen our nation! 🇮🇱  See link in bio to apply! #SCAYoungAdults
18030564409906187,2024-03-14,CAROUSEL_ALBUM,N/A (not video),False,https://www.instagram.com/p/C4gh4HIJZSD/,Remembering the brave souls who made the ultimate sacrifice this past week for our nation  יהי זכרם ברוך #IDFFallenHeroes #StandWithIsrael 🇮🇱
18067648612449943,2024-03-13,VIDEO,1505,True,https://www.instagram.com/reel/C4dhif6Lbu6/,"Episode 250: “Noisemaking During the Reading of the Megilah“  Minhag of the Week is a weekly video series featuring Joey Mosseri, Morris Arking & Joseph Harari who educate our community about its Syrian and Middle Eastern traditions. Minhag of the Week is a project of the Sephardic Community Alliance.  #SCAMinhagOfTheWeek"
18288247315094042,2024-03-12,IMAGE,N/A (not video),False,https://www.instagram.com/p/C4blzqsJl4P/,Bridge the Gap is back! Link to sign up in bio. Thank you to our generous sponsors Toby and Ronny Hersh #SCAYoungAdults #SCABridgeTheGap
18314230816130043,2024-03-11,IMAGE,N/A (not video),False,https://www.instagram.com/p/C4YpV61pvdx/,"Join us this Wednesday @yofhs for special guest speaker Dr. Yael Ziegler, as part of our SCA Torah learning program!"
18223176523278194,2024-03-11,CAROUSEL_ALBUM,N/A (not video),False,https://www.instagram.com/p/C4YC544uOzv/,SWIPE 👉👉 to see the teams for SCA CHOPPED on Wednesday night. See link in bio to purchase tickets! #SCAYoungAdults
18000991613242962,2024-03-10,VIDEO,3341,False,https://www.instagram.com/reel/C4WVA6Yp2zs/,Join us next Monday night in The Club for a night of empowerment and education featuring an exclusive live interview with @lizzysavetsky !  Interviewed by Jack E. Ashkenazi  See link in bio to purchase tickets!
17878804058981410,2024-03-08,CAROUSEL_ALBUM,N/A (not video),False,https://www.instagram.com/p/C4QRHpNpKer/,Remembering the brave souls who made the ultimate sacrifice this past week for our nation  יהי זכרם ברוך #IDFFallenHeroes #StandWithIsrael 🇮🇱
17956517498628604,2024-03-07,CAROUSEL_ALBUM,N/A (not video),False,https://www.instagram.com/p/C4OR86huxVr/,For the second month in a row SCA is featured as the cover story of the Image Magazine! See link in bio to read all about our SCA Kadima Mission to Israel! #SCAYoungAdults #StandWithIsrael
17958739649723520,2024-03-07,CAROUSEL_ALBUM,N/A (not video),False,https://www.instagram.com/p/C4N2z-_OK-d/,#BringThemHomeNow
18418533460045839,2024-03-06,IMAGE,N/A (not video),False,https://www.instagram.com/p/C4Lw1dQpGWl/,SCA Kadima Young Adults Present: CHOPPED!  See link in bio to purchase tickets! #SCAYoungAdults
18045436531567066,2024-03-06,VIDEO,1679,True,https://www.instagram.com/reel/C4LmTCBOHHr/,"Episode 249: “Syrian Weddings: Marching, Facing the Crowd, Talet, Besamim Blessing & The Wedding Pizmon”  Minhag of the Week is a weekly video series featuring Joey Mosseri, Morris Arking & Joseph Harari who educate our community about its Syrian and Middle Eastern traditions. Minhag of the Week is a project of the Sephardic Community Alliance.  #SCAMinhagOfTheWeek"
18036747088744787,2024-03-05,VIDEO,5440,False,https://www.instagram.com/reel/C4JByZVuyg7/,Incredible recap video from @vidsbylid on our SCA Kadima Mission to Israel! 🇮🇱 #SCAYoungAdults
18033149947878099,2024-03-04,VIDEO,28240,False,https://www.instagram.com/reel/C4GPDN6LI0V/,Join us March 18th in The Club for a night of empowerment and education featuring an exclusive live interview with @lizzysavetsky !  Interviewed by Jack E. Ashkenazi  See link in bio to purchase tickets!
17997631058301113,2024-02-29,CAROUSEL_ALBUM,N/A (not video),False,https://www.instagram.com/p/C38Sf04JDaz/,Remembering the brave souls who made the ultimate sacrifice this past week for our nation  יהי זכרם ברוך #IDFFallenHeroes #StandWithIsrael 🇮🇱
17880255558019777,2024-02-26,VIDEO,6107,False,https://www.instagram.com/reel/C30RXoKuKro/,SCA Kadima Mission Day 6- After an amazing Shabbat together we had the privilege to have dinner with former hostage Mia Schem and her family. To end off the night Ishay Ribo joined us for a private concert in which he sang a brand new song dedicated to Mia and the hostages. #SCAYoungAdults #AmYisraelHai #StandWithIsrael
17995501073318319,2024-02-23,VIDEO,10879,False,https://www.instagram.com/reel/C3sjQ4cLrUn/,"Norman Jemal speaks about what it’s like being in Israel for the very first time and Nicole Bibi discusses how meaningful it was to start day 5 of the SCA Kadima Mission by hearing from the brother of Elkana Bohbot, who has been held hostage by Hamas since October 7th. #BringThemHomeNow #SCAYoungAdults #AmYisraelHai #StandWithIsrael"
17997197084302346,2024-02-23,VIDEO,4004,False,https://www.instagram.com/reel/C3sdsYfuv0x/,To wrap up SCA Kadima Mission Day 4 we went bowling and had a pizza party with teens who live up north but were forced to relocate due to the war. They have been living with their families in hotels for months and many of them haven’t been told when they’ll be permitted to return home- so this night was a chance for them to just relax and have fun! #SCAYoungAdults #AmYisraelHai #StandWithIsrael  Song: Olam Hesed Yibane by @rj2music
18039654844680932,2024-02-23,CAROUSEL_ALBUM,N/A (not video),False,https://www.instagram.com/p/C3sUSjLu7_W/,Remembering the brave souls who made the ultimate sacrifice this past week for our nation  יהי זכרם ברוך #IDFFallenHeroes #StandWithIsrael 🇮🇱
17949622250649861,2024-02-22,VIDEO,19102,False,https://www.instagram.com/reel/C3qte00NaKM/,SCA Kadima Mission Day 4- Renna Falack & Diane Catton sharing how it felt doing Bikur Holim in Tel Hashomer Hospital #SCAYoungAdults #AmYisraelHai #StandWithIsrael
18006315827110734,2024-02-22,VIDEO,10825,False,https://www.instagram.com/reel/C3qiJCONGsv/,Day 4 of SCA Kadima Mission- interacting with soldiers on their base and giving them beef jerky that we made through @ibf_israelbeefforces !! #SCAYoungAdults #AmYisraelHai #StandWithIsrael
18218243107277239,2024-02-22,VIDEO,5225,False,https://www.instagram.com/reel/C3qB2TUJHW9/,Day 4 of SCA Kadima Mission started with doing Hafrashat Hallah with the family of hostage Elyakim Libman followed by planting on the farm showing that through thick and thin Am Yisrael will continue to grow 🌱 #SCAYoungAdults #AmYisraelHai #StandWithIsrael
18039875914664352,2024-02-22,VIDEO,7333,False,https://www.instagram.com/reel/C3oPz58NWW0/,For the second half of day 3 of SCA Kadima Mission we organized a carnival for the families of the Shokeda neighborhood who just moved back home after four months! #SCAYoungAdults #AmYisraelHai #StandWithIsrael
18328466080142312,2024-02-21,VIDEO,9501,False,https://www.instagram.com/reel/C3n5D7fN8tg/,"Israel: Mission Possible  Marking 4 months since the first Israel mission. These community members have each been to Israel THREE times since Oct 7th.  A conversation moderated by Mrs. Esther Tokayer  Featuring Bobby Dweck, Ikey Cabasso & Raymond Tawil"
18017790089122948,2024-02-21,VIDEO,5140,False,https://www.instagram.com/reel/C3nqVnstmO_/,Day 3 of SCA Kadima Mission began with visiting a makeshift school for children who were forced to evacuate their homes on October 7th #SCAYoungAdults #AmYisraelHai #StandWithIsrael
17931471806731808,2024-02-21,VIDEO,2294,True,https://www.instagram.com/reel/C3njNJ1OT0K/,"Episode 248: “Holding and Kissing Ssissiyot During Qeriat Shema’ “  Minhag of the Week is a weekly video series featuring Joey Mosseri, Morris Arking & Joseph Harari who educate our community about its Syrian and Middle Eastern traditions. Minhag of the Week is a project of the Sephardic Community Alliance.  #SCAMinhagOfTheWeek"
18020473883045282,2024-02-21,VIDEO,8866,False,https://www.instagram.com/reel/C3m_-p0NNXg/,Israel: Mission Possible
17887570203003192,2024-02-20,VIDEO,7761,False,https://www.instagram.com/reel/C3llewQtMTg/,To end off day two of SCA Kadima Mission we partnered with @chaiyanu_chai_lifeline_israel for an amazing barbecue with IDF soldiers! #SCAYoungAdults #AmYisraelHai #StandWithIsrael
18035520640837035,2024-02-20,VIDEO,11142,False,https://www.instagram.com/reel/C3lLxg7pehg/,SCA Kadima Mission Day 2- Eva Tawil sharing what it was like to visit the location of the Nova Festival where hundreds were murdered on October 7th. #SCAYoungAdults #AmYisraelHai #StandWithIsrael
18258809815238602,2024-02-20,VIDEO,10949,False,https://www.instagram.com/reel/C3lDe5TJW2t/,Board Member Bobby Dweck speaking to the young adults on SCA Kadima Mission as we hang the plaque at the healing center in Lahav Farms. To donate to this important cause see link in bio #SCAYoungAdults #AmYisraelHai #StandWithIsrael
18026786128785501,2024-02-20,VIDEO,7340,False,https://www.instagram.com/reel/C3k6NrluJSy/,Day 2 of SCA Kadima Mission started with continuing where our Hineni mission left off. We helped expand the healing center at Lahav Farms. @daniel_yehuda_official #SCAYoungAdults #AmYisraelHai #StandWithIsrael
18015237857151622,2024-02-19,VIDEO,13106,False,https://www.instagram.com/reel/C3i11CQNUva/,To end off day 1 of SCA Kadima Mission we had a BBQ with IDF soldiers! Watch as Jack Ashkenazi recaps the night. #SCAYoungAdults #AmYisraelHai #StandWithIsrael
18041428846647566,2024-02-19,VIDEO,8799,False,https://www.instagram.com/reel/C3iRkZ6L6iu/,"This afternoon SCA Kadima Mission visited injured soldiers at Soroka Medical Center. We dressed up for the month of Adar and after hearing their experiences, gave each patient a gift, expressing our gratitude for keeping us safe. #SCAYoungAdults #AmYisraelHai #StandWithIsrael"
17905246019846450,2024-02-19,VIDEO,10627,False,https://www.instagram.com/reel/C3h-U6et-PU/,This morning SCA Kadima Mission went to IBF to make beef jerky for our soldiers who are on the front lines. From slicing and weighing to dehydrating and packaging- we assisted in every step of the process. We also got the opportunity to write meaningful messages to the soldiers on each bag. #SCAYoungAdults #AmYisraelHai #StandWithIsrael   Song: “We’re Stronger Together” by @101voices
18313938979192189,2024-02-15,CAROUSEL_ALBUM,N/A (not video),False,https://www.instagram.com/p/C3YlBC6JNRt/,Remembering the brave souls who made the ultimate sacrifice this past week for our nation  יהי זכרם ברוך #IDFFallenHeroes #StandWithIsrael 🇮🇱
18322545469113892,2024-02-14,VIDEO,2089,True,https://www.instagram.com/reel/C3VitWML5Zw/,"Episode 247: “New Practices on the Wedding Day: Appointing a Shomer, Yom Kippur Minha & Praying”  Minhag of the Week is a weekly video series featuring Joey Mosseri, Morris Arking & Joseph Harari who educate our community about its Syrian and Middle Eastern traditions. Minhag of the Week is a project of the Sephardic Community Alliance.  #SCAMinhagOfTheWeek"
18001434233458248,2024-02-08,CAROUSEL_ALBUM,N/A (not video),False,https://www.instagram.com/p/C3GkycJpXe7/,Remembering the brave souls who made the ultimate sacrifice this past week for our nation  יהי זכרם ברוך #IDFFallenHeroes #StandWithIsrael 🇮🇱
18010074677218152,2024-02-08,VIDEO,2184,False,https://www.instagram.com/reel/C3F_oHHupFW/,"Join us next week for a discussion on DEI, WOKE CULTURE AND THE DANGERS TO AMERICAN JEWS"
17907680042830566,2024-02-07,CAROUSEL_ALBUM,N/A (not video),False,https://www.instagram.com/p/C3D-6s0Jpup/,"Thank you to @jencabasso & @ikeycab for hosting last night’s SCA/ILEAD Hineni trip reunion! It was a chance for us all to reflect back on our experiences in Israel and reconnect to each other. Highlights of the night included a delicious Israel style dinner, Dibre Torah from Rabbi @nathanzaboulani and a slideshow by @vids_by_vic ! #SCAYoungAdults #AmYisraelHai #StandWithIsrael"
18256101766229035,2024-02-07,VIDEO,1159,True,https://www.instagram.com/reel/C3DgVnLOK3j/,"Episode 246: “Tefilla BeSibbur: Shabbat Nisabim, Vayelekh & Haazinu- Part 2”  Minhag of the Week is a weekly video series featuring Joey Mosseri, Morris Arking & Joseph Harari who educate our community about its Syrian and Middle Eastern traditions. Minhag of the Week is a project of the Sephardic Community Alliance.  #SCAMinhagOfTheWeek"
18011638118275969,2024-02-06,VIDEO,1834,False,https://www.instagram.com/reel/C3BWCsSpRNe/,“The Secret Story of Teqoa and Perashat Mishpatim” by Moey Sutton
18412415863048690,2024-02-06,CAROUSEL_ALBUM,N/A (not video),False,https://www.instagram.com/p/C3AxgZ9ODxD/,Extra! Extra! Read All About It! Did you see this month’s IMAGE Magazine yet? The cover story is all about the SCA/ILEAD Hineni Mission! See link in bio for the PDF version. @art.by.sarah.2468 @ssalz820 @_jeanettecohen  #SCAYougAdults #AmYisraelHai #StandWithIsrael
18016520986920056,2024-02-05,VIDEO,1823,False,https://www.instagram.com/reel/C2-fxsrJYgw/,Halftime is Torah Time! 🏈
18277458298161675,2024-02-04,IMAGE,N/A (not video),False,https://www.instagram.com/p/C27bdcvpU44/,For many years SCA has been leading on strategies and programming for our Young Adults to navigate antisemitism on campus and beyond. As the scale and complexity of the issues facing them has grown so to must our resources. We thank these distinguished experts for joining our effort as Special Advisors on Campus Antisemitism. Their deep experience and passion will help us as we scale to meet this growing challenge. #SCAYoungAdults
18071174476425333,2024-02-01,CAROUSEL_ALBUM,N/A (not video),False,https://www.instagram.com/p/C20Wm7ZJl6E/,Remembering the brave souls who made the ultimate sacrifice this past week for our nation  יהי זכרם ברוך #IDFFallenHeroes #StandWithIsrael 🇮🇱
17996070116451956,2024-01-31,VIDEO,1789,True,https://www.instagram.com/reel/C2xg-xuO7lO/,"Episode 245: “Knives on the Table During Birkat Hamazon”  Minhag of the Week is a weekly video series featuring Joey Mosseri, Morris Arking & Joseph Harari who educate our community about its Syrian and Middle Eastern traditions. Minhag of the Week is a project of the Sephardic Community Alliance.  #SCAMinhagOfTheWeek"
18009240563221142,2024-01-30,CAROUSEL_ALBUM,N/A (not video),False,https://www.instagram.com/p/C2utLQ_OYfZ/,[SWIPE 👉👉] SCA Torah Spring 2024 Daytime Learning Program!
18054451783535653,2024-01-26,VIDEO,6787,False,https://www.instagram.com/reel/C2kYkJHO1GI/,Rabbi Richard Tobias shares a powerful message on the Perasha and the importance of visiting Israel! 🇮🇱
17959034675603708,2024-01-26,CAROUSEL_ALBUM,N/A (not video),False,https://www.instagram.com/p/C2j9YdxpWoK/,Remembering the brave souls who made the ultimate sacrifice this past week for our nation  יהי זכרם ברוך #IDFFallenHeroes #StandWithIsrael 🇮🇱
17924305376750644,2024-01-25,VIDEO,4550,False,https://www.instagram.com/reel/C2iDPXXuZ5b/,Jesse Salem plants a tree in Hebron on Tu BiShbat 🇮🇱 🌳  It’s time for YOU to come to Israel to make an impact on our homeland.
18104621452339793,2024-01-24,VIDEO,1753,True,https://www.instagram.com/reel/C2fbdUfO2EW/,"Episode 244: “Uniqueness of the Halabi Ketubah”  Minhag of the Week is a weekly video series featuring Joey Mosseri, Morris Arking & Joseph Harari who educate our community about its Syrian and Middle Eastern traditions. Minhag of the Week is a project of the Sephardic Community Alliance.  #SCAMinhagOfTheWeek"
18012735014128326,2024-01-21,IMAGE,N/A (not video),False,https://www.instagram.com/p/C2XQsdduTRp/,TRIP EXTENSION DUE TO OVERWHELMING DEMAND! Young Adult Israel Mission Trip: KADIMA! 🇮🇱  Limited space available  See link in bio to apply
18033231256740659,2024-01-19,CAROUSEL_ALBUM,N/A (not video),False,https://www.instagram.com/p/C2R7yyUuLZL/,Remembering the brave souls who made the ultimate sacrifice this past week for our nation  יהי זכרם ברוך #IDFFallenHeroes #StandWithIsrael 🇮🇱
18041101891717217,2024-01-18,IMAGE,N/A (not video),False,https://www.instagram.com/p/C2PqBkgOqvB/,Get ready for another amazing season of Torah learning!
18033547819702167,2024-01-17,VIDEO,1439,True,https://www.instagram.com/reel/C2Nbp64u-37/,"Episode 243: “Tefilla BeSibbur: Shabbat Nisabim, Vayelekh & Haazinu- Part 1”  Minhag of the Week is a weekly video series featuring Joey Mosseri, Morris Arking & Joseph Harari who educate our community about its Syrian and Middle Eastern traditions. Minhag of the Week is a project of the Sephardic Community Alliance.  #SCAMinhagOfTheWeek"
18001721138515899,2024-01-15,VIDEO,5287,False,https://www.instagram.com/reel/C2IeKi3pdym/,The main focus of our SCA/ILEAD Hineni trip was helping build a rehabilitation facility on Lahav Farms in Israel. Shoutout to @estheticmedia for creating this awesome recap reel! #SCAYoungAdults #StandWithIsrael #AmYisraelHai
18224362294248996,2024-01-12,CAROUSEL_ALBUM,N/A (not video),False,https://www.instagram.com/p/C1_4fs6J8m-/,Remembering the brave souls who made the ultimate sacrifice this past week for our nation  יהי זכרם ברוך #IDFFallenHeroes #StandWithIsrael 🇮🇱
17965162391690539,2024-01-11,VIDEO,6191,False,https://www.instagram.com/reel/C1-ikxwp7uR/,"*Full Clip* Tehilim never felt so appropriate! SCA board member Jesse Salem reads a perek of Tehilim in the Be’eri synagogue during the SCA/ILEAD Hineni trip, pointing out how so many of the pesukim reference current events we are experiencing as a nation #SCAYoungAdults #AmYisraelHai #StandWithIsrael"
17940850364783754,2024-01-11,VIDEO,2729,False,https://www.instagram.com/reel/C1-H2UKpOot/,“The Race to the Cave of the Patriarchs” by Moey Sutton
18265225306201565,2024-01-11,IMAGE,N/A (not video),False,https://www.instagram.com/p/C19myGYuuWK/,Young Adult Israel Mission Trip: KADIMA! 🇮🇱  Limited space available  See link in bio to apply
17919897770836311,2024-01-10,IMAGE,N/A (not video),False,https://www.instagram.com/p/C174uRuO9Td/,100 Days In Captivity. Help bring them home now!
18028123498857528,2024-01-10,VIDEO,1251,True,https://www.instagram.com/reel/C17aTYruda4/,"Episode 242: “Omitting Hoshi’enu on Fridays”  Minhag of the Week is a weekly video series featuring Joey Mosseri, Morris Arking & Joseph Harari who educate our community about its Syrian and Middle Eastern traditions. Minhag of the Week is a project of the Sephardic Community Alliance.  #SCAMinhagOfTheWeek"
18001197248141167,2024-01-10,VIDEO,4567,False,https://www.instagram.com/reel/C15oOSerDRl/,"Here @eylonalevy, Israeli Government Spokesman, lists effective methods for standing up for Israel on college campuses to the young adults on the SCA/ILEAD Hineni trip #SCAYoungAdults #StandWithIsrael #AmYisraelHai"
18010846826175836,2024-01-09,VIDEO,5898,False,https://www.instagram.com/reel/C14qmOXOi9d/,"In meeting with @giltroy1 on the SCA/ILEAD Hineni trip, he stressed to us the courage needed to stand up for Israel. It’s not always easy, but it’s crucial for the future of our homeland #SCAYoungAdults #StandWithIsrael #AmYisraelHai"
17963985929690111,2024-01-09,VIDEO,6916,False,https://www.instagram.com/reel/C13DM-hJ_fk/,"Who is responsible for what is happening in Gaza? Watch this clip of @yosephhaddad, an Arab Israeli, who spoke to the SCA/ILEAD Hineni mission young adults #SCAYoungAdults #AmYisraelHai #StandWithIsrael"
18023056735904948,2024-01-08,VIDEO,8121,False,https://www.instagram.com/reel/C10ep9YLmim/,"What should be your response to someone who says that there are so many innocent people being killed? Watch this clip from @eylonalevy, Israeli Government Spokesman, from the exclusive talk given to young adults on the SCA/ILEAD Hineni trip #SCAYoungAdults  #StandWithIsrael #AmYisraelHai"
18008586773276863,2024-01-06,VIDEO,6524,False,https://www.instagram.com/reel/C1xsHfzJayY/,"Here @yosephhaddad speaks to the SCA/ILEAD Hineni mission about how both Jews and Arabs are able to serve in the IDF and when attacked by terrorist groups like Hamas and Hezbollah, Israelis from across the spectrum suffer #SCAYoungAdults #AmYisraelHai #StandWithIsrael"
17909456231879311,2024-01-05,CAROUSEL_ALBUM,N/A (not video),False,https://www.instagram.com/p/C1t1OU2LEQY/,Remembering the brave souls who made the ultimate sacrifice this past week for our nation  יהי זכרם ברוך #IDFFallenHeroes #StandWithIsrael 🇮🇱
18246868393232381,2024-01-04,VIDEO,5319,False,https://www.instagram.com/reel/C1rkqlhOofo/,A highlight of the SCA/ILEAD Hineni young adult trip to Israel was being able to hear from @eylonalevy- Israeli Government Spokesman! 😳 #SCAYoungAdults #AmYisraelHai #StandWithIsrael
18012504860118009,2024-01-03,VIDEO,6749,False,https://www.instagram.com/reel/C1p9sw-pRvU/,SCA/ILEAD Hineni Trip Last Day- Part 2: At Belev Echad we met with wounded soldiers to hear their stories and then packed packages for soldiers #SCAYoungAdults #AmYisraelHai #StandWithIsrael   Song: “Olam Chesed Yibaneh” by @rj2music
18051784075533340,2024-01-03,VIDEO,1666,True,https://www.instagram.com/reel/C1pYrDmuJHG/,"Episode 241: “Overview of Traditional Syrian Wedding Ceremonies”  Minhag of the Week is a weekly video series featuring Joey Mosseri, Morris Arking & Joseph Harari who educate our community about its Syrian and Middle Eastern traditions. Minhag of the Week is a project of the Sephardic Community Alliance.  #SCAMinhagOfTheWeek"
18036785425631860,2024-01-03,VIDEO,11916,False,https://www.instagram.com/reel/C1nnepkrLOt/,"It was such an honor to be able to hear from @yosephhaddad, an Israeli Arab, who has been an important advocate for Israel on the world stage, speaking to us about many of the misconceptions people have about Israel and how we too can stand up for the truth. #AmYisraelHai #StandWithIsrael #SCAYoungAdults"
17971040021654742,2024-01-02,VIDEO,4654,False,https://www.instagram.com/reel/C1mroeNr7YQ/,We really packed it all in on the last day of our Hineni trip! Following a special class by Rabbi Rimon we headed out to ice skate with displaced teens and families of hostages. It was an opportunity for them to simply have fun after all they’ve been through since October 7th. #AmYisraelHai #StandWithIsrael #SCAYoungAdults Song: “We’re stronger together” by @101voices
17965160969553560,2024-01-01,VIDEO,7769,False,https://www.instagram.com/reel/C1j-2iwOCEA/,After an amazing shabbat- we had the opportunity to hear from acclaimed author @GilTroy1. He spoke to us about having pride in our zionism while on campus and wherever we are in our lives. We were also thrilled to spend Shabbat and this dinner with community member Ronny Novick who is currently serving in the IDF! #StandWithIsrael #AmYisraelHai #SCAYoungAdults
18013900388037694,2023-12-29,IMAGE,N/A (not video),False,https://www.instagram.com/p/C1cmZVRJRyT/,One of the most important aspects of our trip is educating and preparing our young adults to be advocates of Israel on campus and in their work lives. That’s why we put together a stellar lineup of speakers for them hear from this weekend! #SCAYoungAdults
17918731964837178,2023-12-29,VIDEO,8310,False,https://www.instagram.com/reel/C1cf4M0u_Vv/,"More on last night’s barbecue for our soldiers. Trip participants taking us through what they had to do to make it happen as well as actual footage of IDF soldiers coming off their tanks, elated to see what our young adults put together for them on such short notice! Here we are. Hineni. #AmYisraelHai #StandWithIsrael #SCAYoungAdults"
18006968339279238,2023-12-29,VIDEO,4449,False,https://www.instagram.com/reel/C1cTa8FuuDo/,Rabbi Nathan Zaboulani shares an incredible story from our Hineni Trip #StandWithIsrael #AmYisraelHai #SCAYoungAdults
18216334870266691,2023-12-29,VIDEO,2421,False,https://www.instagram.com/reel/C1cLJVYu_xx/,“Unity- What’s Your Role?” SCA Shabbat Message from Rabbi Richard Tobias
18072180700449985,2023-12-28,VIDEO,8521,False,https://www.instagram.com/reel/C1aRqdupz5Q/,"Answering the call! Watch this incredible update from Jeffrey Beyda, Jesse Salem and our madrich Gidi on how our young adults went above and beyond tonight putting it all together on such short notice- What amazing young adults we have! Their parents and our community should be proud! #AmYisraelHai #StandWithIsrael #SCAYoungAdults"
18327483571110426,2023-12-28,CAROUSEL_ALBUM,N/A (not video),False,https://www.instagram.com/p/C1aIL2upJDr/,Remembering the brave souls who made the ultimate sacrifice this past week for our nation  יהי זכרם ברוך #IDFFallenHeroes #StandWithIsrael 🇮🇱
18006659606237067,2023-12-28,VIDEO,6294,False,https://www.instagram.com/reel/C1Z659ousdv/,"This morning was undoubtedly the toughest part of the trip so far. We went to Kibutz Be’eri to bear witness to the inhumane atrocities that Hamas committed on October 7th. From there we went to Adi Negev, a school for disabled children, where we interacted with the kids. It was a really emotional first half of the day, but nonetheless we must be there for our brothers and sisters- in happy times and in sad times. Hineni. #StandWithIsrael #AmYisraelHai #SCAYoungAdults"
17994444755240531,2023-12-27,VIDEO,5359,False,https://www.instagram.com/reel/C1X8RylpM7F/,"We ended Day 3 of Hineni by throwing a barbecue for our soldiers. We were thrilled to be able to help prepare and serve the delicious food to our heroes. We danced and sang together and we got to know them and to hear about their experiences. Most importantly, we had the opportunity to tell them how much we support them and although we live on the other side of the world- express to them we are here together. Hineni. #AmYisraelHai #StandWithIsrael #SCAYoungAdults"
18036084823634492,2023-12-27,VIDEO,6286,False,https://www.instagram.com/reel/C1X2wR2Jw1P/,"This afternoon we returned to Lahav Farms where we resumed building the rehabilitation center for those traumatized by the events of October 7th. We then prayed Tehilim at a memorial by the farm for Adrienne Neta, a farm employee and nurse, who was brutally murdered by Hamas terrorists at her home in Kibbutz Be’eri. We hiked to the site of an ancient synagogue where we prayed Minha and when nightfall hit we bonded together over songs and bonfire lead by @rj2music (in a fire pit and on benches th"
17976034589499809,2023-12-27,VIDEO,4690,False,https://www.instagram.com/reel/C1XhW5OplZe/,"This morning we visited a school in Yerucham that was set up for elementary aged kids from the Southern Kibbutzim who have been displaced since October 7th. Our young adults instantly connected to them- giving out toys and ice cream, playing sports and games and brought smiles to their faces. Special shoutout to Mia Horovitz for all the toys! We showed them that we’re in this together. Here we are. Hineni. #StandWithIsrael #amyisraelhai #SCAYoungAdults"
18019802461938667,2023-12-27,VIDEO,1234,True,https://www.instagram.com/reel/C1XXEjAOHhW/,"Episode 240: “Tefilla BeSibbur: Shabbat Ki Tesse & Ki Tabo”  Minhag of the Week is a weekly video series featuring Joey Mosseri, Morris Arking & Joseph Harari who educate our community about its Syrian and Middle Eastern traditions. Minhag of the Week is a project of the Sephardic Community Alliance.  #SCAMinhagOfTheWeek"
18009769766283493,2023-12-26,CAROUSEL_ALBUM,N/A (not video),False,https://www.instagram.com/p/C1VQYYYpmVQ/,"Hineni Day 2- We spent most of today at Lahav Farm, where we began working on a new rehabilitation center, which will offer support to those traumatized by the October 7th massacres. We got to hear from the founder of the farm, Nir, who explained to us his personal motivations for wanting to help those affected by the trauma. These young adults were not afraid to get their handy dirty by building a deck and fireplace for outdoor therapy, burying utility cables, meticulously sanding surfaces, pai"
18004066466253180,2023-12-26,VIDEO,10202,False,https://www.instagram.com/reel/C1UqEV1rljX/,Update from SCA Board of Trustee member Jeffrey Beyda on the main focus of our young adult mission in Israel! 🇮🇱 #StandWithIsrael #AmYisraelHai #SCAYoungAdults
18012492226900358,2023-12-25,CAROUSEL_ALBUM,N/A (not video),False,https://www.instagram.com/p/C1Stj_ypgVu/,"Families from Kibutz Be’eri haven’t been home since October 7th. They’ve been displaced for 79 days and today we went to bring a smile to their faces. We threw them a carnival and  so that for a few hours, they can feel normal again, experience a glimpse of happiness and excitement. Popcorn, cotton candy, rides, singing, dancing, facepaint- then a special concert by E-Z. We showed them they are not alone. We are here. Hineni. #SCAYoungAdults"
18056502193511009,2023-12-25,IMAGE,N/A (not video),False,https://www.instagram.com/p/C1SkMNGpYxc/,Nine synagogues coming together under one roof this Saturday night for a night of learning @bneiyitzhak !
18120310381331426,2023-12-25,IMAGE,N/A (not video),False,https://www.instagram.com/p/C1SIe8kLCCr/,Hineni- here we are! 40 young adults are ready to make a difference together! 💪🏻 🇮🇱 #SCAYoungAdults #AmYisraelHai #StandWithIsrael
18025015444887000,2023-12-22,IMAGE,N/A (not video),False,https://www.instagram.com/p/C1KHD58uurs/,Please join us for an evening with renowned historian @hmabramson ! 🇮🇱
18014669408074930,2023-12-21,CAROUSEL_ALBUM,N/A (not video),False,https://www.instagram.com/p/C1IR8JkphKe/,Remembering the brave souls who made the ultimate sacrifice this past week for our nation  יהי זכרם ברוך #IDFFallenHeroes #StandWithIsrael 🇮🇱
18005688998275141,2023-12-21,VIDEO,3752,False,https://www.instagram.com/reel/C1H8mhGpg2b/,“The showdown between Yehuda and Yosef” SCA Shabbat Message from @rabbidweck
17992280009259801,2023-12-21,VIDEO,11912,False,https://www.instagram.com/reel/C1Ho4vnuv0N/,Linda Shamah discusses the power of unity and resiliency experienced on her recent trip to Israel with @lejends_minyan & @enoughisenoughorg ! #StandWithIsrael #AmYisraelHai
18089099998365131,2023-12-20,VIDEO,1857,True,https://www.instagram.com/reel/C1FVqbMOl_d/,"Episode 239: “The Blessing on Mahshi and Yebraq""  Minhag of the Week is a weekly video series featuring Joey Mosseri, Morris Arking & Joseph Harari who educate our community about its Syrian and Middle Eastern traditions. Minhag of the Week is a project of the Sephardic Community Alliance.  #SCAMinhagOfTheWeek"
17958686186701124,2023-12-18,VIDEO,10481,False,https://www.instagram.com/reel/C1AoQMzpQRA/,Raymond Dusi reflects on his recent trip to Israel with @lejends_minyan & @enoughisenoughorg ! #StandWithIsrael #AmYisraelHai
17899404890841502,2023-12-14,VIDEO,7479,False,https://www.instagram.com/reel/C02VpTppDEL/,Important message by Rabbi Nathan Zaboulani about the upcoming SCA ILEAD young adult trip to Israel: Hineni See link in bio to donate!
17875193612961967,2023-12-14,VIDEO,7885,False,https://www.instagram.com/reel/C02CFw2JB01/,"Rabbi Dweck discussing how important it is for Jews to stay united at our recent event “Israel, Morality and Current Events: A Rabbi Sacks A’H Memorial Panel”  To watch the full video, see link in bio"
17930768870703119,2023-12-14,VIDEO,3479,False,https://www.instagram.com/reel/C012ESFu_Oc/,“10 Years Since My Father’s Passing” SCA Message by Dr. Sara Labaton
17996103008186079,2023-12-13,VIDEO,2309,False,https://www.instagram.com/reel/C0zrTHTpIa0/,“A story that continues to live on” SCA Hanukkah Message by Mrs. Danielle Hazan
18048768841558619,2023-12-13,VIDEO,5211,False,https://www.instagram.com/reel/C0zccKdpudR/,"Dr. Mijal Bitton on the crucial role of American Jewry at our recent event “Israel, Morality and Current Events: A Rabbi Sacks A’H Memorial Panel”  To watch the full video, see link in bio"
18312396547184921,2023-12-13,VIDEO,1779,True,https://www.instagram.com/reel/C0zU-7NLZ6k/,"Episode 238: “When and Where Did Weddings Take Place?”  Minhag of the Week is a weekly video series featuring Joey Mosseri, Morris Arking & Joseph Harari who educate our community about its Syrian and Middle Eastern traditions. Minhag of the Week is a project of the Sephardic Community Alliance.  #SCAMinhagOfTheWeek"
17863527837053132,2023-12-13,CAROUSEL_ALBUM,N/A (not video),False,https://www.instagram.com/p/C0zLUHeu6MZ/,"Grateful for the incredible honor from SBH at last night’s event, celebrating the launch of the SBH Medical Network. The plaque read “Presented to the Sephardic Community Alliance- in grateful recognition of extraordinary service and resilience during the COVID-19 Pandemic.” SCA is honored to be a part of such an impactful initiative."
17972353709642402,2023-12-13,VIDEO,4365,False,https://www.instagram.com/reel/C0y9dY0OipO/,"Rabbi David Zeit, who has coordinated so many trips to Israel these past few weeks for our community, shares his thoughts on the unsung heroes that deserves recognition for what they’ve been doing since October 7th, 2023 #StandWithIsrael #AmYisraelHai"
18011815235030928,2023-12-12,VIDEO,4265,False,https://www.instagram.com/reel/C0xC5S2Jnz2/,"Rabbi Beyda speaks to the tragedy of Oct 8th, 2023 at our recent event “Israel, Morality and Current Events: A Rabbi Sacks A’H Memorial Panel”  To watch the full video, see link in bio"
17851281789097817,2023-12-12,VIDEO,6904,False,https://www.instagram.com/reel/C0wa14AuSFk/,Mrs. Nourite Maimon reflecting on her recent trip to Israel- one of the many community solidarity trips that took place over the past few weeks 🇮🇱 #AmYisraelHai #StandWithIsrael
17978973068628996,2023-12-11,IMAGE,N/A (not video),False,https://www.instagram.com/p/C0upGCzJCJA/,Join @westdealshul this Thursday night to commemorate the 10th year since the passing of Rabbi Dr. Ezra Labaton A”H 🕯️
18087442972397737,2023-12-11,VIDEO,11786,False,https://www.instagram.com/reel/C0uENVFLiKL/,"Morris Catton, Joey I Levy and Miro Sutton, participants of the @mikdasheliyahu solidarity trip to Israel, sharing some really powerful experiences."
17949791879718650,2023-12-07,VIDEO,4110,False,https://www.instagram.com/reel/C0kYBAlpEoZ/,“Step up to the plate!” SCA Hanukkah Message by Rabbi Uri Lati
18206203540263664,2023-12-07,VIDEO,1694,False,https://www.instagram.com/reel/C0kLp30p9A4/,"Thank you @sbh_updates for your kind words. Teamwork makes the dream work. Can’t wait for the launch event this Tuesday, Dec 12!  bit.ly/medicalnetworklaunch"
18073116223440486,2023-12-07,VIDEO,803,False,https://www.instagram.com/reel/C0kBksNpzOh/,See link in bio to download our app!
18007572709977862,2023-12-07,VIDEO,8776,False,https://www.instagram.com/reel/C0jyuVuuvt1/,Mrs. Kady Harari speaks of the impact recent community solidarity trips to Israel have been making. It’s the least we could do. #AmYisraelHai
18002300978070465,2023-12-07,VIDEO,7542,False,https://www.instagram.com/reel/C0jieg4uCQw/,"Rabbi Joseph Dweck discusses the miracle of the survival of Jewish people and the pride we must always take in our identity at the recent event “Israel, Morality and Current Events: A Rabbi Sacks A’H Memorial Panel”  To watch the full video, see link in bio"
17880862817932824,2023-12-06,VIDEO,7073,False,https://www.instagram.com/reel/C0hyCW9JP5T/,Mrs. Rachel Safdieh sharing her perspective on the “sister to sister” trip to Israel- one of the many community solidarity trips that took place over the past two months 🇮🇱
17861203710061243,2023-12-06,VIDEO,1209,True,https://www.instagram.com/reel/C0hTdRHOtQF/,"Episode 237: “Tefilla BeSibbur: Shabbat Shofetim”  Minhag of the Week is a weekly video series featuring Joey Mosseri, Morris Arking & Joseph Harari who educate our community about its Syrian and Middle Eastern traditions. Minhag of the Week is a project of the Sephardic Community Alliance.  #SCAMinhagOfTheWeek"
18004753739479844,2023-12-06,VIDEO,4027,False,https://www.instagram.com/reel/C0g9ODyOMCr/,"Rabbi Joseph Beyda on optimism vs hope at our recent event “Israel, Morality and Current Events: A Rabbi Sacks A’H Memorial Panel”  To watch the full video, see link in bio"
18023161309727943,2023-12-05,VIDEO,3063,False,https://www.instagram.com/reel/C0fDpRlJXoc/,“A Visit to the Pit Joseph was Thrown Into!” by Moey Sutton
17850268089097976,2023-12-05,VIDEO,39099,False,https://www.instagram.com/reel/C0eWZ8uuY-_/,"Dr. Mijal Bitton on the oppressed vs oppressor narrative and the power of appropriate dialogue at our recent event “Israel, Morality and Current Events: A Rabbi Sacks A’H Memorial Panel”  To watch the full video, see link in bio"
18328813036097429,2023-12-04,VIDEO,1623,False,https://www.instagram.com/reel/C0ckHaKJMAY/,New three part series on antisemitism begins this week!
18120292969322422,2023-12-04,VIDEO,5875,False,https://www.instagram.com/reel/C0casArpqIH/,"SCA Board Member Mrs. Danielle Hazan’s opening remarks at our recent event “Israel, Morality and Current Events: A Rabbi Sacks A’H Memorial Panel”  To watch the full video, see link in bio"
18077509672423617,2023-12-04,VIDEO,8055,False,https://www.instagram.com/reel/C0cRgxhJWic/,Mr. Aaron Shasha reflecting on his experiences in Israel on one of the many community solidarity trips that took place since Oct 7th 🇮🇱
18060022135489416,2023-12-04,IMAGE,N/A (not video),False,https://www.instagram.com/p/C0cKXPXOcd-/,Mrs. Esther Tokayer will be starting a new class series called “Israel 101” this week!
18015124852959540,2023-12-04,VIDEO,9554,False,https://www.instagram.com/reel/C0b2rkxuJTb/,"A powerful message from Rabbi Yehoshua Shani, executive director of @moreshet_yerushalayim, who’s son was killed defending our homeland on October 7th, 2023 🇮🇱"
17901633203822430,2023-11-30,VIDEO,1827,False,https://www.instagram.com/reel/C0RdRGLpvq2/,"(Video courtesy of @jewishunpacked)  November 30: Commemorating the expulsion of 850,000 Jews from Arab lands. Today we remember the strength and resilience of those who faced displacement, acknowledging the 850,000 stories that echo through history. Let’s unite in honoring their journey and fostering a world where every story is heard. #ExpulsionCommemoration #MiddleEasternJews"
18014680432858008,2023-11-29,VIDEO,1645,True,https://www.instagram.com/reel/C0PQnU6u9Os/,"Episode 236: “A Different Seat for a Mourner in the Synagogue on Shabbat""  Minhag of the Week is a weekly video series featuring Joey Mosseri, Morris Arking & Joseph Harari who educate our community about its Syrian and Middle Eastern traditions. Minhag of the Week is a project of the Sephardic Community Alliance.   #SCAMinhagOfTheWeek"
18038935279549732,2023-11-29,VIDEO,15905,False,https://www.instagram.com/reel/C0O5O53Oxqx/,Open house video for @barkaihs !
18011731370072269,2023-11-27,VIDEO,3795,False,https://www.instagram.com/reel/C0Kg7AvpStO/,Open house video for @yofhs !
18207696934281644,2023-11-27,VIDEO,6586,False,https://www.instagram.com/reel/C0J-FmeOfCM/,Young Adult Volunteer Mission to Israel. See link in bio to sign up!
18017252386791068,2023-11-24,VIDEO,5681,False,https://www.instagram.com/reel/C0CH4Y1uH3T/,Open house video for @hillelyeshiva !
18023208787708616,2023-11-22,VIDEO,3689,False,https://www.instagram.com/reel/Cz9vVwlxh2Y/,Open house video for @welovemdyhs !
17971745390636174,2023-11-22,VIDEO,1550,True,https://www.instagram.com/reel/Cz9Utn_RUoM/,"Episode 235: “The Ketubah”  Minhag of the Week is a weekly video series featuring Joey Mosseri, Morris Arking & Joseph Harari who educate our community about its Syrian and Middle Eastern traditions. Minhag of the Week is a project of the Sephardic Community Alliance.  #SCAMinhagOfTheWeek"
17991723032381602,2023-11-19,VIDEO,5200,False,https://www.instagram.com/reel/Cz1KQO8OVC2/,Noah Levy (BootCampUs ‘22) is making a difference on his college campus! #StandWithIsrael
18010219175033998,2023-11-17,CAROUSEL_ALBUM,N/A (not video),False,https://www.instagram.com/p/CzwTaabOixM/,[SWIPE 👉🏻👉🏻] We must continue to pray for Israel! See link in bio to download clear print friendly version
17844751848097702,2023-11-17,IMAGE,N/A (not video),False,https://www.instagram.com/p/Czv_IpMOSvu/,As the saying goes “The whole is greater than the sum of the parts”.  Join any of the 9 synagogues in doing Abot U’banim Be’Yehad- together!
18300623227134713,2023-11-16,VIDEO,18109,False,https://www.instagram.com/reel/CzuNtePpCCh/,Jack Alhadeff (BootCampUs ‘23 @yofhs ‘23) shares with us  what @moreshetyerushalayim has been up to these past few days! #StandWithIsrael #ShabbatShalom #AmYisraelHai
18015771796805926,2023-11-16,VIDEO,2088,False,https://www.instagram.com/reel/CzuD2PuJhRv/,Attention Students of Brooklyn College 📢📢📢 Join us Monday night to ARM YOURSELF WITH THE TRUTH
17877738230933653,2023-11-16,CAROUSEL_ALBUM,N/A (not video),False,https://www.instagram.com/p/CztxGalu-fO/,"Last night, hundreds came out to hear our panel in memory of Rabbi Sacks A""H. The night began with opening remarks from Joanna Benarrosh, Head of the Rabbi Sacks Legacy Fund, followed by a moving speech from SCA board member Danielle Hazan. Isaac Cohen then took the stage to moderate an insightful conversation between @rabbibeyda @mijalbitton and @rabbidweck . Topics ranged from current events to antisemitism all through the teachings of @rabbisacks. For the recording go to the link in our bio."
17886470210954841,2023-11-15,VIDEO,913,True,https://www.instagram.com/reel/CzrOJA9OTLU/,"Episode 234: “Tefilla BeSibbur: Shabbat Va’ethanan, Eqeb & Re’eh”   Minhag of the Week is a weekly video series featuring Joey Mosseri, Morris Arking & Joseph Harari who educate our community about its Syrian and Middle Eastern traditions. Minhag of the Week is a project of the Sephardic Community Alliance.  #SCAMinhagOfTheWeek"
18078441790413886,2023-11-15,VIDEO,3484,False,https://www.instagram.com/reel/CzrDVk0O50C/,Last night @welovemdy and solidarity trip sponsored the wedding of soldiers in the IDF! Rabbi Joey Mizrahi of @welovemdyhs made a berakha under the Huppa. What a special moment! @sybkisraelmission
18008102834109075,2023-11-15,VIDEO,3441,False,https://www.instagram.com/reel/Czq7EpgOM-h/,Fighting the PR war.   See link in bio to watch “Voices and Viewpoints: A Conversation with David Dweck”
18008427539118292,2023-11-15,VIDEO,60444,False,https://www.instagram.com/reel/Czpqr3CODwV/,"In case you missed it, hear the amazing speech by Dr Mijal Bitton! We are so grateful she was part of our last 2 Boot CampUs retreats where our young adults learned from such a powerful role model. Looking forward to hearing from her tomorrow night as well!"
18395782741009374,2023-11-14,VIDEO,4464,False,https://www.instagram.com/reel/CzpM3PbJdNR/,SCA is proud to join hundreds of thousands of people in support of the State of Israel! #MarchForIsrael
18007392545105307,2023-11-14,VIDEO,1858,False,https://www.instagram.com/reel/CzoiPyJuC5M/,Tomorrow nights panel in memory of @rabbisacks will include @rabbidweck
17927872214792833,2023-11-14,VIDEO,6875,False,https://www.instagram.com/reel/CzoTcyTuCPw/,The impact of community solidarity trips.   See link in bio to watch “Voices and Viewpoints: A Conversation with David Dweck”
17972260151494640,2023-11-14,VIDEO,5407,False,https://www.instagram.com/reel/Czm3PFyJmej/,Morris Hakim (BootCampUs ‘22) sharing what he is doing on his college campus to #StandWithIsrael and show that he is #ProudlyJewish
18034916626716697,2023-11-13,VIDEO,4683,False,https://www.instagram.com/reel/CzmetRHpXu7/,A first hand account on the sirens in Israel 🚨 🇮🇱   See link in bio to watch “Voices and Viewpoints: A Conversation with David Dweck”
18243196570215932,2023-11-13,VIDEO,1835,False,https://www.instagram.com/reel/CzmKAdbJXZA/,Join @rabbibeyda this Wednesday night at The Club at Beth Torah for our panel in memory of @rabbisacks
17902601801894411,2023-11-12,VIDEO,3494,False,https://www.instagram.com/reel/CzkFUk9pKCp/,Wednesday night’s panel discussion in memory of @rabbisacks will moderated by Mr. Isaac Cohen
17979659591375146,2023-11-12,VIDEO,2169,False,https://www.instagram.com/reel/CzjPgdRuOtQ/,Find what you’re good at -and help!  See link in bio to watch “Voices and Viewpoints: A Conversation with Adela Cojab”
18000933059329998,2023-11-12,IMAGE,N/A (not video),False,https://www.instagram.com/p/Czh5klstJtG/,Use this powerful AI tool to advocate for Israel on social media. See link in bio to try it out! *Review all replies carefully before posting
18037347088591163,2023-11-11,VIDEO,3264,False,https://www.instagram.com/reel/Czhcieguezr/,Dr. Mijal Bitton inviting you to Wednesday night’s panel in memory of @rabbisacks
17991750692187678,2023-11-10,IMAGE,N/A (not video),False,https://www.instagram.com/p/CzeNGU9uL-5/,Young Adult Mission to Israel with @enoughisenoughorg & @lejends_minyan ! 🇮🇱
17986329443287754,2023-11-10,VIDEO,3861,False,https://www.instagram.com/reel/Czd_9hwOglf/,Should we be pulling out of colleges?  See link in bio to watch “Voices and Viewpoints: A Conversation with Adela Cojab”
17850048789078592,2023-11-09,VIDEO,5122,False,https://www.instagram.com/reel/Czb5GHEpj3r/,Staying safe doesnt mean you’re ashamed of your Judaism  See link in bio to watch “Voices and Viewpoints: A Conversation with @adelacojab “
17963471396520839,2023-11-09,IMAGE,N/A (not video),False,https://www.instagram.com/p/CzbtDqIOu4P/,Jersey Shore Solidarity Trip to Israel 🇮🇱
18395318440012817,2023-11-09,VIDEO,1145,False,https://www.instagram.com/reel/CzbrOJrp4Fj/,Today at 3pm!
18069465283431933,2023-11-08,IMAGE,N/A (not video),False,https://www.instagram.com/p/CzZR5PGJ1Oh/,Tune in at 3pm!
18097552072365955,2023-11-08,VIDEO,1654,True,https://www.instagram.com/reel/CzZMJB4uq59/,"Episode 233: “The Blessing on Lahm Ba’ajeen”  Minhag of the Week is a weekly video series featuring Joey Mosseri, Morris Arking & Joseph Harari who educate our community about its Syrian and Middle Eastern traditions. Minhag of the Week is a project of the Sephardic Community Alliance.  #SCAMinhagOfTheWeek"
17866228433978906,2023-11-07,IMAGE,N/A (not video),False,https://www.instagram.com/p/CzWdGixLBA1/,"Join us next week for a night to discuss “Israel, Morality and Current Events” *note new date*"
17992905239345696,2023-11-03,IMAGE,N/A (not video),False,https://www.instagram.com/p/CzL3y6XOytk/,🇮🇱 United for Israel 🇮🇱
17961139871526275,2023-11-02,IMAGE,N/A (not video),False,https://www.instagram.com/p/CzJxFlaJlHs/,This Shabbat Rabbi @joeysoffer is the featured speaker at the 1101 Speaker Series at The Club @bethtorahbk !
17934972350758995,2023-11-02,IMAGE,N/A (not video),False,https://www.instagram.com/p/CzJcE5HOYgU/,Solidarity Mission to Israel with @our_synagogues @hayil_minyan
18018781903883492,2023-11-01,VIDEO,3432,False,https://www.instagram.com/reel/CzHYIC2pM2x/,On BootCampUs 2023 we asked participants why they love Israel and this is what they had to say! 🇮🇱
18030111526633558,2023-11-01,IMAGE,N/A (not video),False,https://www.instagram.com/p/CzHN70kJ6gb/,Solidarity Mission to Israel with @mikdasheliyahu !
17912063885761734,2023-11-01,VIDEO,1447,True,https://www.instagram.com/reel/CzHDo5AON2j/,"Episode 232: “To Fast or Not to Fast on the Wedding Day”  Minhag of the Week is a weekly video series featuring Joey Mosseri, Morris Arking & Joseph Harari who educate our community about its Syrian and Middle Eastern traditions. Minhag of the Week is a project of the Sephardic Community Alliance.  #SCAMinhagOfTheWeek"
18031767844565701,2023-10-31,IMAGE,N/A (not video),False,https://www.instagram.com/p/CzE6WxVJVtD/,Solidarity Mission to Israel with @welovemdy
18015112003927898,2023-10-30,VIDEO,2078,False,https://www.instagram.com/reel/CzB1iWYuvfs/,"Israel, Morality & Current Events A panel discussion on the writings of @rabbisacks  @rabbibeyda @mijalbitton @rabbidweck"
17889055979930115,2023-10-28,VIDEO,1588,False,https://www.instagram.com/reel/Cy9bH94phC9/,"“Importance of Staying Educated” To watch the full video “SCA & Rabbi Yotav Eliach: The Current State of Campus Antisemitism and the Hamas War”, see link in bio."
17998075253218152,2023-10-27,VIDEO,4150,False,https://www.instagram.com/reel/Cy6QVRQORWi/,Rabbi Shimon Alouf and our community’s first solidarity trip to Israel 🇮🇱
18024241654693799,2023-10-27,VIDEO,11061,False,https://www.instagram.com/reel/Cy6BOXWuByr/,Impassioned and inspirational speech given by Dr. Mijal Bitton at yesterday’s Washington Square Park Rally for Israel (video courtesy of elisha_jacobs)
18068237983437014,2023-10-27,VIDEO,3157,False,https://www.instagram.com/reel/Cy510Z7OQgO/,"Rabbi Eliach on staying inspired during these challenging times.  To watch the full video “SCA & Rabbi Yotav Eliach: The Current State of Campus Antisemitism and the Hamas War”, see link in bio."
17999142713321970,2023-10-25,IMAGE,N/A (not video),False,https://www.instagram.com/p/Cy1jsEEJhBL/,Join us Monday night for an in-person info session and Q+A for college students in Downtown NYC!
18030290884719303,2023-10-25,VIDEO,1096,True,https://www.instagram.com/reel/Cy1CboUuzkt/,"Episode 231: “Tefilla BeSibbur: Shabbat Pinehas, Matot, Masei & Debarim”  Minhag of the Week is a weekly video series featuring Joey Mosseri, Morris Arking & Joseph Harari who educate our community about its Syrian and Middle Eastern traditions. Minhag of the Week is a project of the Sephardic Community Alliance.  #SCAMinhagOfTheWeek"
18002215715128081,2023-10-25,IMAGE,N/A (not video),False,https://www.instagram.com/p/Cy0psdLumK2/,COME STAND IN SOLIDARITY WITH COLUMBIA UNIVERSITY STUDENTS & STUDENTS NATIONWIDE THAT ARE BEING SUBJECTED TO JEW-HATRED!
18008306897006995,2023-10-23,IMAGE,N/A (not video),False,https://www.instagram.com/p/CywS27VJSGi/,New weekly class @magendavidmanhattan begins this week!
18282467500158859,2023-10-23,VIDEO,11695,False,https://www.instagram.com/reel/Cyv4KdpuyRM/,Message from Rabbi Albert Setton taking part in @barkaiyeshiva solidarity trip!
18307377175141626,2023-10-23,VIDEO,2453,False,https://www.instagram.com/reel/CyvqbHxOGTP/,"Feeling overwhelmed? Take a look at what Dr. Sitt has to say.  To watch the full panel “Meeting the Challenges on Campus”, see link in bio."
17950047317694303,2023-10-23,CAROUSEL_ALBUM,N/A (not video),False,https://www.instagram.com/p/CyvdTnbuO2G/,Guidance From Our Guides begins today at 2:00!
18020742541831482,2023-10-22,VIDEO,9415,False,https://www.instagram.com/reel/Cys17qgO9Al/,Don’t miss this!
17912380232824288,2023-10-21,VIDEO,12912,False,https://www.instagram.com/reel/Cyrd7chJdgA/,Monday Night @8 on Instagram Live!
17984453630451934,2023-10-20,VIDEO,2105,False,https://www.instagram.com/reel/CyoWbj8JvGh/,"Shining our light in a dark time.  To watch the full panel “Meeting the Challenges on Campus”, see link in bio."
17918034314729090,2023-10-20,CAROUSEL_ALBUM,N/A (not video),False,https://www.instagram.com/p/CyoPnkguN2Q/,[SWIPE 👉🏻👉🏻] Pray. Screenshot. Share.  As we enter Shabbat we must continue to pray for Israel!  See link in bio for a clear print friendly version
18006283685015362,2023-10-20,VIDEO,3102,False,https://www.instagram.com/reel/Cynzoi3O3QB/,"Purim antisemitism vs Hanukkah antisemitism  To watch the full panel “Meeting the Challenges on Campus”, see link in bio."
18007350518012646,2023-10-19,VIDEO,7392,False,https://www.instagram.com/reel/CymCxbUJG7O/,Solidarity trip to 🇮🇱 this Saturday night! For more information please contact Mr. Jesse Salem at  JesseSalem1@yahoo.com
18011238841826365,2023-10-19,VIDEO,2130,False,https://www.instagram.com/reel/CylzqHcpJ1C/,"Self care is super important in times like these!  To watch the full panel “Meeting the Challenges on Campus”, see link in bio."
17859878159998777,2023-10-19,VIDEO,1303,False,https://www.instagram.com/reel/CyloZSxpU_3/,🇮🇱 Reminder: Join us tonight @bethtorahbk for a special Q&A with Susana Scheiner 🇮🇱
18238806247239670,2023-10-19,VIDEO,1422,False,https://www.instagram.com/reel/Cylasn0pqHr/,"Rabbi David Tawil on the power of praying together during these difficult times.  To watch the full panel “Meeting the Challenges on Campus”, see link in bio."
17931643115773790,2023-10-19,VIDEO,1708,False,https://www.instagram.com/reel/CylNApwJBWX/,🇮🇱 Join us as we launch “Guidance from our Guides” 🇮🇱
18105339604343477,2023-10-18,VIDEO,2762,False,https://www.instagram.com/reel/CyjkUikp6dl/,"Rena First from @standwithus on the value of healthy dialogue To watch the full panel “Meeting the Challenges on Campus” and to access the landing page referred to in this clip, see link in bio."
18025178887734826,2023-10-18,VIDEO,3474,False,https://www.instagram.com/reel/CyjZbxNJkZE/,"Join David Tawil in praying #TehilimForIsrael  ‎א  שִׁיר, לַמַּעֲלוֹת: אֶשָּׂא עֵינַי, אֶל-הֶהָרִים—    מֵאַיִן, יָבֹא עֶזְרִי. ב  עֶזְרִי, מֵעִם יְהוָה—    עֹשֵׂה, שָׁמַיִם וָאָרֶץ. ג  אַל-יִתֵּן לַמּוֹט רַגְלֶךָ;    אַל-יָנוּם, שֹׁמְרֶךָ. ד  הִנֵּה לֹא-יָנוּם, וְלֹא יִישָׁן—    שׁוֹמֵר, יִשְׂרָאֵל. ה  יְהוָה שֹׁמְרֶךָ;    יְהוָה צִלְּךָ, עַל-יַד יְמִינֶךָ. ו  יוֹמָם, הַשֶּׁמֶשׁ לֹא-יַכֶּכָּה;    וְיָרֵחַ בַּלָּיְלָה. ז  יְהוָה, יִשְׁמָרְךָ מִכָּל-רָע:    יִשְׁמֹר, אֶת-נַפְשֶׁךָ. ח  יְהוָה, יִש"
18391822747042855,2023-10-18,VIDEO,1603,True,https://www.instagram.com/reel/Cyi__z2uhSp/,"Episode 230: “Serving Fish on Shabbat”  Minhag of the Week is a weekly video series featuring Joey Mosseri, Morris Arking & Joseph Harari who educate our community about its Syrian and Middle Eastern traditions. Minhag of the Week is a project of the Sephardic Community Alliance.  #SCAMinhagOfTheWeek"
18076233013407319,2023-10-18,IMAGE,N/A (not video),False,https://www.instagram.com/p/CyiwZejuN7k/,Join us tonight @9pm as our Strength Through Torah series continues with Rabbi Tawil!
17850517569065650,2023-10-17,CAROUSEL_ALBUM,N/A (not video),False,https://www.instagram.com/p/Cygfxc2OcVZ/,🇮🇱
18027234499713257,2023-10-17,VIDEO,1186,False,https://www.instagram.com/reel/CygRMp9OQh3/,Special Q & A session for the community this Thursday night @bethtorahbk
17873841608986453,2023-10-16,VIDEO,3940,False,https://www.instagram.com/reel/Cyebxz_JEwr/,"Join Lauren Grunsfeld in praying #TehilimForIsrael  ‎ א  לַמְנַצֵּחַ, מִזְמוֹר לְדָוִד. ב  יַעַנְךָ יְהוָה, בְּיוֹם צָרָה;    יְשַׂגֶּבְךָ, שֵׁם אֱלֹהֵי יַעֲקֹב. ג  יִשְׁלַח-עֶזְרְךָ מִקֹּדֶשׁ;    וּמִצִּיּוֹן, יִסְעָדֶךָּ. ד  יִזְכֹּר כָּל-מִנְחֹתֶךָ;    וְעוֹלָתְךָ יְדַשְּׁנֶה סֶלָה. ה  יִתֶּן-לְךָ כִלְבָבֶךָ;    וְכָל-עֲצָתְךָ יְמַלֵּא. ו  נְרַנְּנָה, בִּישׁוּעָתֶךָ—    וּבְשֵׁם-אֱלֹהֵינוּ נִדְגֹּל; יְמַלֵּא יְהוָה,    כָּל-מִשְׁאֲלוֹתֶיךָ. ז  עַתָּה יָדַעְתִּי—    כִּי הוֹשִׁיעַ יְהוָה, מְשִ"
17996504033065221,2023-10-16,IMAGE,N/A (not video),False,https://www.instagram.com/p/CyeLrEgJq_n/,All college students are invited to this CRUCIAL talk!
17972627027454598,2023-10-16,IMAGE,N/A (not video),False,https://www.instagram.com/p/Cyd7raLO8S6/,Join us tonight @9pm as our Strength Through Torah series continues with Rabbi Soffer!
18016799881842084,2023-10-13,VIDEO,2379,False,https://www.instagram.com/reel/CyWNqogOW_d/,"Join Rabbi Ikey Tawil in praying #TehilimForIsrael   ‎א  שִׁיר הַמַּעֲלוֹת: ‎מִמַּעֲמַקִּים קְרָאתִיךָ  יְהוָה. ‎ב  אֲדֹנָי,  שִׁמְעָה בְקוֹלִי: ‎תִּהְיֶינָה אָזְנֶיךָ, קַשֻּׁבוֹת—  לְקוֹל, תַּחֲנוּנָי. ‎ג  אִם-עֲוֺנוֹת תִּשְׁמָר-יָהּ— אֲדֹנָי, מִי יַעֲמֹד. ‎ד  כִּי-עִמְּךָ הַסְּלִיחָה—  לְמַעַן, תִּוָּרֵא. ‎ה  קִוִּיתִי יְהוָה, קִוְּתָה נַפְשִׁי;  וְלִדְבָרוֹ הוֹחָלְתִּי. ‎ו  נַפְשִׁי לַאדֹנָי—  מִשֹּׁמְרִים לַבֹּקֶר, שֹׁמְרִים לַבֹּקֶר. ‎ז  יַחֵל יִשְׂרָאֵל, אֶל-יְהוָה:  כִּי-עִם-יְהוָה הַחֶסֶ"
18075880798408529,2023-10-13,IMAGE,N/A (not video),False,https://www.instagram.com/p/CyWCZCyum12/,Join @sbh_updates this Monday night for a special webinar on “How to Cope: Navigating Feelings on Israel at Every Age”
18007078117995268,2023-10-13,VIDEO,1847,False,https://www.instagram.com/reel/CyV6oBxuTi3/,“Besimana Taba” SCA Shabbat Message from Rabbi Nathan Zaboulani @barkaihs @bneiyitzhak
18063671125452641,2023-10-13,IMAGE,N/A (not video),False,https://www.instagram.com/p/CyUjDvfOfAo/,📣Calling all College Students
18073628299415199,2023-10-12,IMAGE,N/A (not video),False,https://www.instagram.com/p/CyUTgcjp15H/,Guest speaker from @aipac on Israel @bneiyitzhak this Shabbat
18005099906095162,2023-10-12,VIDEO,5919,False,https://www.instagram.com/reel/CyUCpJ5pvh1/,"Join Esther Tokayer in praying #TehilimForIsrael  ‎א  לְדָוִד:    יְהוָה, אוֹרִי וְיִשְׁעִי—מִמִּי אִירָא; יְהוָה מָעוֹז-חַיַּי,    מִמִּי אֶפְחָד. ב  בִּקְרֹב עָלַי, מְרֵעִים—    לֶאֱכֹל אֶת-בְּשָׂרִי: צָרַי וְאֹיְבַי לִי;    הֵמָּה כָשְׁלוּ וְנָפָלוּ. ג  אִם-תַּחֲנֶה עָלַי, מַחֲנֶה—    לֹא-יִירָא לִבִּי: אִם-תָּקוּם עָלַי, מִלְחָמָה—    בְּזֹאת, אֲנִי בוֹטֵחַ. ד  אַחַת, שָׁאַלְתִּי מֵאֵת-יְהוָה—    אוֹתָהּ אֲבַקֵּשׁ: שִׁבְתִּי בְּבֵית-יְהוָה,    כָּל-יְמֵי חַיַּי; לַחֲזוֹת בְּנֹעַם-יְהוָה,    "
18392330326037414,2023-10-11,IMAGE,N/A (not video),False,https://www.instagram.com/p/CyRYvixp6qy/,Save the Date 🇮🇱
18036459100569144,2023-10-11,IMAGE,N/A (not video),False,https://www.instagram.com/p/CyRMAAWJPRo/,Join us tonight at 9pm to hear from Rabbi Tawil as we continue our “Strength Through Torah” series. See link in bio to join.
18295790473135365,2023-10-11,VIDEO,2263,True,https://www.instagram.com/reel/CyQ_q2huihZ/,"Episode 229: “Pre Wedding Customs”  Minhag of the Week is a weekly video series featuring Joey Mosseri, Morris Arking & Joseph Harari who educate our community about its Syrian and Middle Eastern traditions. Minhag of the Week is a project of the Sephardic Community Alliance.  #SCAMinhagOfTheWeek"
18014505049745910,2023-10-11,VIDEO,9370,False,https://www.instagram.com/reel/CyQqYTcOkuP/,"Join Rachel Novick in praying #TehilimForIsrael  א  לַמְנַצֵּחַ, מִזְמוֹר לְדָוִד. ב  הַשָּׁמַיִם, מְסַפְּרִים כְּבוֹד-אֵל;  וּמַעֲשֵׂה יָדָיו, מַגִּיד הָרָקִיעַ. ג  יוֹם לְיוֹם, יַבִּיעַ אֹמֶר;  וְלַיְלָה לְּלַיְלָה, יְחַוֶּה-דָּעַת. ד  אֵין-אֹמֶר, וְאֵין דְּבָרִים:  בְּלִי, נִשְׁמָע קוֹלָם. ה  בְּכָל-הָאָרֶץ, יָצָא קַוָּם,  וּבִקְצֵה תֵבֵל, מִלֵּיהֶם; לַשֶּׁמֶשׁ, שָׂם-אֹהֶל בָּהֶם. ו  וְהוּא—כְּחָתָן, יֹצֵא מֵחֻפָּתוֹ; יָשִׂישׂ כְּגִבּוֹר, לָרוּץ אֹרַח. ז  מִקְצֵה הַשָּׁמַיִם, מוֹצָאוֹ—וּתְקוּ"
17852074680037155,2023-10-10,IMAGE,N/A (not video),False,https://www.instagram.com/p/CyO8M7vJQUY/,A night of unity for all families @dsnbeach
17977944098592969,2023-10-10,IMAGE,N/A (not video),False,https://www.instagram.com/p/CyOyPioJx1T/,Starting tonight with Rabbi Albert Setton. Use link in bio to join at 9pm sharp.
18005390018011468,2023-10-10,IMAGE,N/A (not video),False,https://www.instagram.com/p/CyMojBHJvv9/,NY STANDS WITH ISRAEL
17981941280445833,2023-10-09,CAROUSEL_ALBUM,N/A (not video),False,https://www.instagram.com/p/CyMXR0lprQ1/,SCA: Coordinating Community Efforts for Israel
17999980658165725,2023-10-09,IMAGE,N/A (not video),False,https://www.instagram.com/p/CyL2UtQOXfF/,"All classes this week are in memory of our brothers and sisters in Israel who were killed, for the refuah of those that are injured and for the safe return home of all those taken hostage."
17972904362406864,2023-10-04,VIDEO,2162,True,https://www.instagram.com/reel/Cx-_ZYjuUui/,"Episode 228: “B’Simana Taba Before Reading Perashat Bereshit”  Minhag of the Week is a weekly video series featuring Joey Mosseri, Morris Arking & Joseph Harari who educate our community about its Syrian and Middle Eastern traditions. Minhag of the Week is a project of the Sephardic Community Alliance.  #SCAMinhagOfTheWeek"
18043890715519334,2023-10-03,VIDEO,3517,False,https://www.instagram.com/reel/Cx8HJeiOi5U/,“The Sukkah of Peace” SCA Sukkot Message from Rabbi Richard Tobias @barkaihs @bethtorahbk
17921758169699263,2023-09-28,VIDEO,2035,False,https://www.instagram.com/reel/Cxv6mpPJFjw/,“Uniting Under One Roof” SCA Sukkot Message from Rabbi David Tawil @larchwood_shul @hillelyeshiva
18064575235437903,2023-09-28,VIDEO,2521,False,https://www.instagram.com/reel/CxvJUKguWr3/,“Happiness On Your Journey” SCA Sukkot Message from Mrs. Danielle Hazan
18108031483334905,2023-09-27,VIDEO,1469,True,https://www.instagram.com/reel/Cxs8f1YxPhe/,"Episode 227: “Tefilla BeSibbur: Shabbat Qorah, Huqat & Balaq- Part 2”  Minhag of the Week is a weekly video series featuring Joey Mosseri, Morris Arking & Joseph Harari who educate our community about its Syrian and Middle Eastern traditions. Minhag of the Week is a project of the Sephardic Community Alliance.  #SCAMinhagOfTheWeek"
17953960166539264,2023-09-21,VIDEO,3564,False,https://www.instagram.com/reel/Cxdvaw2Jf-e/,“Tipping the National Scale” SCA Yom Kippur Message from Rabbi Harold Sutton @moreshet_yerushalayim
18064192885434027,2023-09-20,VIDEO,2014,True,https://www.instagram.com/reel/Cxa7OCPLIiI/,"Episode 226: “Modern Swanees”  Minhag of the Week is a weekly video series featuring Joey Mosseri, Morris Arking & Joseph Harari who educate our community about its Syrian and Middle Eastern traditions. Minhag of the Week is a project of the Sephardic Community Alliance.  #SCAMinhagOfTheWeek"
17933770562642736,2023-09-15,VIDEO,2233,False,https://www.instagram.com/reel/CxN1xwduYij/,“Imperfectly Prepared: Rosh Hashana and Sincerity” SCA Rosh Hashanah Message from Dr. Sara Labaton
18080431735383971,2023-09-14,VIDEO,1564,False,https://www.instagram.com/reel/CxLn-hGJLiq/,“Bringing Forth Kibbutz Galuyot” SCA Rosh Hashanah Message from Rabbi Ikey Tawil @yoflatbush @kolisraelcongregation
17881684307880719,2023-09-14,VIDEO,2564,False,https://www.instagram.com/reel/CxLHyMTuW0i/,“It’s not too late!” SCA Rosh Hashanah Message from Rabbi Nathan Zaboulani @barkaihs @bneiyitzhak
18003369839042206,2023-09-13,VIDEO,813,True,https://www.instagram.com/reel/CxI4hlfuhr1/,"Episode 225: “Repeating For HaMelekh HaMishpat”  Minhag of the Week is a weekly video series featuring Joey Mosseri, Morris Arking & Joseph Harari who educate our community about its Syrian and Middle Eastern traditions. Minhag of the Week is a project of the Sephardic Community Alliance.  #SCAMinhagOfTheWeek"
18015097957838755,2023-09-12,CAROUSEL_ALBUM,N/A (not video),False,https://www.instagram.com/p/CxGJdcHuJ2U/,"Welcome to the team, Susan!"
18003084167054213,2023-09-12,CAROUSEL_ALBUM,N/A (not video),False,https://www.instagram.com/p/CxGJZyBO0jU/,"Welcome to the team, Morris!"
17953366037659800,2023-09-12,CAROUSEL_ALBUM,N/A (not video),False,https://www.instagram.com/p/CxGJVXVuMuz/,"Welcome to the team, Miriam!"
17978321648307841,2023-09-12,IMAGE,N/A (not video),False,https://www.instagram.com/p/CxGAMP_OX6p/,The Midrash: Men’s Divisions has launched a new weekly class with Alex Dweck on Tuesday nights @magendavidmanhattan
17982418028241533,2023-09-11,IMAGE,N/A (not video),False,https://www.instagram.com/p/CxDmrKROev9/,Fall 2023 Women’s Daytime Learning Program! 🍂
17876522822953371,2023-09-07,VIDEO,848,False,https://www.instagram.com/reel/Cw5m60TJ-bO/,Have you used our app yet?! We have thousands of classes for you to watch and listen to! Check out link in bio for a direct link to our Rosh Hashana playlist
18387413701039229,2023-09-06,VIDEO,1091,True,https://www.instagram.com/reel/Cw22xYQOBEz/,"Episode 224: “Tefilla BeSibbur: Shabbat Qorah, Huqat & Balaq- Part 1”  Minhag of the Week is a weekly video series featuring Joey Mosseri, Morris Arking & Joseph Harari who educate our community about its Syrian and Middle Eastern traditions. Minhag of the Week is a project of the Sephardic Community Alliance.  #SCAMinhagOfTheWeek"
18024558826624591,2023-08-30,VIDEO,4194,True,https://www.instagram.com/reel/Cwk2wjVpFp0/,"Episode 223: “The Swanee”  Minhag of the Week is a weekly video series featuring Joey Mosseri, Morris Arking & Joseph Harari who educate our community about its Syrian and Middle Eastern traditions. Minhag of the Week is a project of the Sephardic Community Alliance.  #SCAMinhagOfTheWeek"
18024982612617456,2023-08-28,VIDEO,1784,False,https://www.instagram.com/reel/CwfwWS_pTOf/,Relive Highlights of SCA Summer 2023!
18021683755650933,2023-08-25,IMAGE,N/A (not video),False,https://www.instagram.com/p/CwXzuGMuBqt/,Stay tuned!
18026810359552631,2023-08-23,VIDEO,1212,True,https://www.instagram.com/reel/CwS6hU6ph6b/,"Episode 222: “Teffila BeSibbur: Shabbat Beha’alotekha & Shelah”  Minhag of the Week is a weekly video series featuring Joey Mosseri, Morris Arking & Joseph Harari who educate our community about its Syrian and Middle Eastern traditions. Minhag of the Week is a project of the Sephardic Community Alliance.  #SCAMinhagOfTheWeek"
18022372021653727,2023-08-23,CAROUSEL_ALBUM,N/A (not video),False,https://www.instagram.com/p/CwSXIz4OX_p/,"[SWIPE 👉🏻👉🏻] What a night! On Monday night had a packed house, hearing from Rabbi Isaac Farhi, Rabbi Harold Sutton and Rabbi Charles Safdieh. Congrats to our raffle grand prize winners and thank you to Rabbi Ikey Tawil for organizing another great summer of Torah learning for our boys!"
18297247651188008,2023-08-21,IMAGE,N/A (not video),False,https://www.instagram.com/p/CwONT9Api9_/,See link in bio to RSVP!
17999058104009862,2023-08-20,IMAGE,N/A (not video),False,https://www.instagram.com/p/CwKu_VGpsQ9/,Join us for our End of Summer Siyum tomorrow night @hathaway_safrasynagogue !
18349389370073139,2023-08-18,IMAGE,N/A (not video),False,https://www.instagram.com/p/CwFv7w0OQko/,Thank you to Mr. Ronnie Benun for teaching the final On the Porch class of the season!
18384870142041994,2023-08-17,CAROUSEL_ALBUM,N/A (not video),False,https://www.instagram.com/p/CwDs9S1Jgv5/,Incredible turnout for Tuesday nights Minhag of the Week High Holidays Panel @larchwood_shul
18104167702328256,2023-08-16,VIDEO,1667,True,https://www.instagram.com/reel/CwAxxI1NVlh/,"Episode 221: “Do We Say Zedim or Minim in the ‘Amidah?”  Minhag of the Week is a weekly video series featuring Joey Mosseri, Morris Arking & Joseph Harari who educate our community about its Syrian and Middle Eastern traditions. Minhag of the Week is a project of the Sephardic Community Alliance.  #SCAMinhagOfTheWeek"
18282168109177937,2023-08-16,CAROUSEL_ALBUM,N/A (not video),False,https://www.instagram.com/p/CwAeOxluple/,Join us this Shabbat for the final Minha and a Message of the season- featuring Rabbi Nathan Dweck!
17988714395266624,2023-08-15,IMAGE,N/A (not video),False,https://www.instagram.com/p/Cv9xKugOvsY/,Joe & Trina Cayre SCA Boys Summer Learning Program @hathaway_safrasynagogue Siyum!
18107193073325431,2023-08-14,CAROUSEL_ALBUM,N/A (not video),False,https://www.instagram.com/p/Cv7b9B5u_fm/,Congratulations!
18000664828993383,2023-08-14,IMAGE,N/A (not video),False,https://www.instagram.com/p/Cv7KXaYO_KT/,To send in your High Holidays questions email minhag@scaupdates.org!
17963888057441038,2023-08-13,CAROUSEL_ALBUM,N/A (not video),False,https://www.instagram.com/p/Cv4vwpjuIjx/,Join us Thursday for the final On The Porch of the season- featuring Mr. Ronnie Benun!
18059685382438088,2023-08-11,CAROUSEL_ALBUM,N/A (not video),False,https://www.instagram.com/p/CvzummXOFNb/,Scenes from yesterdays class On The Porch with Mrs. Rachelle Tawil!
18029504680565851,2023-08-10,IMAGE,N/A (not video),False,https://www.instagram.com/p/Cvxi4byJ-X-/,Save the date for the annual @ileadexperience graduation!
18017245387676913,2023-08-09,VIDEO,3556,True,https://www.instagram.com/reel/CvuwzVduyjR/,"Episode 220: “Dating, Coming Over, Engagements and Meet the Family”  Minhag of the Week is a weekly video series featuring Joey Mosseri, Morris Arking & Joseph Harari who educate our community about its Syrian and Middle Eastern traditions. Minhag of the Week is a project of the Sephardic Community Alliance.  #SCAMinhagOfTheWeek"
18220411657222650,2023-08-08,VIDEO,1816,False,https://www.instagram.com/reel/CvsXCCxpq1d/,Some pictures from last nights beautiful class where @rabbidweck encouraged the young adults to be confident in their Jewish identity and heritage when they’re on campus
18269664760159608,2023-08-07,CAROUSEL_ALBUM,N/A (not video),False,https://www.instagram.com/p/Cvp5mHxJUgI/,Join us for Minha and a Message this Shabbat with Dr. Mijal Bitton Setton!
17885052029897170,2023-08-06,CAROUSEL_ALBUM,N/A (not video),False,https://www.instagram.com/p/CvmuJwhOInB/,Join us On The Porch with Rachelle Tawil this Thursday!
18377249110016591,2023-08-04,VIDEO,2112,False,https://www.instagram.com/reel/CviIrNzJRDG/,Special Young Adult class this Monday night with @rabbidweck !
18003896245903779,2023-08-04,CAROUSEL_ALBUM,N/A (not video),False,https://www.instagram.com/p/CvhlywtORWn/,[SWIPE 👉🏻👉🏻] Pics from Rabbi Tobias On The Porch yesterday!
17848831101022593,2023-08-03,VIDEO,2195,False,https://www.instagram.com/reel/Cvfto0MpJud/,Earlier this week @rabbidweck gave a couples class on Shalom Bayit and the home of Rita & Joey Shrem!
17885028437903244,2023-08-02,VIDEO,998,True,https://www.instagram.com/reel/CvcxMBKvGTi/,"Episode 219: “Teffila BeSibbur: Shabbat Bamidbar & Naso”  Minhag of the Week is a weekly video series featuring Joey Mosseri, Morris Arking & Joseph Harari who educate our community about its Syrian and Middle Eastern traditions. Minhag of the Week is a project of the Sephardic Community Alliance.  #SCAMinhagOfTheWeek"
18198649204271684,2023-08-01,CAROUSEL_ALBUM,N/A (not video),False,https://www.instagram.com/p/CvatzMBpulN/,Join us for Minha and a Message this Shabbat with Rabbi Tawil!
17882444489910122,2023-08-01,IMAGE,N/A (not video),False,https://www.instagram.com/p/CvZ26kKuEiC/,Join us for a Minhag of the Week High Holidays Panel @larchwood_shul !
17982025847145099,2023-08-01,CAROUSEL_ALBUM,N/A (not video),False,https://www.instagram.com/p/CvZrRaPOL91/,"[SWIPE 👉🏻👉🏻] This past weekend, the SCA hosted the first Orthodox Jew drafted in the NBA G League @ryanturell11 - former player at Yeshivah University. Ryan shared stories and messages with hundreds of our community youth about the significance of a strong work ethic, and why we as Jews are proud of our Jewish identity. Ryan was featured at a SCA Young Adult event, @dealdsn basketball camp, Ohel Yishak of Allenhurst Synagogue & @larchwood_shul !"
17919937211768682,2023-07-31,IMAGE,N/A (not video),False,https://www.instagram.com/p/CvXwYz8ReTl/,Weekly Tuesday night class in Brooklyn @bethtorahbk !
17991064031152286,2023-07-31,CAROUSEL_ALBUM,N/A (not video),False,https://www.instagram.com/p/CvXl1FJRN3W/,[Post 2 of 2] Thousands of community members attended (and watched on livestream!) our annual Rabbi Dr. Ezra Labaton Tish’a BeAb 2023 Day of Learning. Thank you to all who helped make the day possible- especially the program directors Rabbi Ikey Tawil & Mr. Bobby Dweck! ‏תזכו ‏לראות בנחמת ציון
18208768468247286,2023-07-31,CAROUSEL_ALBUM,N/A (not video),False,https://www.instagram.com/p/CvXlVVlxyDo/,[Post 1 of 2] Thousands of community members attended (and watched on livestream!) our annual Rabbi Dr. Ezra Labaton Tish’a BeAb 2023 Day of Learning. Thank you to all who helped make the day possible- especially the program directors Rabbi Ikey Tawil & Mr. Bobby Dweck! ‏תזכו ‏לראות בנחמת ציון
18063513325419521,2023-07-30,CAROUSEL_ALBUM,N/A (not video),False,https://www.instagram.com/p/CvUsj5lOZzi/,Join us On The Porch with Rabbi Tobias this Thursday!
18035959723471707,2023-07-26,CAROUSEL_ALBUM,N/A (not video),False,https://www.instagram.com/p/CvLTDsfpfAN/,[SWIPE 👉🏻👉🏻] FULL SCHEDULE! All classes will be livestreamed on the SCA App and thesca.com/virtualmidrash  ‏תזכו ‏לראות בנחמת ציון
17989918451176503,2023-07-26,IMAGE,N/A (not video),False,https://www.instagram.com/p/CvLDtzqpHc8/,Special couples class next week with @rabbidweck !
17866892633918037,2023-07-26,VIDEO,3050,True,https://www.instagram.com/reel/CvKyJgxOJUN/,"Episode 218: “Hakham Matloub Abadi’s Responsum on the Prayers of the 9th of Ab- Part 1”  Minhag of the Week is a weekly video series featuring Joey Mosseri, Morris Arking & Joseph Harari who educate our community about its Syrian and Middle Eastern traditions. Minhag of the Week is a project of the Sephardic Community Alliance.  #SCAMinhagOfTheWeek"
17868923672956713,2023-07-25,IMAGE,N/A (not video),False,https://www.instagram.com/p/CvIKTpDOmkC/,Save the Date
18115067023311255,2023-07-25,IMAGE,N/A (not video),False,https://www.instagram.com/p/CvHrzdju1E7/,Rabbi Dr. Ezra Labaton Tish’a BeAb 2023 Day of Learning Schedule
17910518702716415,2023-07-24,CAROUSEL_ALBUM,N/A (not video),False,https://www.instagram.com/p/CvFpThjOy7G/,Join us for Minha and a Message this Shabbat with Rabbi Setton!
18025149370579786,2023-07-21,CAROUSEL_ALBUM,N/A (not video),False,https://www.instagram.com/p/Cu9tliuuDBG/,"[SWIPE 👉🏻👉🏻] Last night at our annual campaign and dinner hosted by Mr. & Mrs. Morris & Paulette Bailey we honored Hacham Shimon Hai Alouf: “With deep appreciation for the remarkable impact your wisdom, compassion, and devotion to our community has had, and continues to have, on countless individuals, families and institutions.”"
17996400476102242,2023-07-21,IMAGE,N/A (not video),False,https://www.instagram.com/p/Cu9gbB8utMB/,Join us Monday for a special class with Mrs. Harari!
18012298003739535,2023-07-20,CAROUSEL_ALBUM,N/A (not video),False,https://www.instagram.com/p/Cu7lsC9Jgpo/,[SWIPE 👉🏻👉🏻] Pics from @rabbidweck On The Porch earlier today!
17986400009486865,2023-07-20,VIDEO,1932,False,https://www.instagram.com/reel/Cu7cN8ZJNmS/,Join us Next Friday @dsnbeach to hear from @ryanturell11 !
18015554569677671,2023-07-19,VIDEO,2093,True,https://www.instagram.com/reel/Cu4saHkNbwm/,"Episode 217: “Introduction to Engagements: Part 2”  Minhag of the Week is a weekly video series featuring Joey Mosseri, Morris Arking & Joseph Harari who educate our community about its Syrian and Middle Eastern traditions. Minhag of the Week is a project of the Sephardic Community Alliance.  #SCAMinhagOfTheWeek"
17863927085970183,2023-07-18,VIDEO,1378,False,https://www.instagram.com/reel/Cu2fUMYJzSO/,
18009916072680584,2023-07-18,CAROUSEL_ALBUM,N/A (not video),False,https://www.instagram.com/p/Cu1-0cJuq2F/,"[SWIPE 👉🏻👉🏻] Scenes from the Joe & Trina Cayre Women’s  Summer Learning Program! To sponsor a class, see link in bio"
17972488850440665,2023-07-17,CAROUSEL_ALBUM,N/A (not video),False,https://www.instagram.com/p/CuzwH67JAOK/,Minha and a Message this Shabbat will feature @rabbidweck !
18079562002374669,2023-07-17,VIDEO,2337,False,https://www.instagram.com/reel/CuzUquJLsjR/,Keynote speaker & Pro Israel advocate Hussein Aboubakr on the value of EDUCATION at last week’s “Showdown at the Shore!”  Hussein grew up in a society that taught their youth that the State of Israel and Jews were the “super villains” of the world. He spoke about his discovery that this was a lie and how he let go of hatred to become a fierce supporter of Israel and friend of the Jews. His insight to the students debate was invaluable as well.
17912323667788016,2023-07-17,CAROUSEL_ALBUM,N/A (not video),False,https://www.instagram.com/p/CuzG1Anu9Qk/,"[SWIPE 👉🏻👉🏻] Our Joe & Trina Cayre Men’s Summer Learning Program @hathaway_safrasynagogue is overflowing every night! To sponsor a class, see link in bio"
18289007635185977,2023-07-16,CAROUSEL_ALBUM,N/A (not video),False,https://www.instagram.com/p/CuwsYT5poag/,Excited for @rabbidweck On The Porch this Thursday!
18265780531198306,2023-07-14,VIDEO,1126,False,https://www.instagram.com/reel/CurjN56p2yD/,There must be consequences to Jew Hated!  Click on the link in our bio to watch the full Instagram live interview on “STAND UP FOR YOUR RIGHTS: THE FIGHT AGAINST JEW HATRED”@realbrookegoldstein @lawfareproject @endjewhatred
17851592028001503,2023-07-13,CAROUSEL_ALBUM,N/A (not video),False,https://www.instagram.com/p/CupvJqsJTfn/,"[SWIPE 👉🏻👉🏻] Last night we had the honor of hearing from Rabbi Meir Soloveichik at the home of Celeste & Michael Mishaan. Rabbi Soloveichik spoke to a packed crowd about exceptional Jewish leadership, inspiring us with examples as far back as King David and as recent as Menachem Begin."
17944766612547106,2023-07-13,VIDEO,3424,False,https://www.instagram.com/reel/CupifbOJNBm/,Marilyn Shasho discussing why we can’t separate antizionism and antisemitism at Sunday night’s Mock Debate “Showdown at the Shore!”
18009814600757277,2023-07-13,CAROUSEL_ALBUM,N/A (not video),False,https://www.instagram.com/p/CupWWqYrnda/,[SWIPE 👉🏻👉🏻] Pictures from Mrs. Danielle Hazan On The Porch earlier today!
17985583481236876,2023-07-13,VIDEO,1082,False,https://www.instagram.com/reel/CuowVPxutes/,You won’t believe that THIS is happening in your backyard!  Click on the link in our bio to watch the full Instagram live interview on “STAND UP FOR YOUR RIGHTS: THE FIGHT AGAINST JEW HATRED”@realbrookegoldstein @lawfareproject @endjewhatred
18046243318464512,2023-07-12,VIDEO,4254,False,https://www.instagram.com/reel/Cum95mYJEhF/,"Michael Oved exposing what the Israel & Palestine conflict is REALLY about at Sunday night’s Mock Debate, “Showdown at the Shore!”"
17994495365068595,2023-07-12,VIDEO,897,True,https://www.instagram.com/reel/Cumt4IUv-ub/,"Episode 216: “Teffila BeSibbur: Shabbat Behar & Behuqotai”  Minhag of the Week is a weekly video series featuring Joey Mosseri, Morris Arking & Joseph Harari who educate our community about its Syrian and Middle Eastern traditions. Minhag of the Week is a project of the Sephardic Community Alliance.  #SCAMinhagOfTheWeek"
18188814496274548,2023-07-11,CAROUSEL_ALBUM,N/A (not video),False,https://www.instagram.com/p/CukoQ-nJaPZ/,Minha and a Message continues this Shabbat with Rabbi Dr. Ricky Hidary & Mrs. Esther Hidary!
17982898556201092,2023-07-11,VIDEO,900,False,https://www.instagram.com/reel/CukFLjasGin/,The power of impact litigation! . Click on the link in our bio to watch the full Instagram live interview on “STAND UP FOR YOUR RIGHTS: THE FIGHT AGAINST JEW HATRED”@realbrookegoldstein @lawfareproject @endjewhatred
17990249482981716,2023-07-11,IMAGE,N/A (not video),False,https://www.instagram.com/p/Cuj5ZdmO7Q8/,Mark your calendars for an EPIC afternoon with @ryanturell11 at @dsnbeach ! 🏀
18278936071124253,2023-07-11,IMAGE,N/A (not video),False,https://www.instagram.com/p/Cujmh-EujbT/,Join @moreshet_yerushalayim for their second annual Mishnaathon tomorrow night!
17997106570977330,2023-07-10,CAROUSEL_ALBUM,N/A (not video),False,https://www.instagram.com/p/CuhljWTurU0/,"Last night's ""Showdown by the Shore"", was an incredible success. The goal of the night was simple: to prepare young adults for the antizionism they will face on college campuses and to sharpen their Israel advocacy skills and confidence. We accomplished this through young adult mock debates, discussing many of the key issues that are brought up in the classrooms of universities and on social media. A big thank you to our MC Rabbi Joey Soffer, our keynote speaker- Israel advocate Hussein Aboubakr"
17988633049995724,2023-07-10,VIDEO,2413,False,https://www.instagram.com/reel/CuhJjGEOg41/,Together we can #EndJewHatred !  . Click on the link in our bio to watch the full Instagram live interview on “STAND UP FOR YOUR RIGHTS: THE FIGHT AGAINST JEW HATRED”@realbrookegoldstein @lawfareproject @endjewhatred
18148443412290795,2023-07-09,IMAGE,N/A (not video),False,https://www.instagram.com/p/CueszDJOorB/,**Change of location**See you tonight!
18264666727154827,2023-07-09,CAROUSEL_ALBUM,N/A (not video),False,https://www.instagram.com/p/Cuekcx3pDdl/,We’re back On The Porch with Mrs. Danielle Hazan on Thursday! ☀️
17970267446306768,2023-07-07,VIDEO,2343,False,https://www.instagram.com/reel/CuZrQ3-JWmy/,"Join us Wednesday night as we partner with Tikvah in hearing from Rabbi Meir Soloveitchik at the home of Celeste & Michael Mishaan at 405 Crosby Ave, Deal NJ.  Pizza & Light Bites by @aquaegrano"
18025177036568368,2023-07-07,VIDEO,2013,False,https://www.instagram.com/reel/CuZfrixA4vm/,See you tomorrow!
17993351636044023,2023-07-07,IMAGE,N/A (not video),False,https://www.instagram.com/p/CuZW6YDutI3/,Join @barkaiyeshiva & @barkaihs Tuesday night for a special conversation “In Pursuit of Faith: On Raising Spiritually Healthy Children”
17972252459261313,2023-07-05,VIDEO,2672,True,https://www.instagram.com/reel/CuUozEVuyBz/,"Episode 215: “Moving One’s Body During the ‘Amidah”  Minhag of the Week is a weekly video series featuring Joey Mosseri, Morris Arking & Joseph Harari who educate our community about its Syrian and Middle Eastern traditions. Minhag of the Week is a project of the Sephardic Community Alliance.  #SCAMinhagOfTheWeek"
17921009039744177,2023-07-05,VIDEO,1474,False,https://www.instagram.com/reel/CuUJxOxvHvW/,“Tirzah= The Capital of Israel?!” by Moey Sutton
17958072494615920,2023-07-04,VIDEO,4114,False,https://www.instagram.com/reel/CuRk7yixXkx/,“Celebrating July 4th 🇮🇱 🇺🇸” by Rabbi Joseph Beyda @yofhs
17944211831545021,2023-07-03,CAROUSEL_ALBUM,N/A (not video),False,https://www.instagram.com/p/CuQA2owpSB6/,[SWIPE 👉🏻👉🏻] Minha and a Message continues this Shabbat with Rabbi Ikey Tawil!
17921966648653420,2023-07-03,CAROUSEL_ALBUM,N/A (not video),False,https://www.instagram.com/p/CuPprM1p5HX/,[SWIPE 👉🏻👉🏻] Join us Sunday for a mock debate that will prepare you for the topics you will face on campus and on social media as a Zionist and a Jew!
18014243812656640,2023-07-02,IMAGE,N/A (not video),False,https://www.instagram.com/p/CuMkBFpJ9wl/,See link in bio to download the new SCA app!
17991223568090265,2023-06-29,CAROUSEL_ALBUM,N/A (not video),False,https://www.instagram.com/p/CuF6HBOpx2t/,"Congratulations to SCA Trustee & past president Mr. Jeffrey J. Beyda, and his brother David, on receiving the Morris Bailey Leadership Award by the UJA Federation of NY! Thank you @ujafedny for recognizing the tremendous impact Jeffrey and the SCA have on our community. We look forward to continuing to work together."
17983867955224122,2023-06-29,CAROUSEL_ALBUM,N/A (not video),False,https://www.instagram.com/p/CuFim93JdPB/,[SWIPE 👉🏻👉🏻] Scenes from week 1 of our On The Porch class series! Thank you Rabbi Avi Harari for an insightful class and to our hosts Beatrice & Jeffrey Sutton!
18096497878334053,2023-06-29,VIDEO,2915,False,https://www.instagram.com/reel/CuFSG60vi_E/,Join @sca_updates Wednesday afternoon for an Instagram live with @realbrookegoldstein of @lawfareproject and @endjewhatred as we discuss how to Stand Up For Your Rights: The Fight Against Jew Hatred!
18022406764605458,2023-06-28,CAROUSEL_ALBUM,N/A (not video),False,https://www.instagram.com/p/CuC1dUaJtqY/,[SWIPE 👉🏻👉🏻] @yof_themidrash_af has some great events in store for us this summer!
18012362419729900,2023-06-28,VIDEO,1505,True,https://www.instagram.com/reel/CuCoKpBNEUO/,"Episode 214: “Introduction to Engagements: Part 1”  Minhag of the Week is a weekly video series featuring Joey Mosseri, Morris Arking & Joseph Harari who educate our community about its Syrian and Middle Eastern traditions. Minhag of the Week is a project of the Sephardic Community Alliance.  #SCAMinhagOfTheWeek"
17878367327906334,2023-06-28,VIDEO,3270,False,https://www.instagram.com/reel/CuCIC69ppDr/,"This past Shabbat we had 100+ young adult attend Minha and a Message! Each week prior to our guest speaker, a different young adult shares opening remarks about the perasha. For Perashat Korah, Sarina Cohen spoke about making the right choices during the summer!"
18065751940403579,2023-06-27,VIDEO,2313,False,https://www.instagram.com/reel/CuAVPvxJx4t/,Join Rabbi Khaski’s classes every Monday & Wednesday afternoon throughout the summer!
18057760657423624,2023-06-27,CAROUSEL_ALBUM,N/A (not video),False,https://www.instagram.com/p/CuADTHxOEVD/,"[SWIPE 👉🏻👉🏻] We’re honored to host Rabbi Meir Soloveichik in Deal, NJ on July 12th!"
17961809195605094,2023-06-27,VIDEO,1615,False,https://www.instagram.com/reel/Ct_zlTaNkzd/,Delve into the Tefilah this summer with Rabbi Nathan Dweck!
18046226938460771,2023-06-27,CAROUSEL_ALBUM,N/A (not video),False,https://www.instagram.com/p/Ct_omO_pCCQ/,This weeks Minha and a Message is at the Soffers featuring… Rabbi Soffer!
18366537484020134,2023-06-26,VIDEO,1658,False,https://www.instagram.com/reel/Ct9iz2bvCc3/,Learn about HaRambam at Rabbi Hidary’s 3 part class series starting tomorrow!
17966293874331188,2023-06-26,CAROUSEL_ALBUM,N/A (not video),False,https://www.instagram.com/p/Ct9TAMBuCEZ/,We’re kicking off season 6 of On the Porch with a class by Rabbi Harari at the Sutton home!
17858073398975135,2023-06-26,VIDEO,1927,False,https://www.instagram.com/reel/Ct88wFVvx0b/,Classes begin today! ☀️
17983215341477323,2023-06-25,IMAGE,N/A (not video),False,https://www.instagram.com/p/Ct6b9jQOKRd/,Our Joe and Trina Cayre Learning Program @larchwood_shul starts this Thursday night!
18008382016746798,2023-06-23,VIDEO,2053,False,https://www.instagram.com/reel/Ct17fRdppYi/,Reminder- classes begin next week!
18063415306408047,2023-06-23,VIDEO,3050,False,https://www.instagram.com/reel/Ct1rRY1uCRZ/,We can’t wait for tomorrow- our first Minha and a Message of the season!
18146324899294294,2023-06-23,VIDEO,2338,False,https://www.instagram.com/reel/Ct1bKALx0yj/,Starting this Monday night!
18142817284292063,2023-06-22,VIDEO,3833,False,https://www.instagram.com/reel/Cty3_Dcvy4U/,“Appreciating Your Roots” by Miri Shasho @barkaiyeshiva @yofhs @midreshet_eshel_ #SCAYoungAdultMessage
18000007561759514,2023-06-21,VIDEO,1055,True,https://www.instagram.com/reel/CtwmHp-sJtL/,"Episode 213: “Tefilla BeSibbur: Shabbat Ahare, Qedoshim & Emor”  Minhag of the Week is a weekly video series featuring Joey Mosseri, Morris Arking & Joseph Harari who educate our community about its Syrian and Middle Eastern traditions. Minhag of the Week is a project of the Sephardic Community Alliance.  #SCAMinhagOfTheWeek"
18069405064384677,2023-06-19,CAROUSEL_ALBUM,N/A (not video),False,https://www.instagram.com/p/CtreQG-uMfP/,[SWIPE 👉🏻👉🏻] Minha and a Message is back for another great season!!!☀️ ☀️ Join us THIS SHABBAT for our first one of the summer at the Sasson home!
18272517607178957,2023-06-18,IMAGE,N/A (not video),False,https://www.instagram.com/p/Ctopgh0pxfg/,We’re excited to announce our summer 2023 BROOKLYN classes taking place Wednesday nights @shaareshalom
17916924572751850,2023-06-16,IMAGE,N/A (not video),False,https://www.instagram.com/p/CtjrkVfOT64/,"Summer 2023 night classes for girls in elementary school, middle school, high school and post high school!"
18289047331189999,2023-06-16,IMAGE,N/A (not video),False,https://www.instagram.com/p/CtjMxBvuFW2/,Last night the Mosseris hosted Rabbi Ikey Tawil in their apartment for an inspiring class and over a delicious dinner!
17911926242773710,2023-06-15,CAROUSEL_ALBUM,N/A (not video),False,https://www.instagram.com/p/Cthp01ZJC3P/,"[SWIPE 👉🏻👉🏻] Summer 2023 night classes for boys, teens, young adults and men of all ages @hathaway_safrasynagogue"
18005934994802713,2023-06-15,IMAGE,N/A (not video),False,https://www.instagram.com/p/Ctgv7WmOv7Q/,We’re excited to release the line up for SCA On the Porch- Season 6! Stay tuned for further details on each weeks location.
17997194950797439,2023-06-14,VIDEO,1125,True,https://www.instagram.com/reel/Cteo1-fp9CC/,"Episode 212: “The Blessing on Thunder and Lightning”  Minhag of the Week is a weekly video series featuring Joey Mosseri, Morris Arking & Joseph Harari who educate our community about its Syrian and Middle Eastern traditions. Minhag of the Week is a project of the Sephardic Community Alliance.  #SCAMinhagOfTheWeek"
17988621179092896,2023-06-14,IMAGE,N/A (not video),False,https://www.instagram.com/p/CteJ5t1Oi5c/,Join the protest this afternoon to make a difference
18378660079032562,2023-06-13,VIDEO,1949,False,https://www.instagram.com/reel/Ctbk9v6pE_C/,Special young adult class tomorrow night with Rabbi Tawil! 💥
17996237833822424,2023-06-12,IMAGE,N/A (not video),False,https://www.instagram.com/p/CtZQqBoucVa/,Summer 2023 Women’s Daytime Learning Program!
18021175375525275,2023-06-09,IMAGE,N/A (not video),False,https://www.instagram.com/p/CtRw20GulNX/,Link to register is in @yof_themidrash_af bio!
18264601201156935,2023-06-09,VIDEO,2072,False,https://www.instagram.com/reel/CtRWNIUvMb6/,“What you ask for vs. what you really need” by Rabbi Nathan Zaboulani @barkaihs @kolisraelcongregation
18040134874466790,2023-06-08,VIDEO,3270,False,https://www.instagram.com/reel/CtOpJz_teWQ/,“I’m having so much fun and meeting so many new people” . SCA BootCampUs 2023 is generously sponsored by Sharyn & Ezra S. Ashkenazi  . @welovemdyhs @hillelyeshiva @yofhs
17971178747208453,2023-06-07,VIDEO,1374,True,https://www.instagram.com/reel/CtMlzX4vX_w/,"Episode 211: “Commonly Asked Questions about Sebbits”  Minhag of the Week is a weekly video series featuring Joey Mosseri, Morris Arking & Joseph Harari who educate our community about its Syrian and Middle Eastern traditions. Minhag of the Week is a project of the Sephardic Community Alliance.  #SCAMinhagOfTheWeek"
17988042364916171,2023-06-06,CAROUSEL_ALBUM,N/A (not video),False,https://www.instagram.com/p/CtKZM_5pOC6/,SCA LETTER TO CUNY CHANCELLOR RE ANTISEMITIC COMMENCEMENT SPEECH GIVEN AT CUNY LAW
18025368949491862,2023-06-01,VIDEO,2948,False,https://www.instagram.com/reel/Cs9Hk0LLBQN/,“Peace from the Priests” by Miriam Kassin @hillelyeshiva BootCampUs ‘22 #SCAYoungAdultMessage
17978938601235498,2023-06-01,VIDEO,3764,False,https://www.instagram.com/reel/Cs85C6qvpK6/,"“I would definitely recommend this trip, it was such an amazing experience” . SCA BootCampUs 2023 is generously sponsored by Sharyn & Ezra S. Ashkenazi  . @welovemdyhs @hillelyeshiva @yofhs"
17994210547821790,2023-05-31,VIDEO,1330,True,https://www.instagram.com/reel/Cs6jMfIpS53/,"Episode 210: “Tefilla BeSibbur: Shabbat Tazria & Tahor”  Minhag of the Week is a weekly video series featuring Joey Mosseri, Morris Arking & Joseph Harari who educate our community about its Syrian and Middle Eastern traditions. Minhag of the Week is a project of the Sephardic Community Alliance.  #SCAMinhagOfTheWeek"
18019256791570196,2023-05-25,CAROUSEL_ALBUM,N/A (not video),False,https://www.instagram.com/p/CsrTIqQJYr2/,[SWIPE 👉🏻👉🏻] Erub Tabshilin Reminder!
17989428619880090,2023-05-25,VIDEO,1662,False,https://www.instagram.com/reel/Csq4gw3rInd/,Uplifting Shabuot message from Mrs. Rachel Abraham!
18357975601004466,2023-05-25,VIDEO,831,False,https://www.instagram.com/reel/CsqmmWWATNM/,Coming soon 👀
18061271266402384,2023-05-24,VIDEO,1292,False,https://www.instagram.com/reel/Cso12KhJflf/,Powerful Shabuot message from Rabbi Joey Soffer! @bneiyitzhak @barkaihs
17935239983668257,2023-05-24,VIDEO,2785,False,https://www.instagram.com/reel/CsokHtbLz6O/,“We enjoyed every second of it” . SCA BootCampUs 2023 is generously sponsored by Sharyn & Ezra S. Ashkenazi  . @welovemdyhs @hillelyeshiva @yofhs
17991108889843271,2023-05-24,VIDEO,1778,False,https://www.instagram.com/reel/CsoWQYbPly9/,“The Purity of our Torah” by Ikey Saff @welovemdyhs BootCampUs ‘22 #SCAYoungAdultMessage
18235150987202935,2023-05-24,VIDEO,1225,True,https://www.instagram.com/reel/CsoJmfEORg4/,"Episode 209: “Traditional Afternoon Readings on Shabu’ot”   Minhag of the Week is a weekly video series featuring Joey Mosseri, Morris Arking & Joseph Harari who educate our community about its Syrian and Middle Eastern traditions. Minhag of the Week is a project of the Sephardic Community Alliance.  #SCAMinhagOfTheWeek"
17979814493184554,2023-05-23,VIDEO,1660,False,https://www.instagram.com/reel/CslxazLOs20/,Special Shabuot message from Rabbi Naftali Besser! @yofhs
18002831776790478,2023-05-22,VIDEO,1987,False,https://www.instagram.com/reel/CsjuT3ept3h/,“Claiming Our Inheritance: The Shabu’ot Miracle of a Forgotten King” by Moey Sutton
18231183673205635,2023-05-22,VIDEO,914,False,https://www.instagram.com/reel/Csjc3TfOAKP/,See link in bio to download the new SCA app!
17985953213080484,2023-05-22,VIDEO,2822,False,https://www.instagram.com/reel/Csi0oN6Oyp3/,A day in the life of an SCA BootCamper in under 60 seconds! . SCA BootCampUs 2023 is generously sponsored by Sharyn & Ezra S. Ashkenazi . @welovemdyhs @hillelyeshiva @yofhs
17902081688717972,2023-05-18,VIDEO,6297,False,https://www.instagram.com/reel/CsZHSGQJg7c/,“Celebrating Yom Yerushalayim” by Ronny Novick @barkaiyeshiva @yofhs @eretzhatzvi @idf #SCAYoungAdultMessage
18041118880458550,2023-05-17,VIDEO,1280,True,https://www.instagram.com/reel/CsWhlDXPeqf/,"Episode 208: “Sebbit Debut of New Pizmonim”   Minhag of the Week is a weekly video series featuring Joey Mosseri, Morris Arking & Joseph Harari who educate our community about its Syrian and Middle Eastern traditions. Minhag of the Week is a project of the Sephardic Community Alliance.  #SCAMinhagOfTheWeek"
17984811047114017,2023-05-16,VIDEO,805,False,https://www.instagram.com/reel/CsTnkR9AXFk/,See link in bio to download the new SCA app!
17964847109280384,2023-05-11,VIDEO,2052,False,https://www.instagram.com/reel/CsGkJ1IuLwx/,“Shemitah and Emunah” by Michael Gammal @barkaiyeshiva @yofhs #SCAYoungAdultMessage
18257229064198147,2023-05-10,VIDEO,897,True,https://www.instagram.com/reel/CsEeCC-N2iu/,"Episode 207: “Tefilla BeSibbur: Shabbat Vayiqra, Sav & Shemini”   Minhag of the Week is a weekly video series featuring Joey Mosseri, Morris Arking & Joseph Harari who educate our community about its Syrian and Middle Eastern traditions. Minhag of the Week is a project of the Sephardic Community Alliance.  #SCAMinhagOfTheWeek"
17981074139130149,2023-05-09,CAROUSEL_ALBUM,N/A (not video),False,https://www.instagram.com/p/CsBxzA8um4s/,Join @yof_themidrash_af for a special dinner and class in honor of Yom Yerushalayim!
17991721342937432,2023-05-08,VIDEO,3584,False,https://www.instagram.com/reel/Cr_CT8KPNiD/,The Barkai Campus Campaign Has Launched!
18187536292258366,2023-05-05,CAROUSEL_ALBUM,N/A (not video),False,https://www.instagram.com/p/Cr3wdFfpFRi/,[SWIPE 👉🏻👉🏻] Lag LaOmer 🔥 🪵
17984038166033988,2023-05-04,CAROUSEL_ALBUM,N/A (not video),False,https://www.instagram.com/p/Cr0luVYuKUw/,[SWIPE 👉🏻👉🏻] We’re excited to announce our new president Mr. Michael A. Mishaan!
17939161577646737,2023-05-03,VIDEO,1315,True,https://www.instagram.com/reel/CrybOnCJJVV/,"Episode 206: “Reciting L’Shem Yihud Before a Missvah”   Minhag of the Week is a weekly video series featuring Joey Mosseri, Morris Arking & Joseph Harari who educate our community about its Syrian and Middle Eastern traditions. Minhag of the Week is a project of the Sephardic Community Alliance.  #SCAMinhagOfTheWeek"
17889759353761225,2023-04-27,VIDEO,2648,False,https://www.instagram.com/reel/CrjR7KqJExl/,“The Importance of Routine” by Rochelle Hafif @yofhs @midreshetmoriah #SCAYoungAdultMessage
17873145917876709,2023-04-26,VIDEO,3481,False,https://www.instagram.com/reel/Crg1MAlpZlc/,🇮🇱 SCA Yom Haasmaut Message by Morris Catton 🇮🇱
17963524790402128,2023-04-26,VIDEO,2755,False,https://www.instagram.com/reel/Crgo7NUJWYN/,🇮🇱 SCA Yom Haasmaut Message by Rabbi Harold Sutton 🇮🇱 @moreshet_yerushalayim
17952053870451234,2023-04-26,CAROUSEL_ALBUM,N/A (not video),False,https://www.instagram.com/p/CrgkZw0Jz38/,"[SWIPE 👉🏻👉🏻] Scenes from the Annual Yom Haasmaut Picnic in Yerushalayim! Every year, community members gather together for a BBQ to celebrate Israel's Independence- and this year, Israel's 75th, did not disappoint! Families who made aliyah to many different cities throughout Israel unite for an amazing afternoon of singing, dancing, games and a delicious meal. Of course they are joined by the @our_synagogues trip, young adults who are in Israel for their gap year, former IDF soldiers, Community "
17909001584751681,2023-04-26,VIDEO,1634,False,https://www.instagram.com/reel/CrgauKwJlSp/,Highlights from The Amazing Race  . SCA BootCampUs 2023 is generously sponsored by Sharyn & Ezra S. Ashkenazi . @welovemdyhs @hillelyeshiva @yofhs
17985113585008406,2023-04-26,VIDEO,1634,True,https://www.instagram.com/reel/CrgY7lbvhzg/,"Episode 205: “Women & Sebbits”   Minhag of the Week is a weekly video series featuring Joey Mosseri, Morris Arking & Joseph Harari who educate our community about its Syrian and Middle Eastern traditions. Minhag of the Week is a project of the Sephardic Community Alliance.  #SCAMinhagOfTheWeek"
17963800130266834,2023-04-26,CAROUSEL_ALBUM,N/A (not video),False,https://www.instagram.com/p/CrgW0GoO6aR/,"[SWIPE 👉🏻👉🏻] The final day of SCA BootCampUs was 🔥 🔥 🔥 ! After hearing from Mijal Bitton who spoke to us about our heritage and Amit Ankawa & Jolie Davies from @standwithus who discussed how to understand antisemitism on campus, we got ready for the the final event of our retreat: THE AMAZING RACE! The competition- which focused on teamwork, collaboration and physical strength- was insane! Shoutout to Richie Dweck & Shirley Catton for spearheading the race and to the orange team for coming out w"
17985531955894292,2023-04-26,VIDEO,1396,False,https://www.instagram.com/reel/CrgILOTvWM0/,🇮🇱 SCA Yom Haasmaut Message by Rabbi Richard Tobias 🇮🇱 @barkaihs
17873852114872772,2023-04-26,VIDEO,1347,False,https://www.instagram.com/reel/CrgF8c6gSlo/,🇮🇱 SCA Yom Haasmaut Message by Danielle Hazan 🇮🇱
17991263278786937,2023-04-26,CAROUSEL_ALBUM,N/A (not video),False,https://www.instagram.com/p/Crf6LEXJ200/,🇮🇱🇮🇱🇮🇱 SWIPE to learn about Israel over the years! 🇮🇱🇮🇱🇮🇱 . Special thank you to Mrs. Esther Tokayer @barkaihs for creating this!
17885991734827831,2023-04-25,VIDEO,3696,False,https://www.instagram.com/reel/CreKaHnp8DP/,🇮🇱 SCA Yom Haasmaut Message by Cynthia Benun 🇮🇱
17991542443910128,2023-04-25,VIDEO,4149,False,https://www.instagram.com/reel/Crd-05PJ0tt/,🇮🇱 SCA Yom Haasmaut Message by Renna Ades 🇮🇱
17989932460940664,2023-04-25,VIDEO,1323,False,https://www.instagram.com/reel/Crd5-xcridW/,🇮🇱 SCA Yom Hazikaron & Yom Haasmaut Message by Rabbi David Tawil 🇮🇱 @larchwood_shul @hillelyeshiva
18053999131410114,2023-04-25,CAROUSEL_ALBUM,N/A (not video),False,https://www.instagram.com/p/CrdZfvuO_Y5/,"[SWIPE 👉🏻👉🏻] POST 2 of 2: SCA BootCampUs Day 2 was incredible! After Shahrit and breakfast, the BootCampers got the opportunity to hear from Justin Ellis, Julian Coakley, Daniella Aloni, Sarah Gordon, and Dr. David Sitt who each shared invaluable insights with us on how to effectively advocate for Israel, understand the nuances of Zionism and the negative effects of Social Media. An undoubtable highlight of the day was the high ropes course and kickball! At dinner we had a special commemoration "
17967062060371640,2023-04-25,CAROUSEL_ALBUM,N/A (not video),False,https://www.instagram.com/p/CrdZHk2O1zU/,"[SWIPE 👉🏻👉🏻] POST 1 of 2: SCA BootCampUs Day 2 was incredible! After Shahrit and breakfast, the BootCampers got the opportunity to hear from Justin Ellis, Julian Coakley, Daniella Aloni, Sarah Gordon, and Dr. David Sitt who each shared invaluable insights with us on how to effectively advocate for Israel, understand the nuances of Zionism and the negative effects of Social Media. An undoubtable highlight of the day was the high ropes course and kickball! At dinner we had a special commemoration "
17972185580105165,2023-04-25,VIDEO,1795,False,https://www.instagram.com/reel/CrdRaLXvATE/,🇮🇱 SCA Yom Hazikaron & Yom Haasmaut Message by Rabbi Ikey Tawil 🇮🇱 @kolisraelcongregation @yoflatbush
17988499213955618,2023-04-24,VIDEO,2738,False,https://www.instagram.com/reel/CrboNgppU-V/,🇮🇱 SCA Yom Haasmaut Message by Rabbi Shimon Alouf 🇮🇱
17966602943370997,2023-04-24,VIDEO,744,False,https://www.instagram.com/reel/CrbVMZjPHpv/,🇮🇱 🇮🇱 🇮🇱
17892452729798826,2023-04-24,CAROUSEL_ALBUM,N/A (not video),False,https://www.instagram.com/p/CrbCyo0uhbK/,"[SWIPE 👉🏻👉🏻] BootCampUs 2023 is off to an amazing start! Yesterday the BootCampers arrived and began their jam packed day. After some ice breakers and team building activities they heard from Adela Cojab, Sarah Chernyak, David Bernstein, and Jeffery Beyda. Night activities included mentalist Alex Voz and “SY Family Feud” with host Rabbi Joey Soffer! . SCA BootCampUs 2023 is generously sponsored by Sharyn & Ezra S. Ashkenazi . @welovemdyhs @hillelyeshiva @yofhs"
17954744372355486,2023-04-23,CAROUSEL_ALBUM,N/A (not video),False,https://www.instagram.com/p/CrYZf6CJB5F/,"This past Friday morning The Dweck Family donated a Sefer Torah to SCA Member Affiliate Knis Aram Soba Ranana in Israel! The morning featured many community Rabbis who have made Aliya over the years, a meaningful Tefilah, heartfelt speeches and a beautiful reception. May this be the first of many more Sefer Torah dedications in Medinat Yisrael!"
18060020785384359,2023-04-21,CAROUSEL_ALBUM,N/A (not video),False,https://www.instagram.com/p/CrTXoapOz8M/,[SWIPE 👉🏻👉🏻] 🇮🇱 🇮🇱 🇮🇱
18011727967599297,2023-04-21,VIDEO,2613,False,https://www.instagram.com/reel/CrTL3J4N5Z9/,“Metzora and the Power of Giving” by Celia Shaoul @barkaiyeshiva @yof_themidrash_af #SCAYoungAdultMessage
18011834275535524,2023-04-20,VIDEO,2132,False,https://www.instagram.com/reel/CrRca4bJ68_/,"Today, SCA young adult program director Aaron Shasha spoke to @hillelyeshiva Juniors and Seniors as part of their program addressing antisemitism on campus and beyond. He was on a panel alongside representatives from @aipac @standwithus & American Jewish Committee.  SCA’s session titled “Irrational Thinking in the Middle East” focused on the way psychology skews perspective in relation to the Israeli/Palestinian conflict."
17967731066173065,2023-04-20,VIDEO,1467,False,https://www.instagram.com/reel/CrQjPFavA8h/,"“Tazria, Turmus, and the Bitter/Sweet Message of Rabbi Hosha’ya” by Moey Sutton"
18354293113015248,2023-04-19,VIDEO,732,True,https://www.instagram.com/reel/CrOZYCkpFfE/,"Episode 204: “Tefilla BeSibbur: Shabbat Tessave,  Ki Tisa, Vayaqhel & Pequde”   Minhag of the Week is a weekly video series featuring Joey Mosseri, Morris Arking & Joseph Harari who educate our community about its Syrian and Middle Eastern traditions. Minhag of the Week is a project of the Sephardic Community Alliance.  #SCAMinhagOfTheWeek"
18269732410133473,2023-04-19,CAROUSEL_ALBUM,N/A (not video),False,https://www.instagram.com/p/CrOGc_gOTSM/,[SWIPE 👉🏻👉🏻] Did you know that we're only a few days away from BootCampUs 2023?! Super excited to release our list of sessions! . SCA BootCampUs 2023 is generously sponsored by Sharyn & Ezra S. Ashkenazi
18018557209554939,2023-04-17,CAROUSEL_ALBUM,N/A (not video),False,https://www.instagram.com/p/CrJNddVuPV8/,[SWIPE 👉🏻] Never Forget 🕯️
17861745836920289,2023-04-11,IMAGE,N/A (not video),False,https://www.instagram.com/p/Cq5vPbWp_WY/,Come hear from SCA Young Adult Program Director and @barkaiyeshiva Dean of Students- Aaron Shasha! Tomorrow @bethtorahbk @lejends_minyan
17883889157827347,2023-04-11,VIDEO,1224,True,https://www.instagram.com/reel/Cq5TKY3tM72/,"Episode 203: “Tefilat HaDerekh: The Traveler’s Prayer”   Minhag of the Week is a weekly video series featuring Joey Mosseri, Morris Arking & Joseph Harari who educate our community about its Syrian and Middle Eastern traditions. Minhag of the Week is a project of the Sephardic Community Alliance.  #SCAMinhagOfTheWeek"
18032361613476558,2023-04-10,IMAGE,N/A (not video),False,https://www.instagram.com/p/Cq2wO36uwJy/,"@yof_themidrash_af is launching a WhatsApp daily learning program for women! Starting with Pirkei Abot with Rabbi Albert Setton, beginning on 4/16"
17886420347814170,2023-04-05,VIDEO,1276,True,https://www.instagram.com/reel/CqqSDhDgzB9/,"Episode 202: “Main Course and Dessert Served at a Sebbit”   Minhag of the Week is a weekly video series featuring Joey Mosseri, Morris Arking & Joseph Harari who educate our community about its Syrian and Middle Eastern traditions. Minhag of the Week is a project of the Sephardic Community Alliance.  #SCAMinhagOfTheWeek"
18004798387591668,2023-04-05,VIDEO,1038,False,https://www.instagram.com/reel/CqpyOWuJHde/,Mrs. Vivien Hidary wraps up our #CountdownToPesah campaign with a short thought on Pesah. We hope you enjoyed these videos and will be repeating some of the messages at your tables tonight- Tizku Leshanim Rabot!
17991758050868045,2023-04-04,VIDEO,1325,False,https://www.instagram.com/reel/CqoCP0NJlOG/,SCA Board member Mrs. Danielle Hazan sharing a thought on Pesah! #CountdownToPesah
17953004390354270,2023-04-04,CAROUSEL_ALBUM,N/A (not video),False,https://www.instagram.com/p/CqnqtcUuLTf/,"Read all about our Bridge the Gap Program in this months issue of IMAGE Magazine!  SCA ""Bridge the Gap"" 2023 is generously sponsored by Ronny & Toby Hersh in honor of the Israel Gap Year students."
18011657488574564,2023-04-04,VIDEO,1209,False,https://www.instagram.com/reel/CqnSIBNpjvn/,Dr. Sara Labaton shares some powerful thoughts on Pesah as we continue our #CountdownToPesah
17985014539970444,2023-04-03,VIDEO,1316,False,https://www.instagram.com/reel/CqlIivhuHfm/,“Egypt - Land of the Dead” By Nachliel Selavan “The Museum Guy” #CountdownToPesah  @themuseumguyisrael  www.museumtours.co.il nachliel@museumtours.co.il Background music with license from Canva Pro
17965184639171675,2023-04-03,VIDEO,2215,False,https://www.instagram.com/reel/Cqkm4ebNT-p/,Resuming our #CountdownToPesah with a message from Rabbi Abe Faur!
17983519582966755,2023-03-31,VIDEO,1251,False,https://www.instagram.com/reel/Cqdp8bKJquG/,“Korbanot of Today” by Vivian Cohen @yofhs #SCAYoungAdultMessage
17959917851421705,2023-03-31,VIDEO,1254,False,https://www.instagram.com/reel/CqdBNiotX5i/,Mrs. Yaffa Setton sending us off into the weekend with Dibre Torah on Pesah #CountdownToPesah @yof_themidrash_af @yofhs
17963077559459444,2023-03-30,VIDEO,1298,False,https://www.instagram.com/reel/CqbDaqKJKzW/,Save the Date
17952114218356272,2023-03-30,VIDEO,1117,False,https://www.instagram.com/reel/Cqa1advtWB_/,Yesterday we partnered with @our_synagogues for a Pesah special class with Rabbi Hidary!
17924166851602138,2023-03-30,VIDEO,1506,False,https://www.instagram.com/reel/CqaZqriMcK9/,Michael Franco shares with us his insights on Pesah #CountdownToPesah
17979835202094912,2023-03-29,VIDEO,724,True,https://www.instagram.com/reel/CqYYQZUOUVL/,"Episode 201: “Teffila BeSibbur: Shabbat Yitro, Mishpatim & Teruma”   Minhag of the Week is a weekly video series featuring Joey Mosseri, Morris Arking & Joseph Harari who educate our community about its Syrian and Middle Eastern traditions. Minhag of the Week is a project of the Sephardic Community Alliance.  #SCAMinhagOfTheWeek"
17980524932072207,2023-03-29,VIDEO,1614,False,https://www.instagram.com/reel/CqX081OsjVW/,Today’s #CountdownToPesah Video features our very own Young Adult Program Director Mr. @aaronshasha ! @barkaiyeshiva
17970157133206931,2023-03-28,VIDEO,1015,False,https://www.instagram.com/reel/CqWPJwipd_k/,7th of Nissan: Will the Real Ben Gurion Please Stand Up? By Moey Sutton
17962046624514466,2023-03-28,VIDEO,1695,False,https://www.instagram.com/reel/CqV3hrNpWME/,Thank you to the Elmann’s for hosting last nights young couples class with Rabbi Ikey Tawil!
17967707870509397,2023-03-28,VIDEO,1252,False,https://www.instagram.com/reel/CqVUM_FuPqa/,Rabbi Richard Tobias shares some powerful thoughts on Pesah #CountdownToPesah @barkaihs @bethtorahbk
17980345112067882,2023-03-27,IMAGE,N/A (not video),False,https://www.instagram.com/p/CqTgHeBpnf0/,Check out virtualmidrash.com to get ready for Pesah with 100+ classes! To download the app see link in bio!
17974465814147183,2023-03-27,VIDEO,2308,False,https://www.instagram.com/reel/CqStDeUOFKT/,Words of Wisdom from Mrs. Miriam Wielgus #CountdownToPesah
17994457498771754,2023-03-24,VIDEO,1696,False,https://www.instagram.com/reel/CqLbs-sNAb3/,Join us for a young couples class on Monday with Rabbi Tawil!
18016586902541953,2023-03-24,VIDEO,1553,False,https://www.instagram.com/reel/CqK_S7fruUt/,The countdown continues with Mrs. Miriam Tawil from Jerusalem! #CountdownToPesah @midreshet_eshel_
18001996684643941,2023-03-23,CAROUSEL_ALBUM,N/A (not video),False,https://www.instagram.com/p/CqJTNv9Jlw0/,[SWIPE 👉🏻👉🏻Looking forward to a very special week spearheaded by @yof_themidrash_af !
18060305377358220,2023-03-23,VIDEO,2229,False,https://www.instagram.com/reel/CqI_nuip49q/,“Hityatzevu: A Roadmap to a Covenant with God” by Alan Shamah @barkaiyeshiva @yofhs BootCampUs ‘22 @eretzhatzvi #SCAYoungAdultMessage
18070339363331157,2023-03-23,VIDEO,1678,False,https://www.instagram.com/reel/CqIbuclMFyO/,Today is Rosh Hodesh Nisan- which means that Pesah is right around the corner! Join us as we count down each day with Dibre Torah starting with Mrs. Rachelle Tawil!  #CountdownToPesah
18053432101402888,2023-03-22,VIDEO,818,True,https://www.instagram.com/reel/CqGR7bKpbEA/,"Episode 200: “Haftarah on Shabbat HaGadol”  Minhag of the Week is a weekly video series featuring Joey Mosseri, Morris Arking & Joseph Harari who educate our community about its Syrian and Middle Eastern traditions. Minhag of the Week is a project of the Sephardic Community Alliance.  #SCAMinhagOfTheWeek"
17868828245869204,2023-03-21,VIDEO,1089,False,https://www.instagram.com/reel/CqDriGJJoV7/,Tomorrow night @yof_themidrash_af welcomes Rabbi Leibtag!
18168718921279027,2023-03-20,VIDEO,1767,False,https://www.instagram.com/reel/CqBOSe5JCbC/,Join us next Wednesday night as we prepare for Pesah!
18001383643628782,2023-03-16,VIDEO,1985,False,https://www.instagram.com/reel/Cp3YyFGp6Vk/,Recapping SCA Bridge the Gap 2023! 🇮🇱 #SCAYoungAdults #SCABridgeTheGap
18350853232009954,2023-03-16,VIDEO,3040,False,https://www.instagram.com/reel/Cp2djQruAoz/,“Take Advantage of Shabbat” by Joel Naser  @welovemdyhs BootCampUs ‘22 #SCAYoungAdultMessage
17946233378453854,2023-03-15,VIDEO,3599,True,https://www.instagram.com/reel/Cp0QfNrvdYf/,"Episode 199: “Traditional Sebbit Mazza”  Minhag of the Week is a weekly video series featuring Joey Mosseri, Morris Arking & Joseph Harari who educate our community about its Syrian and Middle Eastern traditions. Minhag of the Week is a project of the Sephardic Community Alliance.  #SCAMinhagOfTheWeek"
17911687292710392,2023-03-15,VIDEO,1824,False,https://www.instagram.com/reel/CpzzRTbPecK/,Pre Pesah special with @moreshet_yerushalayim
17985840259930827,2023-03-14,VIDEO,2039,False,https://www.instagram.com/reel/Cpx40woJ2mQ/,Crisis intervention @sbh_updates
18057599368377818,2023-03-13,CAROUSEL_ALBUM,N/A (not video),False,https://www.instagram.com/p/CpvpIAkJXh8/,"Part 3- What a day! We wrapped up our first-ever Bridge the Gap program with a bang - a BBQ celebration in the desert! Following Arbit, we set out on an evening hike that led us to a surprise final destination where we enjoyed delicious food and danced the night away. Huge thanks to everyone who helped make this unforgettable experience happen!  SCA ""Bridge the Gap"" 2023 is generously sponsored by Ronny & Toby Hersh in honor of the Israel Gap Year students. #SCAYoungAdults #SCABridgeTheGap"
17938188587619478,2023-03-13,CAROUSEL_ALBUM,N/A (not video),False,https://www.instagram.com/p/CpvU1gwJgdX/,"Part 2- What an amazing afternoon! After a delicious lunch and a break for minha- the real the fun began! We rode into the desert where Rabbi Zeit spoke about the relevance of our location in the tanach. We then broke up into teams and played laser tag in the desert. Participants had to strategize and use their team building skills to secure a victory! It’s so special having all these young adults connecting and bonding together.  SCA ""Bridge the Gap"" 2023 is generously sponsored by Ronny & Toby"
18029719774436014,2023-03-13,CAROUSEL_ALBUM,N/A (not video),False,https://www.instagram.com/p/CpvAiRWuEzm/,"Part 1- Today young adults studying in Israel joined the SCA “Bridge the Gap”program! The day began with prayers and breakfast at the Inbal Hotel. We then held 3 remarkable sessions. Aaron Shasha, SCA young adult program director, held a workshop addressing students concerns about adjusting to life back at home and how to continue their growth. “For the Sake of Argument” lead an engaging discussion on tools and skills to use when talking to those you disagree with. Finally Avi Posen, from Jewish"
17973324653135743,2023-03-12,VIDEO,2025,False,https://www.instagram.com/reel/CpsZW6YtWil/,"In anticipation of tomorrow’s “Bridge the Gap” program SCA Young adult program director, Aaron Shasha, met with students studying in Israel. They’re excited for the jam packed program tomorrow- which is generously sponsored by Ronny and Toby Hersh in honor of all the students studying in Israel on their Gap year. @midreshet_eshel_ @midreshetmoriah @midreshettoratchessed @moreshet_yerushalayim @toratshraga @eretzhatzvi @yeshivatorayta #SCAYoungAdults #SCABridgeTheGap"
17860496384907542,2023-03-09,VIDEO,1333,False,https://www.instagram.com/reel/CplUKWhJYq0/,“Unity and Responsibility for Our Brothers” by Esther Gindi @hillelyeshiva BootCampUs ‘22 #SCAYoungAdultMessage
17966582258504614,2023-03-09,VIDEO,1936,False,https://www.instagram.com/reel/CplHIBPpLm8/,Join us Monday for a special couples class with Rabbi Benhamu!
18219749038203338,2023-03-09,VIDEO,1385,False,https://www.instagram.com/reel/CpkmGHppCFf/,“Ki Tisa: Know Your Crowd” SCA Shabbat Message from Rabbi Nathan Zaboulani @barkaihs @kolisraelcongregation
17981575975970832,2023-03-08,VIDEO,788,True,https://www.instagram.com/reel/CpiY2UOJmsh/,"Episode 198: “Teffila BeSibbur: Shabbat Shira (Beshalah)”  Minhag of the Week is a weekly video series featuring Joey Mosseri, Morris Arking & Joseph Harari who educate our community about its Syrian and Middle Eastern traditions. Minhag of the Week is a project of the Sephardic Community Alliance.  #SCAMinhagOfTheWeek"
17995345303630011,2023-03-08,IMAGE,N/A (not video),False,https://www.instagram.com/p/CpiK-GbuYZG/,Thank you to Estee & Steven Gindi for hosting the third and final part of our couples series with Rabbi Bitton where he went into the 5 rules for maintaining shalom bayit. Be sure to catch up on the series with the recordings on our app- see link in bio for a direct link to these recordings!
17932859552635824,2023-03-06,VIDEO,1186,False,https://www.instagram.com/reel/CpdkPppJqUu/,“The Give and Take of Life” SCA Purim Message by Rabbi Richard Tobias
17946005888435622,2023-03-06,VIDEO,1389,False,https://www.instagram.com/reel/CpcztnJMI05/,Find the megilah time that works best for you!
18020434096499838,2023-03-03,VIDEO,949,False,https://www.instagram.com/reel/CpVCmXLsHbY/,Join @mikdasheliyahu for a special Purim class this Shabbat!
17851813340929727,2023-03-02,VIDEO,2391,False,https://www.instagram.com/reel/CpS76CVpqb7/,“Sibling Rivalry” by Yola Ashkenazie @barkaiyeshiva @ramazschool #SCAYoungAdultMessage
18206029099237228,2023-03-01,VIDEO,4365,False,https://www.instagram.com/reel/CpQoC_xpeXk/,Aaron Shasha launching our BRIDGE THE GAP Initiative! See link in bio to RSVP @moreshet_yerushalayim @midreshet_eshel_ @toratshraga @midreshetmoriah @eretzhatzvi @yeshivatorayta #SCAYoungAdults #SCABridgeTheGap
17975044166085346,2023-03-01,VIDEO,1239,True,https://www.instagram.com/reel/CpQR7wHJ803/,"Episode 197: “Was it Customary for Women to Hear Perashat Zakhor?”  Minhag of the Week is a weekly video series featuring Joey Mosseri, Morris Arking & Joseph Harari who educate our community about its Syrian and Middle Eastern traditions. Minhag of the Week is a project of the Sephardic Community Alliance.  #SCAMinhagOfTheWeek"
17987202133893669,2023-03-01,VIDEO,846,False,https://www.instagram.com/reel/CpPxVMTun2A/,Find the Megilah time that’s right for you!
18175227925261530,2023-02-28,VIDEO,3829,False,https://www.instagram.com/reel/CpN7pfepEkp/,We’re excited to officially launch our new app- Virtual Midrash! See link in bio to download
18245731519153693,2023-02-27,VIDEO,1601,False,https://www.instagram.com/reel/CpLE7EXs3jG/,Young couples class with Rabbi Albert Setton this Thursday night!
17980433188852769,2023-02-27,VIDEO,2352,False,https://www.instagram.com/reel/CpKtI0uLedS/,Shots from Mrs. Miriam Zami Ededon’s Torah class @our_synagogues Mondays at 2:00pm
18033868825446423,2023-02-24,CAROUSEL_ALBUM,N/A (not video),False,https://www.instagram.com/p/CpC6FFvOWN9/,Join us for the final installment of our special class series!
18272678758189343,2023-02-23,CAROUSEL_ALBUM,N/A (not video),False,https://www.instagram.com/p/CpBTD5fpay2/,"Exciting news! Registration for SCA BootCampUs 2023 is now open! This one of a kind program is designed to prepare High School seniors for the issues they will be facing as Jewish students on campus and beyond. We had the pleasure of meeting with seniors from @yofhs, @welovemdyhs, and @hillelyeshiva to share the mission of our retreat and answer their questions. The response so far has been outstanding, with 75% of the spots already filled! If you're interested in joining us, we urge you to sign"
17909089952706686,2023-02-23,VIDEO,1516,False,https://www.instagram.com/reel/CpBEC7kpv0p/,"Yesterday, Rosh Hodesh Adar, we partnered with Sephardic Synagogue for a special Purim class with Rabbi Hidary. Attendees were treated to a delicious lunch while the Rabbi discussed 3 approaches on the absence of prayer in Megillat Esther. Missed the class? See link in bio!"
17977102265044616,2023-02-23,VIDEO,2409,False,https://www.instagram.com/reel/CpAmHCXON5h/,“The Gift That Keeps on Giving” by Daniel Beyda @yofhs @toratshraga #SCAYoungAdultMessage
17983123693907580,2023-02-22,VIDEO,872,False,https://www.instagram.com/reel/Co-pfkXpiN-/,Join @thecenterscc on Monday night for a special conversation with the founder of @waze !
18336505627071691,2023-02-22,VIDEO,1021,True,https://www.instagram.com/reel/Co-Tt4uLXyT/,"Episode 196: “Pizmonim Make the Sebbit”  Minhag of the Week is a weekly video series featuring Joey Mosseri, Morris Arking & Joseph Harari who educate our community about its Syrian and Middle Eastern traditions. Minhag of the Week is a project of the Sephardic Community Alliance.  #SCAMinhagOfTheWeek"
17877762815778262,2023-02-22,IMAGE,N/A (not video),False,https://www.instagram.com/p/Co-F02wOtxz/,Thank you to Linda & Eddie Rishty for hosting part 2 of our couples series with Rabbi Bitton where he dove into the psychological differences between the male and female brain. Join us next week for the final part of the series where he’ll be focusing on how to maintain Shalom Bayit!
18129993772295624,2023-02-21,VIDEO,1061,False,https://www.instagram.com/reel/Co70_l6Jx3r/,Reminder: Special Purim class with Rabbi Hidary tomorrow!
17971005071007270,2023-02-21,VIDEO,1235,False,https://www.instagram.com/reel/Co7dtzGswqT/,“Embracing Judaism” SCA Rosh Hodesh Adar message by Rabbi Albert Setton @barkaiyeshiva @yof_themidrash_af @westdealshul
18020801410497058,2023-02-20,VIDEO,3389,False,https://www.instagram.com/reel/Co438GwpqyE/,Sign up for @lejends_minyan first annual ski trip ⛷️  Check out link in their bio to register!
17851524875904222,2023-02-17,CAROUSEL_ALBUM,N/A (not video),False,https://www.instagram.com/p/CoxdmAgJP0x/,"Our ""If you love me, read my mind!"" class series continues this Tuesday night. Join us as we explore ""Male Brain vs. Female Brain: a Phycological Approach"""
17943739736540842,2023-02-17,VIDEO,2048,False,https://www.instagram.com/reel/CoxFd2EMhQn/,We’re privileged to be partnering with @sbh_connect on a historic day for our community- the open house of SBH CONNECT’s new home! Save the date!
17953930331290143,2023-02-16,CAROUSEL_ALBUM,N/A (not video),False,https://www.instagram.com/p/CovHY9VJO5c/,"Last night Danielle & Albert Hazan graciously hosted the first of a 3 series workshop on marriage and relationships with Rabbi Yosef Bitton. The full house learned about fundamental differences between men and women, as the Rabbi highlighted the story of creation in Beresheet. Join us next week for part 2 of this couples class series where we’ll be diving into the differences between the male & female brain."
17992639618779090,2023-02-16,VIDEO,1772,False,https://www.instagram.com/reel/Cou3vmJp0PH/,"“Commit, Then Understand” by Morris Hakim @hillelyeshiva BootCampUs ‘22 #SCAYoungAdultMessage"
18206901079208161,2023-02-16,CAROUSEL_ALBUM,N/A (not video),False,https://www.instagram.com/p/CouqKIfu0wS/,"📢 Extra, extra! Our 2022 year-in-review bulletin is here! 📰 From new initiatives to impactful programs, 2022 has been one for the books. Swipe for some highlights of the magazine or head to our bio for the full scoop."
17982190129813401,2023-02-15,VIDEO,709,True,https://www.instagram.com/reel/CosPIrVPldB/,"Episode 195: “Tefilla Be’ssibur: Shabbat Shemot, Vaera & Bo”  Minhag of the Week is a weekly video series featuring Joey Mosseri, Morris Arking & Joseph Harari who educate our community about its Syrian and Middle Eastern traditions. Minhag of the Week is a project of the Sephardic Community Alliance.  #SCAMinhagOfTheWeek"
17994168415681769,2023-02-14,CAROUSEL_ALBUM,N/A (not video),False,https://www.instagram.com/p/CopoAXIuefw/,Reminder: First class of the series takes place tomorrow night!
18006195937577775,2023-02-13,VIDEO,4668,False,https://www.instagram.com/reel/ConP0mNpnUH/,SCA Trustee Mr. Ezra S. Ashkenazi launching the newest division of @propelnetwork !
18017614633464184,2023-02-13,VIDEO,1928,False,https://www.instagram.com/reel/ComucVugzMn/,Our young couples class series continues on Wednesday night with Rabbi Ikey Tawil!
17995453195709063,2023-02-10,VIDEO,1159,False,https://www.instagram.com/reel/CofQ6NTPJDb/,Join @yof_themidrash_af this Tuesday night! A dynamic conversation and bookclub lead by Rabbi Raymond Harari & Rabbi Avi Harari. Open to Men & Women!
18128198209289776,2023-02-09,VIDEO,2603,False,https://www.instagram.com/reel/CodIV3DpwKJ/,"“Start Playing Your Violin” by Mark Levy  @welovemdy @yofhs BootCampUs ‘22, Yeshivat Aish HaTorah #SCAYoungAdultMessage"
17963474747262751,2023-02-09,VIDEO,1228,False,https://www.instagram.com/reel/CocwkTyJq93/,“Why Didn’t Esther Pray?” Special Purim class with Rabbi Hidary on Feb 22nd!
17923167818653290,2023-02-08,IMAGE,N/A (not video),False,https://www.instagram.com/p/Coaf0D2J00f/,"In coordination with the Jewish Community of Turkey, the Sephardic Community Alliance is partnering with the Sephardic Jewish Brotherhood of America to launch a Turkish Earthquake Relief Fund to directly assist the Jewish Community of Antakya and general recovery efforts via the Chief Rabbinate of Turkey and the Joint Distribution Committee (JDC), both reputable partners in the recovery efforts. Link in bio to donate"
18014456044517226,2023-02-08,VIDEO,1335,True,https://www.instagram.com/reel/CoaScmzJzqq/,"Episode 194: “The Blessing Recited Before Going to Sleep at Night”  Minhag of the Week is a weekly video series featuring Joey Mosseri, Morris Arking & Joseph Harari who educate our community about its Syrian and Middle Eastern traditions. Minhag of the Week is a project of the Sephardic Community Alliance.  #SCAMinhagOfTheWeek"
17921527748580931,2023-02-07,CAROUSEL_ALBUM,N/A (not video),False,https://www.instagram.com/p/CoXklVHOjCY/,[SWIPE 👉🏻👉🏻] New class series with Rabbi Bitton starts next week!
17981524537790420,2023-02-06,VIDEO,1319,False,https://www.instagram.com/reel/CoVD0ZPJ0DV/,"In celebration of Tu Bishbat this year, we will be planting a grove in Israel. This grove will be dedicated in memory of Mr. Mickey Kairey A”H   For more information visit rebrand.ly/trees4mickey"
17974128389009614,2023-02-06,VIDEO,1178,False,https://www.instagram.com/reel/CoUqIQPPhTw/,“Tu Bishbat: The Powerful Impact of Nature” by Danielle Hazan
17874849923818806,2023-02-03,IMAGE,N/A (not video),False,https://www.instagram.com/p/CoNNwTBueZk/,"“Sacred Time” as told by Rabbi Joseph Beyda  When I consider the idea of ‘Renewable Energy’, I am immediately drawn to a story Rabbi Sacks used to share. Rabbi Sacks once took a childcare expert, Dr Penelope Leach, to a Jewish primary school, and showed her the five-year-old children rehearsing for the Shabbat dinner table. She asked one of the children what he most liked about Shabbat. He replied, “It’s the only time of the week when daddy doesn’t have to rush off.” As they left the school, she"
17963097299207923,2023-02-02,VIDEO,4599,False,https://www.instagram.com/reel/CoKua7jPDCs/,“Fighting Amalek in Our Time” by Carol Tawil @barkaiyeshiva @welovemdyhs BootCampUs ‘22 #SCAYoungAdultMessage
17975332883010252,2023-02-01,CAROUSEL_ALBUM,N/A (not video),False,https://www.instagram.com/p/CoIa8VPJj0q/,[Swipe 👉🏻👉🏻] SCA Torah: Thursday Schedule
17963906486210854,2023-02-01,VIDEO,2429,True,https://www.instagram.com/reel/CoIPW63Jlpw/,"Episode 193: “14 Songs You MUST Sing at a Sebbit”   Minhag of the Week is a weekly video series featuring Joey Mosseri, Morris Arking & Joseph Harari who educate our community about its Syrian and Middle Eastern traditions. Minhag of the Week is a project of the Sephardic Community Alliance.  #SCAMinhagOfTheWeek"
17988754843749420,2023-01-31,CAROUSEL_ALBUM,N/A (not video),False,https://www.instagram.com/p/CoFqApTpDuH/,[Swipe 👉🏻👉🏻] SCA Torah: Wednesdays Schedule
17942900195417220,2023-01-31,VIDEO,1549,False,https://www.instagram.com/reel/CoFNmJ0POLf/,Join @our_synagogues next Shabbat the book launch of TORAT MOSHE!
18242573902198643,2023-01-30,CAROUSEL_ALBUM,N/A (not video),False,https://www.instagram.com/p/CoC5d5vOWh-/,[Swipe 👉🏻👉🏻] SCA Torah: Tuesday Schedule
17941727075426243,2023-01-30,IMAGE,N/A (not video),False,https://www.instagram.com/p/CoCiTu6uh5m/,Congratulations to SCA board member Rabbi @joeysoffer for joining the Yeshiva University faculty and the newly expanded Sephardic Community Program!
17941066976576109,2023-01-29,CAROUSEL_ALBUM,N/A (not video),False,https://www.instagram.com/p/CoAO5ntOsSx/,[Swipe 👉🏻👉🏻] Classes begin tomorrow 🎉🎉🎉  SCA Torah: Monday Schedule
17964070808236129,2023-01-26,VIDEO,2778,False,https://www.instagram.com/reel/Cn4Oow8LJ0f/,“Hashem’s Contradiction” by Noah Levy @hillelyeshiva BootCampUs ‘22 #SCAYoungAdultMessage
17896075364681910,2023-01-25,VIDEO,1090,True,https://www.instagram.com/reel/Cn2LafmJT0k/,"Episode 192: “Tefilla Be’ssibur: Shabbat Mikess Part 2- Shabbat Vayehi”  Minhag of the Week is a weekly video series featuring Joey Mosseri, Morris Arking & Joseph Harari who educate our community about its Syrian and Middle Eastern traditions. Minhag of the Week is a project of the Sephardic Community Alliance.  #SCAMinhagOfTheWeek"
17965727039299491,2023-01-24,VIDEO,2109,False,https://www.instagram.com/reel/CnzlU9npgkp/,“Listening with Love” by Mrs. Emily Labaton
18070016041347416,2023-01-23,VIDEO,1275,False,https://www.instagram.com/reel/CnwtyJNpCbw/,“Time and Rosh Hodesh” by Rabbi David Tawil @larchwoodshul @hillelyeshiva
17970315722097586,2023-01-22,VIDEO,2156,False,https://www.instagram.com/reel/CnuJR64JuE9/,“The Meaning of Vacation” by Rabbi Ikey Tawil @yoflatbush @kolisraelcongregation
17958912884502230,2023-01-20,VIDEO,1222,False,https://www.instagram.com/reel/CnpQ3jVJ0mX/,“What Makes Judaism Unique?” by Rabbi Joseph Beyda @yofhs
17916745337595872,2023-01-20,VIDEO,1417,False,https://www.instagram.com/reel/Cnoz3J4JCWo/,“Choose to be Chosen” by Rabbi Richard Tobias @barkaihs @bethtorahbk
17939792681548709,2023-01-19,CAROUSEL_ALBUM,N/A (not video),False,https://www.instagram.com/p/Cnm0CQSJ2c0/,"[SWIPE 👉🏻👉🏻] SCA Torah Spring 2023 Schedule! 🌳   Classes open to all unless otherwise indicated.  To be added to our WhatsApp chat for updates, Zoom links & cancellations see link in bio"
17947261805327996,2023-01-19,VIDEO,1791,False,https://www.instagram.com/reel/CnmPAdppTFQ/,“Realizing your Potential” by Albert Saad @yoflatbush @yofhs #SCAYoungAdultMessage
17937438953480704,2023-01-18,VIDEO,2204,False,https://www.instagram.com/reel/CnkeMdrJpj8/,“Tips for a Quality Family Vacation” by Mrs. Esther Tokayer @barkaihs
17990329780687644,2023-01-18,VIDEO,1739,True,https://www.instagram.com/reel/CnkJUdFJyZ9/,"Episode 191: “Habdalah Customs”   Minhag of the Week is a weekly video series featuring Joey Mosseri, Morris Arking & Joseph Harari who educate our community about its Syrian and Middle Eastern traditions. Minhag of the Week is a project of the Sephardic Community Alliance.  #SCAMinhagOfTheWeek"
18126164374288879,2023-01-16,CAROUSEL_ALBUM,N/A (not video),False,https://www.instagram.com/p/CnfV6vRpp3y/,Welcome to the team!
18092651017309140,2023-01-16,CAROUSEL_ALBUM,N/A (not video),False,https://www.instagram.com/p/CnekHzIuHTd/,Barkai Yeshivah High School Announces new building location that is currently under renovation to welcome their inaugural class in September 2023! @barkaihs
17960136806252471,2023-01-13,VIDEO,1979,False,https://www.instagram.com/reel/CnWv-IRppvB/,Get ready to celebrate New Years of the trees! 🌳 🌳🌳
18333627880010763,2023-01-13,VIDEO,3772,False,https://www.instagram.com/reel/CnVeLz1Jym3/,“What’s in a name?” SCA Shabbat Message by Terri Elmann @barkaiyeshiva class of ‘17 @yofhs class of ‘21 @yof_themidrash_af teaching fellow #SCAYoungAdultMessage
17987901937780034,2023-01-12,VIDEO,1281,False,https://www.instagram.com/reel/CnVIu06JD6O/,Another great season @yof_themidrash_af is right around the corner 📖
18338550997010548,2023-01-12,CAROUSEL_ALBUM,N/A (not video),False,https://www.instagram.com/p/CnUqWQfJNqt/,Have you read any of these? What books about Israel do you recommend? Comment below!
17950170668515438,2023-01-12,VIDEO,2527,False,https://www.instagram.com/reel/CnUL5PkJs4g/,See link in bio to access the playlist! 🏝️ 🌞
17952668414458962,2023-01-11,CAROUSEL_ALBUM,N/A (not video),False,https://www.instagram.com/p/CnSdZHjJ8t2/,Congrats!
18239334322199062,2023-01-11,VIDEO,2260,True,https://www.instagram.com/reel/CnSNPp8JL7E/,"Episode 190: “Going from Yahid Ram to Top Bayat Sebbit Pizmonim”  Minhag of the Week is a weekly video series featuring Joey Mosseri, Morris Arking & Joseph Harari who educate our community about its Syrian and Middle Eastern traditions. Minhag of the Week is a project of the Sephardic Community Alliance.  #SCAMinhagOfTheWeek"
18248918755124470,2023-01-06,VIDEO,1751,False,https://www.instagram.com/reel/CnE80GMpr8n/,Great read over winter break! 📖  @allegrafranco_betmidrash
17923259210637429,2023-01-05,VIDEO,1247,False,https://www.instagram.com/reel/CnCMOoHJapd/,Join @our_synagogues this Saturday night for a film on the Converso Jews 🕵🏻‍♂️
17936606867566000,2023-01-04,VIDEO,1537,True,https://www.instagram.com/reel/CnALRRWpFtw/,"Episode 189: “Tefilla Be’ssibur: Shabbat Mikess - Part 1” Minhag of the Week is a weekly video series featuring Joey Mosseri, Morris Arking & Joseph Harari who educate our community about its Syrian and Middle Eastern traditions. Minhag of the Week is a project of the Sephardic Community Alliance.  #SCAMinhagOfTheWeek"
18336934057023377,2023-01-03,VIDEO,3334,False,https://www.instagram.com/reel/Cm9zoRgJOBj/,"Thank you to Mrs. Emily Labaton and Mrs. Vicki Angel for leading a fascinating discussion on the book One Hundred Saturdays by Michael Frank, and the history of the Sephardic Jews of Rhodes. We are so grateful to hosts Gitta & Danny Kaplan for a beautiful evening!"
17948485754282901,2022-12-30,VIDEO,3174,False,https://www.instagram.com/reel/Cmytg0oJAKD/,See you on Monday 📖  Shabbat Shalom!
17914958423590366,2022-12-29,IMAGE,N/A (not video),False,https://www.instagram.com/p/CmxG9j1JFhi/,Sign up for @bethtorahbk Pesah trip - “Destination Israel” 🇮🇱
17979675805889110,2022-12-29,VIDEO,8165,False,https://www.instagram.com/reel/Cmwtph1J9NS/,"“The past is in the past” SCA Shabbat Message by Louise Sitt (@yofhs class of 2022), studying in @midreshet_eshel_ for the year. Shabbat Shalom! #SCAYoungAdultMessage"
17895448226733534,2022-12-29,IMAGE,N/A (not video),False,https://www.instagram.com/p/CmwanqGuVv7/,Reminder: Book Club is taking place this Monday night at 8:00pm! 📖
17845298696910917,2022-12-28,IMAGE,N/A (not video),False,https://www.instagram.com/p/Cmuak9BJJhn/,"This Saturday night, six synagogues will come together under one roof in a massive night of learning, Abot U’banim Be’Yahad!"
18016401556446741,2022-12-28,VIDEO,1538,True,https://www.instagram.com/reel/CmuJRrspE4k/,"Episode 188: “Shining the Light of the Habdalah Candle on Your Fingernails”   Minhag of the Week is a weekly video series featuring Joey Mosseri, Morris Arking & Joseph Harari who educate our community about its Syrian and Middle Eastern traditions. Minhag of the Week is a project of the Sephardic Community Alliance.  #SCAMinhagOfTheWeek"
17920508765549119,2022-12-28,IMAGE,N/A (not video),False,https://www.instagram.com/p/CmtzT2tu0mv/,"Jan 11th, 2023 @magendavidmanhattan  🇺🇸 🤝 🇮🇱"
17937596717432206,2022-12-27,VIDEO,2785,False,https://www.instagram.com/reel/CmrrZRGpaQi/,Thank you to Rabbi Ikey Tawil for an amazing couples class last night- stay tuned for information on our next young couples class with Rabbi Avi Harari!
18015193396489696,2022-12-27,IMAGE,N/A (not video),False,https://www.instagram.com/p/Cmq-6SmOiyp/,Reach out to reserve this Travel-Size Sefer Torah for winter vacation or any other upcoming trips!
17940776276359287,2022-12-26,VIDEO,5761,False,https://www.instagram.com/reel/Cmo1h6vpdPU/,Remembering Rabbi Dr. Ezra Labaton A”H By Dr. Sara Labaton
18263168407136137,2022-12-26,VIDEO,3978,False,https://www.instagram.com/reel/CmopJQJJED1/,Special young couples class tonight with Rabbi Ikey Tawil!
17971004710987087,2022-12-23,VIDEO,8382,False,https://www.instagram.com/reel/CmhCLvVpKfP/,"“The small against the many” SCA Hanukkah message by Ness Hadeff (@yofhs class of 2022), studying in @moreshet_yerushalayim for the year. Shabbat Shalom!"
18210532585204916,2022-12-22,VIDEO,3028,False,https://www.instagram.com/reel/CmeQnuJpcZP/,“Combatting antisemitism TOGETHER” SCA Hanukkah message by Mrs. Doris Cohen #ShineALight #ShineALightOn #ShineALightOnAntisemitism @shinealight_on
18020688997428875,2022-12-21,VIDEO,1889,True,https://www.instagram.com/reel/CmcEqV1Jn7h/,"Episode 187: “The First Song at every Sebbit: Yahid Ram”  Minhag of the Week is a weekly video series featuring Joey Mosseri, Morris Arking & Joseph Harari who educate our community about its Syrian and Middle Eastern traditions. Minhag of the Week is a project of the Sephardic Community Alliance.  #SCAMinhagOfTheWeek"
18338502148060332,2022-12-21,IMAGE,N/A (not video),False,https://www.instagram.com/p/CmbqKCbO-wL/,Join Mrs. Vivien Hidary Wednesdays on zoom for her weekly perasha class!
17913926285654726,2022-12-20,VIDEO,3035,False,https://www.instagram.com/reel/CmZC9pPjQSK/,“A light on the nations” SCA Hanukkah message by Rabbi Naftali Besser #ShineALight #ShineALightOn #ShineALightOnAntisemitism @shinealight_on
17933624729481209,2022-12-19,CAROUSEL_ALBUM,N/A (not video),False,https://www.instagram.com/p/CmWfCe-uMwv/,"Thank you @rabbidweck for inspiring us this past Thursday night speaking on Hanukkah, Jewish identity a Jewish future!"
18158230570282033,2022-12-18,VIDEO,3038,False,https://www.instagram.com/reel/CmUL0Y7pmaA/,“How to Achieve Peace” SCA Hanukkah Message by Mrs. Rachel Abraham
17889293561747601,2022-12-14,VIDEO,1064,True,https://www.instagram.com/reel/CmKCzgBJgkr/,"Episode 186: “Tefilla Be’ssibur: Shabbat Vayese - Vayesheb” Minhag of the Week is a weekly video series featuring Joey Mosseri, Morris Arking & Joseph Harari who educate our community about its Syrian and Middle Eastern traditions. Minhag of the Week is a project of the Sephardic Community Alliance.  #SCAMinhagOfTheWeek"
18044824447376775,2022-12-12,IMAGE,N/A (not video),False,https://www.instagram.com/p/CmEXbESu_sI/,Rabbi Setton class every Monday @barkaiyeshiva !
17862672473835924,2022-12-11,VIDEO,4128,False,https://www.instagram.com/reel/CmB4MBZrBxH/,Reminder: Join us THIS Thursday!
17954050559502423,2022-12-08,VIDEO,2244,False,https://www.instagram.com/reel/Cl6XTBnvoBl/,“Shekhem: Between the Shoulders” by Moey Sutton
17928791423611240,2022-12-07,IMAGE,N/A (not video),False,https://www.instagram.com/p/Cl4b957JkXs/,Att girls in Israel for the year: You ‘Donut’ want to miss this epic night in Yerushalayim by Mrs. Aura Sutton! 🍩 🍩 🍩
17952238559150259,2022-12-07,VIDEO,1127,True,https://www.instagram.com/reel/Cl4B26TJ1An/,"Episode 185: “Candles for Hanukkah and Princes in the Synagogue”  Minhag of the Week is a weekly video series featuring Joey Mosseri, Morris Arking & Joseph Harari who educate our community about its Syrian and Middle Eastern traditions. Minhag of the Week is a project of the Sephardic Community Alliance.  #SCAMinhagOfTheWeek"
17991841750563841,2022-12-06,IMAGE,N/A (not video),False,https://www.instagram.com/p/Cl12UI7pxtR/,Join Mrs. Michal Tawils weekly class on zoom on “Connecting with God” every Wednesday at 11:30am!
17923571195627380,2022-12-06,IMAGE,N/A (not video),False,https://www.instagram.com/p/Cl1IsZhORkj/,"Mark your calendar for January 2nd! Mrs. Emily Labaton will lead a book club along with Mrs. Vicki Angel, a descendant of the Jewish community of Rhodes, discussing the book “One Hundred Saturdays” 📖 💭"
17988090205637327,2022-12-05,IMAGE,N/A (not video),False,https://www.instagram.com/p/ClyzhfyJEuH/,Hanukkah is right around the corner- check out link in bio for a playlist of classes to listen to!
17954300717487418,2022-12-04,IMAGE,N/A (not video),False,https://www.instagram.com/p/Clv_Ah5uxwF/,New women’s class on parenting in the perasha begins Tuesday!
18332552311025704,2022-12-02,IMAGE,N/A (not video),False,https://www.instagram.com/p/ClrFjTOJeBx/,Year in Israel scholarship through @allegrafranco_betmidrash !
17945274119400167,2022-12-01,VIDEO,3415,False,https://www.instagram.com/reel/Clox5PkJQ-b/,Join us for Dinner & special class with @rabbidweck Thursday evening December 15th at the club at Beth Torah
17894894990710340,2022-11-30,CAROUSEL_ALBUM,N/A (not video),False,https://www.instagram.com/p/ClmQ59zJCZm/,"The SCA was proud to be a part of last night’s leadership meeting with top NYPD officials to discuss  security and quality of life  issues in our area, and ways to work more closely to help protect our community. Commanding Officer Michael Kemper, the Captains and top representatives from all our local precincts, and the hate crimes department, addressed our concerns as well as solutions and ways we can become more proactive in our partnerships with the NYPD. Thank you to Mr. Joe Shamie for arra"
17979972958817476,2022-11-30,VIDEO,1803,True,https://www.instagram.com/reel/ClmEQpNJyNW/,"Episode 184: “The Sebbit: The Setup and Who is Invited”  Minhag of the Week is a weekly video series featuring Joey Mosseri, Morris Arking & Joseph Harari who educate our community about its Syrian and Middle Eastern traditions. Minhag of the Week is a project of the Sephardic Community Alliance.  #SCAMinhagOfTheWeek"
17986193494728180,2022-11-29,VIDEO,2282,False,https://www.instagram.com/reel/CljUVZHMD3G/,See link in bio to show your support for the SCA this #GivingTuesday !
18036097384404888,2022-11-28,IMAGE,N/A (not video),False,https://www.instagram.com/p/ClhSWntpswv/,Join Rabbi Mizrahi’s daily zoom class on the Perasha!
17971949971907332,2022-11-24,VIDEO,1346,False,https://www.instagram.com/reel/ClWANBZPJN9/,"Above is an excerpt from the original “Sermon Given on Thanks Giving Day” on Nov. 26,1851 by Rabbi Sabato Morais (1823-1897). Rabbi Morais was the Rabbi of the Congregation Mikveh Israel Philadelphia, and one of the most prominent Orthodox Rabbis in 19th century America. This sermon was also published in the “Journal Asmonean.” Happy Thanksgiving!"
17970394297943318,2022-11-23,VIDEO,1303,True,https://www.instagram.com/reel/ClT97SQJA7f/,"Episode 183: “Tefilla Be’ssibur: Shabbat Beresheet - Lekh Lekh (Part 2) & Shabbat Vayera - Toledot  Minhag of the Week is a weekly video series featuring Joey Mosseri, Morris Arking & Joseph Harari who educate our community about its Syrian and Middle Eastern traditions. Minhag of the Week is a project of the Sephardic Community Alliance.  #SCAMinhagOfTheWeek"
17890382699729413,2022-11-22,CAROUSEL_ALBUM,N/A (not video),False,https://www.instagram.com/p/ClR4TAjp1N0/,👏 👏 👏
17996939146559708,2022-11-18,VIDEO,5907,False,https://www.instagram.com/reel/ClG0EV2Pfxx/,Shabbat Shalom from @moreshet_yerushalayim in Hebron!
17856080825848477,2022-11-17,IMAGE,N/A (not video),False,https://www.instagram.com/p/ClEeTyepmel/,Calling all 8th grade boys 🔊 Rabbi Tobias is having a special Perashah class tonight!
17953964774222847,2022-11-16,VIDEO,3026,False,https://www.instagram.com/reel/ClCdqL6pcXE/,"SCA Know Your Rights On Campus Event for Young Adults, partnering with @standwithus . Attendees heard from the director of standwithus center for combatting antisemitism, Carly Gammill, about how to respond if and when our rights as Jews on campus are being violated. Through personal stories and an array of resources, Carly really impacted all that attended. We then broke up into groups to discuss practical scenarios that may arise in the future and how to react. Thanks to all those who helped m"
17909817587590905,2022-11-16,VIDEO,1238,True,https://www.instagram.com/reel/ClB8umwpPAi/,"Episode 182: “Bread for Se’udah Shelishit”  Minhag of the Week is a weekly video series featuring Joey Mosseri, Morris Arking & Joseph Harari who educate our community about its Syrian and Middle Eastern traditions. Minhag of the Week is a project of the Sephardic Community Alliance.  #SCAMinhagOfTheWeek"
17941621310308528,2022-11-16,IMAGE,N/A (not video),False,https://www.instagram.com/p/ClBvMhbOoG4/,We're excited to take part in the World Orthodox Israel Congress this upcoming April!
17911389425649631,2022-11-15,CAROUSEL_ALBUM,N/A (not video),False,https://www.instagram.com/p/Ck_KT5iub_m/,Reminder: KNOW YOUR RIGHTS is happening tonight! @standwithus  There are still a few seats left- see link in bio to RSVP.
17933973635396066,2022-11-14,IMAGE,N/A (not video),False,https://www.instagram.com/p/Ck9K_HKpVmN/,Weekly class on Sefer Daniel!
18082406671310940,2022-11-10,IMAGE,N/A (not video),False,https://www.instagram.com/p/Cky0zpjJ2Ok/,Rabbi Berman is in town this Shabbat!
17998799959554337,2022-11-10,VIDEO,1729,False,https://www.instagram.com/reel/CkyF3ksN632/,“The Eshel of Abraham” by Moey Sutton
18325265314027798,2022-11-09,IMAGE,N/A (not video),False,https://www.instagram.com/p/CkwOCW2JjzN/,"Next week marks the second year since the passing of @rabbisacks . In his memory we’re taking part in a global day of learning “Communities in Conversation”, hosting a class with Rabbi Hidary where he will discuss “Rabbi Sacks on Providence & Freedom”."
17968971205921231,2022-11-09,VIDEO,1682,True,https://www.instagram.com/reel/Ckv87KHJFqB/,"Episode 181: ""The Sebbit: Singing Before an Aliya in the Synagogue""  Minhag of the Week is a weekly video series featuring Joey Mosseri, Morris Arking & Joseph Harari who educate our community about its Syrian and Middle Eastern traditions. Minhag of the Week is a project of the Sephardic Community Alliance.  #SCAMinhagOfTheWeek"
17965030334007193,2022-11-08,IMAGE,N/A (not video),False,https://www.instagram.com/p/Ckt36O8JVm6/,Learn more about Yoetzet Halacha this Monday night @bethtorahbk
17919494165627863,2022-11-08,IMAGE,N/A (not video),False,https://www.instagram.com/p/CktKygqu39y/,Join @rickycohenlive @bneiyitzhak !
17967213445854296,2022-11-08,IMAGE,N/A (not video),False,https://www.instagram.com/p/CktEDDBOZ3A/,Don’t forget to vote! 🇺🇸
17845403114877486,2022-11-08,IMAGE,N/A (not video),False,https://www.instagram.com/p/Cks0pgeu3JL/,Special event this Friday night @lejends_minyan
17933398367396939,2022-11-07,IMAGE,N/A (not video),False,https://www.instagram.com/p/CkqUnGrOLtQ/,Abot U’banim Be’Yahad 💪🏻
17956746818022697,2022-11-04,IMAGE,N/A (not video),False,https://www.instagram.com/p/CkirnxLu22t/,Check it out!
17984427961657713,2022-11-03,IMAGE,N/A (not video),False,https://www.instagram.com/p/Ckf9ZyOOWBW/,Lunch & Learn with Rabbi Azancot Thursdays @ 1
18245531374132288,2022-11-01,CAROUSEL_ALBUM,N/A (not video),False,https://www.instagram.com/p/CkbjhuhPkjz/,Know Your Rights!  Spots are limited- see link in bio to register @standwithus
17946373511188103,2022-11-01,IMAGE,N/A (not video),False,https://www.instagram.com/p/CkbNSSPOa5G/,Amazing new publication! @sephardicheritagefdn
17976198844810459,2022-11-01,VIDEO,2337,False,https://www.instagram.com/reel/CkayTs1t6wh/,"SCA is excited to be a part of the @cameraoncampus annual #MizrahiStories campaign, which begins today. Here’s a sneak preview of what’s to come! • • • #mizrahi #mizrahim #cameraoncampus #cameraoncampusuk #cameraoncampusisrael #mizrahiheritagemonth #israel #jewishcommunity #mizrahijews #jimena #harif #middleeasthistory #middleeast #truthaboutisrael #jewishdiaspora #jewishfood #jewishhistory #jewishcommunity #israelinstagram"
18144474490287069,2022-10-31,IMAGE,N/A (not video),False,https://www.instagram.com/p/CkW7YYDJFYT/,Monday at 11! @bneiyitzhak18  @rickycohenlive
18322447321051585,2022-10-28,IMAGE,N/A (not video),False,https://www.instagram.com/p/CkREHbyriW0/,Remembering Hakham Obadia Yosef @ahaba_ve_ahva
17960914091084084,2022-10-28,IMAGE,N/A (not video),False,https://www.instagram.com/p/CkQ65C-Bfeb/,Three Strategies for Combatting Antisemitism @hayil_minyan @eie_enough_is_enough @standwithus @uprooted_justice
17965670503968574,2022-10-28,IMAGE,N/A (not video),False,https://www.instagram.com/p/CkQv83cL_mg/,Learning from Hakham Obadia Yosef @mikdasheliyahu
17927802110594762,2022-10-28,IMAGE,N/A (not video),False,https://www.instagram.com/p/CkQk9wlpu58/,@thesamschoolnyc Early Childhood Open House
17968453918817906,2022-10-27,VIDEO,4142,False,https://www.instagram.com/reel/CkOmFi5pgyF/,"Due to popular demand, our Minha and a Message summer program is now offered year round- Check out this recap by Isaac Chabot on how it went last Shabbat!"
17945171945349024,2022-10-27,IMAGE,N/A (not video),False,https://www.instagram.com/p/CkOEy_4hEmh/,Empower. Educate. Inspire.
17943249725228164,2022-10-26,IMAGE,N/A (not video),False,https://www.instagram.com/p/CkMiXqRDJuV/,This Mosa’e Shabbat!@bethtorahbk
17842614434879865,2022-10-26,CAROUSEL_ALBUM,N/A (not video),False,https://www.instagram.com/p/CkMKPxbPiIa/,Welcome @uprooted_justice !
18260803495098787,2022-10-26,IMAGE,N/A (not video),False,https://www.instagram.com/p/CkLmWxLLcjd/,Barkai Yeshivah Early Childhood Open House
17938962743308336,2022-10-26,IMAGE,N/A (not video),False,https://www.instagram.com/p/CkLW3jcLfBP/,Stay Inspired at Rabbi Besser's weekly class @yofhs at 1:00pm!
17929407173444670,2022-10-25,CAROUSEL_ALBUM,N/A (not video),False,https://www.instagram.com/p/CkJYITwpWfn/,Sephardic Fellowship & Bet Midrash Program begins tonight!
18163421893254537,2022-10-25,IMAGE,N/A (not video),False,https://www.instagram.com/p/CkI5zbcpacW/,Your Child's Journey Begins Here...
18049628794366211,2022-10-24,IMAGE,N/A (not video),False,https://www.instagram.com/p/CkGQ7HDtQxa/,Join Rabbi David Tawil's weekly Nabi class Mondays at 11:30!
18046762756371558,2022-10-24,VIDEO,5109,False,https://www.instagram.com/reel/CkFDzEpLBhv/,New Women’s Class Pirkei Abot - Chapters of the Fathers  The First 3 Insights to Build Happy Children 11am Mondays Bnei Yitzhak Synagogue - Main Floor
17946376655491942,2022-10-20,IMAGE,N/A (not video),False,https://www.instagram.com/p/Cj8wxWGAwrK/,"Join @barkaihs  for their Open House event on Wednesday, November 30th @7:30pm @bethtorahbk .  Don't miss hearing how Barkai Yeshivah High School's dynamic approach to education will create the next generation of college bound, career ready leaders who are confident, grounded in tradition, dedicated to Torah and misvot, and ever adapting for the 21st century."
18217764040091750,2022-10-20,IMAGE,N/A (not video),False,https://www.instagram.com/p/Cj8UbSvLvaD/,Attention College Students! We’re excited for this Shabbat's Minha and a Message with Rabbi Tobias!
18039569623377268,2022-10-19,CAROUSEL_ALBUM,N/A (not video),False,https://www.instagram.com/p/Cj6R9j8PZDR/,Congrats! @thesamschoolnyc
17940749930255065,2022-10-19,IMAGE,N/A (not video),False,https://www.instagram.com/p/Cj5jf2OOMJR/,Save the date for @hillelyeshiva open house!
17953121687168473,2022-10-14,IMAGE,N/A (not video),False,https://www.instagram.com/p/CjtUwv2J2Wb/,Looking forward to this Young Adult program next Shabbat!
17981176258657011,2022-10-13,VIDEO,2054,False,https://www.instagram.com/reel/CjqhGy6pP-A/,In Celebration of our 52nd “How well do you know Israel” Quiz written by Mrs Esther Tokayer 🇮🇱🇮🇱
17996865484491072,2022-10-12,VIDEO,6798,False,https://www.instagram.com/reel/CjnQMXBjnpc/,SCA Sukkot Message: “Family Counts the Most” by Rabbi Naftali Besser
17982098347719736,2022-10-06,IMAGE,N/A (not video),False,https://www.instagram.com/p/CjYv2yqpg_i/,"See link in bio for a playlist of Sukkot messages- and stay tuned for more, releasing in the coming days 👀"
17939362622458769,2022-10-06,IMAGE,N/A (not video),False,https://www.instagram.com/p/CjX23JAO5y2/,Weekly class with @rabbidweck !
17999210890510691,2022-10-02,CAROUSEL_ALBUM,N/A (not video),False,https://www.instagram.com/p/CjNst3GI4Pf/,[SWIPE 👉🏻 👉🏻] Welcome Aram Soba Raanana! @dwecks.aliyah.adventure
17988917359584003,2022-10-02,IMAGE,N/A (not video),False,https://www.instagram.com/p/CjMMDodPQ-d/,Day of Selihot and Learning tomorrow @bneiyitzhak18 !
18306959626068367,2022-09-30,IMAGE,N/A (not video),False,https://www.instagram.com/p/CjIr5w4uMgK/,Shabbat Shubah class tomorrow @mikdasheliyahu
17949447308069576,2022-09-30,IMAGE,N/A (not video),False,https://www.instagram.com/p/CjIeWPSOOlA/,Special Selihot this Saturday night @bethtorahbk !
17924291315478382,2022-09-29,CAROUSEL_ALBUM,N/A (not video),False,https://www.instagram.com/p/CjF7b7qPCfW/,Special Aseret Yeme Teshubah Women's Night of Learning @allegrafranco_betmidrash in Brooklyn & Deal!
17965630171792332,2022-09-28,IMAGE,N/A (not video),False,https://www.instagram.com/p/CjDZI61vU7K/,Join Rabbi Soffer for his weekly Mesilat Yesharim class on Zoom!
17908457090554646,2022-09-23,VIDEO,1935,False,https://www.instagram.com/reel/Ci2Tg1xM-As/,Thank you US ambassador to Israel Thomas Nides and UJA for inviting SCA President Jeff Beyda to the important discussion on the US-Israel relationship. We are honored for our community to have a seat at the table. Shabbat Shalom!
17975233099699984,2022-09-22,IMAGE,N/A (not video),False,https://www.instagram.com/p/Cizvwo7PURI/,Join Mrs. Aloufs Weekly Perasha Class on Zoom!
17843588843853073,2022-09-20,IMAGE,N/A (not video),False,https://www.instagram.com/p/CiutVUtLSez/,Special class tomorrow night with Hakham Shimon Alouf!
17942155745473219,2022-09-19,IMAGE,N/A (not video),False,https://www.instagram.com/p/Cis4gHMPjs_/,Save the date for @yofhs open house!
17979150037631240,2022-09-19,IMAGE,N/A (not video),False,https://www.instagram.com/p/CisHwmnuCgN/,Mondays at 10:45 with Rabbi Setton
18145185907277238,2022-09-16,VIDEO,1975,False,https://www.instagram.com/reel/Cik2OPTpaj-/,“Parenting & Education in the Perasha: Ki Tabo” by Rabbi Richard Tobias
17955358043031454,2022-09-16,IMAGE,N/A (not video),False,https://www.instagram.com/p/Cikg_16u66F/,See link in bio to access dozens of classes about the High Holidays!
17917626602606831,2022-09-15,IMAGE,N/A (not video),False,https://www.instagram.com/p/CiiVPZNubcQ/,Help save a life
17948052284066042,2022-09-14,IMAGE,N/A (not video),False,https://www.instagram.com/p/CigFATtvXSj/,Save the date for the @welovemdyhs open house!
17966056228757409,2022-09-13,IMAGE,N/A (not video),False,https://www.instagram.com/p/CidEYlYulP2/,Join @thecenterscc this Monday for the Edmond J. Safra book launch!
17971495399784680,2022-09-12,CAROUSEL_ALBUM,N/A (not video),False,https://www.instagram.com/p/CiaQ9nOu0dp/,REPOST @allegrafranco_betmidrash : Proud to be officially assuming our new role as the women’s division of “The Midrash” Yeshivah of Flatbush’s post High school Bet Midrash!
17980843912618307,2022-09-09,VIDEO,2138,False,https://www.instagram.com/reel/CiTFyY2pQJC/,"""Parenting & Education"" SCA Perasha message by Rabbi Richard Tobias"
18017571829427630,2022-09-09,CAROUSEL_ALBUM,N/A (not video),False,https://www.instagram.com/p/CiScmmcO0zs/,It’s been an AMAZING summer! Can’t wait to see what Fall has in store 🍁 🍃
17874062318752551,2022-09-08,CAROUSEL_ALBUM,N/A (not video),False,https://www.instagram.com/p/CiQfeKXJJSr/,"Excited to release the Fall 2022 Daytime Learning Program Schedule! To be added to updates chat for daily schedule, locations and cancellations, see link in bio"
18226082665159077,2022-09-08,CAROUSEL_ALBUM,N/A (not video),False,https://www.instagram.com/p/CiP_ScOPj7e/,The Journey Begins...
18056041972339137,2022-09-06,IMAGE,N/A (not video),False,https://www.instagram.com/p/CiKounXum95/,Students @midreshet_eshel_ are ready for an amazing year up ahead!
17940994616148056,2022-09-01,IMAGE,N/A (not video),False,https://www.instagram.com/p/Ch-p5FDpUAW/,Barkai Yeshivah invites all community parents to a special panel discussion with their elementary school administration and new high school administration!
18150503557257147,2022-08-26,VIDEO,3631,False,https://www.instagram.com/reel/ChvTSkHJ6O3/,“Get Comfortable with Not Being in Control” a Shabbat and Rosh Hodesh message from Rabbi Richard Tobias
17942492384259877,2022-08-26,VIDEO,1477,False,https://www.instagram.com/reel/Chudkons8Iw/,See link in bio to continue watching!
17955257881993564,2022-08-25,IMAGE,N/A (not video),False,https://www.instagram.com/p/ChsSZtVJNPy/,To access the video see link in bio!
17973838474674372,2022-08-25,IMAGE,N/A (not video),False,https://www.instagram.com/p/ChryVYIrY4P/,Full schedule coming soon!
17932560071295500,2022-08-24,CAROUSEL_ALBUM,N/A (not video),False,https://www.instagram.com/p/ChpzniSJ9zD/,Last night SCA participated in @eie_enough_is_enough ’s Combatting antisemitism event. Jesse Sutton’s presentation titled Critical Thinking: An Iron Dome for your Brain” taught how to detect logical fallacies and biases that often are the bases of arguments against Jews and Israel. Learning how to understand faulty arguments can protect you from falling for bad ideas and sharpen your debating skills.
18139739662283404,2022-08-23,CAROUSEL_ALBUM,N/A (not video),False,https://www.instagram.com/p/ChnNK84Jsy4/,Pics from last night's Trina & Joe Cayre SCA Summer Boys Learning Program at Safra Synagogue Siyum!
18244711324114593,2022-08-23,CAROUSEL_ALBUM,N/A (not video),False,https://www.instagram.com/p/Chm5JfMAadL/,"What a beautiful day for a hike! This past Sunday SCA Young Adult Division started their morning together with Minyan, followed by a delicious breakfast and picnic. They then heard from Maya Shaposhnik Cadena who spoke to our young adults about her time in the IDF, her work at AIPAC and her experiences standing up for Israel on campus. After her talk, the participants had the opportunity to hike with former IDF soldiers!"
18019431508420540,2022-08-22,VIDEO,2707,False,https://www.instagram.com/reel/ChkpJ11p4KV/,"Solomon Terzi and Isaac Dweck had an awesome time yesterday bonding with soldiers on SCA's ""Hike with Heroes"". Everyone loved being able to share this experience with the amazing IDF representatives from our community and from Israel."
18317496043006483,2022-08-22,VIDEO,1869,False,https://www.instagram.com/reel/Chj4u2TFuRa/,"STICK TOGETHER TO COMBAT ANTISEMITISM   Clip from SCA Young Adult Division: ""First Hand Accounts of Antisemitism on Campus”. For full video see link in bio"
17954140082010768,2022-08-21,VIDEO,2925,False,https://www.instagram.com/reel/ChhvOO6lcJ2/,Can’t wait for tomorrow nights annual end of summer Siyum!
17989034470528693,2022-08-21,VIDEO,2063,False,https://www.instagram.com/reel/ChhXyCRFTQ7/,"THE SOONER THE BETTER  Clip from SCA Young Adult Division: ""First Hand Accounts of Antisemitism on Campus”. For full video see link in bio"
17882275193658675,2022-08-19,IMAGE,N/A (not video),False,https://www.instagram.com/p/ChcjVuou0-n/,Classes from our annual Rabbi Dr. Ezra Labaton A”H Tish’a BeAb Day of Learning are now online!
17933389274261830,2022-08-19,VIDEO,4275,False,https://www.instagram.com/reel/ChcSm8wFvV0/,"IT DOESN'T END AT THE COLLEGE CAMPUS  Clip from SCA Young Adult Division: ""First Hand Accounts of Antisemitism on Campus”. For full video see link in bio"
17946461519030379,2022-08-18,CAROUSEL_ALBUM,N/A (not video),False,https://www.instagram.com/p/ChaestDNFqz/,Reminder: Hiking with Heroes is this Sunday morning!
17987867680555637,2022-08-18,IMAGE,N/A (not video),False,https://www.instagram.com/p/ChaJUusJmTl/,Fall class schedule for @allegrafranco_betmidrash !
17948136185307922,2022-08-18,VIDEO,6338,False,https://www.instagram.com/reel/ChZ8s7pFE6N/,"HAVING A SOLID FOUNDATION  Clip from SCA Young Adult Division: ""First Hand Accounts of Antisemitism on Campus”. For full video see link in bio"
17895142703664296,2022-08-18,CAROUSEL_ALBUM,N/A (not video),False,https://www.instagram.com/p/ChZva_WpJiT/,This Shabbat's Minha and a Message will feature Rabbi Edward Benjamin!
17987962378546940,2022-08-17,IMAGE,N/A (not video),False,https://www.instagram.com/p/ChX_5kOBI0v/,Excited to collaborate with these organizations for an event next week that will empower young adults to combat antisemitism!
17935585499346699,2022-08-17,VIDEO,4602,False,https://www.instagram.com/reel/ChXt1aQJ_vv/,Victor Cohen is looking forward to seeing everyone at the final Minha and a Message this Shabbat!
17963408317868207,2022-08-17,VIDEO,2611,False,https://www.instagram.com/reel/ChXQFOzFWXz/,"SHOCKING COLLEGE REALIZATIONS   Clip from SCA Young Adult Division: ""First Hand Accounts of Antisemitism on Campus”. For full video see link in bio"
17920463027460629,2022-08-17,IMAGE,N/A (not video),False,https://www.instagram.com/p/ChXAasTuK2C/,"Join us for SPEECHES, LEARNING, RAFFLES & DINNER on Monday night at our annual Siyum! 🔊 📖 🎟 🍴"
17921595560430584,2022-08-16,VIDEO,3818,False,https://www.instagram.com/reel/ChUnXjolonj/,"STAND UP FOR WHAT YOU BELIEVE IN   Clip from SCA Young Adult Division: ""First Hand Accounts of Antisemitism on Campus”, hosted by Claudine & Ness Hadef and sponsored by Raquel & Joey Franco   For full video see link in bio"
17955867355875725,2022-08-15,CAROUSEL_ALBUM,N/A (not video),False,https://www.instagram.com/p/ChS5UF3r7cb/,SCA Yound Adult Division is proud to present: Hiking with Heroes!
17966863147710914,2022-08-15,IMAGE,N/A (not video),False,https://www.instagram.com/p/ChSk8eitPw6/,Special class with Rabbi Harari Thursday night!
17933723351512534,2022-08-15,CAROUSEL_ALBUM,N/A (not video),False,https://www.instagram.com/p/ChR58b7ORSY/,Scenes from our Monday night boys learning program in partnership with @larchwood_shul !
17984181343570456,2022-08-12,VIDEO,3451,False,https://www.instagram.com/reel/ChKIZTnFWi7/,“Shabbat Nahamu: Lessons in Inner Comfort & Peace” SCA Message by @danielle_hazan
17888787407632560,2022-08-11,CAROUSEL_ALBUM,N/A (not video),False,https://www.instagram.com/p/ChIhWykp7S9/,"Last night we held a Young Adult BBQ and panel featuring Jewish activists, Tamara Berens, Dalia Zahger Levy and Zach Kessel discussing the challenges they faced on college campus. The packed crowd heard about their real life experiences and received practical solutions and useful advice. The evening was expertly moderated by SCA Young Adult program director Aaron Shasha. Thank you to our hosts Claudine and Ness Hadef and our sponsors Raquel and Joey Franco @Tikvahscholars @SSI_columbia"
17955793231863533,2022-08-11,CAROUSEL_ALBUM,N/A (not video),False,https://www.instagram.com/p/ChHsVA6B0j8/,Excited to hear from Rabbi David Tawil this Shabbat at Minha and a Message!
17924070263354274,2022-08-09,CAROUSEL_ALBUM,N/A (not video),False,https://www.instagram.com/p/ChDjn6XPzlY/,Reminder: Young Adult BBQ is tomorrow night! This panel discussion will include first hand accounts of antisemitism and talk about navigating life as a Jew in college and beyond!
17931433433384429,2022-08-09,CAROUSEL_ALBUM,N/A (not video),False,https://www.instagram.com/p/ChClD2zOHMj/,"[POST 6 of 6] Pictures from our annual Rabbi Dr. Ezra Labaron A""H SCA Tish'a BeAb Day of Learning where thousands of community members attended. Thank you all who made yesterday possible. Recordings of classes will be on our YouTube channel in the coming days- stay tuned!  To support the SCA text “9ab” to 44321"
17941496600273981,2022-08-09,CAROUSEL_ALBUM,N/A (not video),False,https://www.instagram.com/p/ChCk51WuAVX/,"[POST 5 of 6] Pictures from our annual Rabbi Dr. Ezra Labaron A""H SCA Tish'a BeAb Day of Learning where thousands of community members attended. Thank you all who made yesterday possible. Recordings of classes will be on our YouTube channel in the coming days- stay tuned!  To support the SCA text “9ab” to 44321"
18150367435254144,2022-08-09,CAROUSEL_ALBUM,N/A (not video),False,https://www.instagram.com/p/ChCkw7tu8RB/,"[POST 4 of 6] Pictures from our annual Rabbi Dr. Ezra Labaron A""H SCA Tish'a BeAb Day of Learning where thousands of community members attended. Thank you all who made yesterday possible. Recordings of classes will be on our YouTube channel in the coming days- stay tuned!  To support the SCA text “9ab” to 44321"
18176964340233468,2022-08-09,CAROUSEL_ALBUM,N/A (not video),False,https://www.instagram.com/p/ChCkjGzOddk/,"[POST 3 of 6] Pictures from our annual Rabbi Dr. Ezra Labaron A""H SCA Tish'a BeAb Day of Learning where thousands of community members attended. Thank you all who made yesterday possible. Recordings of classes will be on our YouTube channel in the coming days- stay tuned!  To support the SCA text “9ab” to 44321"
18314467027038022,2022-08-09,CAROUSEL_ALBUM,N/A (not video),False,https://www.instagram.com/p/ChCkVCvuI4g/,"[POST 2 of 6] Pictures from our annual Rabbi Dr. Ezra Labaron A""H SCA Tish'a BeAb Day of Learning where thousands of community members attended. Thank you all who made yesterday possible. Recordings of classes will be on our YouTube channel in the coming days- stay tuned!  To support the SCA text “9ab” to 44321"
18031573882377215,2022-08-09,CAROUSEL_ALBUM,N/A (not video),False,https://www.instagram.com/p/ChCkKFXu0n9/,"[POST 1 of 6] Pictures from our annual Rabbi Dr. Ezra Labaron A""H SCA Tish'a BeAb Day of Learning where thousands of community members attended. Thank you all who made yesterday possible. Recordings of classes will be on our YouTube channel in the coming days- stay tuned!  To support SCA text “9ab” to 44321"
18139164172284042,2022-08-09,CAROUSEL_ALBUM,N/A (not video),False,https://www.instagram.com/p/ChCi33jrNL3/,"Join @bneiyitzhak18 tomorrow for an auction, bake sale and boutique show!"
17975100409718311,2022-08-07,CAROUSEL_ALBUM,N/A (not video),False,https://www.instagram.com/p/Cg9Oqo2uzq6/,Tish’a BeAb 2022
18052120162337015,2022-08-04,IMAGE,N/A (not video),False,https://www.instagram.com/p/Cg20TpCJ8Ag/,Join us this Sunday for our annual Rabbi Dr. Ezra Labaton A”H Tish’a BeAb Day of Learning
17939813927197094,2022-08-04,CAROUSEL_ALBUM,N/A (not video),False,https://www.instagram.com/p/Cg2RSLppsv9/,Thank you to Rita and Joey Shrem for hosting the final installment of the weekly “Parasha on the Porch” class featuring Rabbi Joseph Dweck. Today’s packed crowd learned about Parashat Debarim and Tish’a BeAb. Over-all this summer’s porch classes left all in attendance feeling inspired weekly! Today’s class was for refua shelema of Leah bat Shefia
17946589628151005,2022-08-04,CAROUSEL_ALBUM,N/A (not video),False,https://www.instagram.com/p/Cg1tkJqPpiF/,Join us this Shabbat as we hear from @rabbidweck at Minha and a Message!
17943656996182742,2022-08-03,IMAGE,N/A (not video),False,https://www.instagram.com/p/Cgz8-1VLEtR/,"The Aliyah Experience: Panel Discussion and Q&A with 6 Community members who moved to Israel, moderated by Mr. Moey Sutton. Full schedule of our annual Rabbi Dr. Ezra Labaron A""H Tish'a BeAb Day of Learning coming soon!"
17999998225477307,2022-08-03,CAROUSEL_ALBUM,N/A (not video),False,https://www.instagram.com/p/Cgz3qElJ9Ve/,[SWIPE 👉🏻👉🏻] Thank you to event sponsors Raquel and Joey Franco! Join us next Wednesday for a panel discussion on navigating life as a Jew in college and beyond!
18309882214034055,2022-08-03,IMAGE,N/A (not video),False,https://www.instagram.com/p/CgznYOXpSoi/,"We are partnering with @sephardicheritagemuseum this Sunday at 5:15pm for a special screening of Episode 4: The War Years, as part of our annual Rabbi Dr. Ezra Labaron A""H Tish'a BeAb Day of Learning. Full schedule coming soon!"
17921621606526470,2022-08-03,CAROUSEL_ALBUM,N/A (not video),False,https://www.instagram.com/p/CgzToGgsEC-/,Join us tomorrow as we close out another incredible season of On the Porch with a Perasha class from @rabbidweck !!
17968719775694917,2022-08-03,CAROUSEL_ALBUM,N/A (not video),False,https://www.instagram.com/p/CgzQCs_uM3Q/,Great turnout at yesterday’s class “From Destruction to Redemption” with Rabbi Ikey Tawil that we partnered with @sbh_connect on!
18215491342153296,2022-08-03,IMAGE,N/A (not video),False,https://www.instagram.com/p/Cgxv4L7pKX1/,New class with Mrs. Emily Labaton beginning tomorrow!
17969126677703229,2022-08-02,CAROUSEL_ALBUM,N/A (not video),False,https://www.instagram.com/p/CgxLS_YJE1O/,Proud to have worked with @councilwoman_inna_vernikov on this important letter to @govkathyhochul on what’s happening at CUNY!
18190942237203520,2022-08-01,IMAGE,N/A (not video),False,https://www.instagram.com/p/CguoAGKPBJ_/,"*Calling all young adults* We'll see you this Sunday afternoon for a special film screening and discussion at 3:45, as part of our annual Rabbi Dr. Ezra Labaron A""H Tish'a BeAb Day of Learning.Full schedule coming soon!"
17981061850577858,2022-08-01,CAROUSEL_ALBUM,N/A (not video),False,https://www.instagram.com/p/CguAOVMuBis/,"This past Thursday night we had the honor in partnering with The Tikvah Fund in hosting world acclaimed author Dara Horn, whose most recent book is titled “People Love Dead Jews”.   Prior to the event, select young adults (many of whom are #SCABootCampUs graduates!) had the opportunity to meet with Dara and discuss the importance of maintaining a strong sense of Jewish identity on their college campuses.   Following that discussion, SCA Trustee Mr. Ronny Hersh introduced the night. He highlighte"
17954834323849764,2022-07-31,IMAGE,N/A (not video),False,https://www.instagram.com/p/CgrcuGTp4k3/,Join us this Tuesday as we partner with @sbh_connect for a class with Rabbi Ikey Tawil in person @westdealshul and on zoom!
18310722559010653,2022-07-28,CAROUSEL_ALBUM,N/A (not video),False,https://www.instagram.com/p/CgkZSQYpft2/,It was great hearing from @rabbidweck On the Porch earlier today who taught us all about the Sepahrdic & Portuguese Jews of Britain! Thank you to Frieda & Joey Franco for hosting!
17972964955638456,2022-07-28,CAROUSEL_ALBUM,N/A (not video),False,https://www.instagram.com/p/CgjqzH6NKzs/,Rabbi Ikey Tawil is this week's featured speaker at Minha and a Message!
18146638702271115,2022-07-27,CAROUSEL_ALBUM,N/A (not video),False,https://www.instagram.com/p/CghSaDVLICT/,Tomorrow we'll learn about the Sephardic & Portuguese Jews of Britain with @rabbidweck  On the Porch!
17956914457804229,2022-07-26,IMAGE,N/A (not video),False,https://www.instagram.com/p/Cge3efbsKbV/,Full schedule coming soon
17914581578555357,2022-07-26,CAROUSEL_ALBUM,N/A (not video),False,https://www.instagram.com/p/CgehwfaDj7E/,Reminder- Conversation with Dara Horn this Thursday night!!!
17948844211949277,2022-07-25,IMAGE,N/A (not video),False,https://www.instagram.com/p/CgcVBJMOnwW/,8-10-22…Save the Date!
17848533407803850,2022-07-25,IMAGE,N/A (not video),False,https://www.instagram.com/p/CgbxkZtOFur/,Special classes this week with Rabbi Yosef Farhi!
17918758364430071,2022-07-24,IMAGE,N/A (not video),False,https://www.instagram.com/p/CgYD5-PMiBl/,Open to all women! Join @allegrafranco_betmidrash on Monday night as they learn the halakhot of Makeup on Shabbat and have the opportunity to purchase items afterwards from @7thdayshine & @junkfreebeauty
18285173377077622,2022-07-22,VIDEO,12883,False,https://www.instagram.com/reel/CgUmjOCFrjI/,Nathan Shabot on how much he loves Minha and a Message every Shabbat!
17988815287479075,2022-07-21,CAROUSEL_ALBUM,N/A (not video),False,https://www.instagram.com/p/CgSTxK-pyLA/,"Not even a heat wave can stop us 🔥🔥🔥! This week’s On the Porch class (which was thankfully moved indoors) was given by Mrs. Raquel Franco. Raquel spoke about how the women Morranos played such a crucial role in upholding and transmitting Judaism to future generations, overcoming so many challenges along the way. Thank you to Irene and & Abe Hanan for opening up their home to host this class!"
17946731920980758,2022-07-21,CAROUSEL_ALBUM,N/A (not video),False,https://www.instagram.com/p/CgRpQXXMn9c/,This Shabbat Rabbi Joseph Mizrachi will be our featured speaker at Minha and a Message!
17963116552839341,2022-07-20,CAROUSEL_ALBUM,N/A (not video),False,https://www.instagram.com/p/CgPoiFKvPNU/,"Mrs. Raquel Franco is continuing our series of ""Jews Around the World"" tomorrow by teaching about the Women Morranos- join us On the Porch! Please note: Reading the book prior to attending is NOT REQUIRED"
17895401186647069,2022-07-19,CAROUSEL_ALBUM,N/A (not video),False,https://www.instagram.com/p/CgM1BV4uhhj/,Packed house last night at Hathaway Synagogue for Rabbi Alouf's special class to high school & college young adults!
17906048999616379,2022-07-19,CAROUSEL_ALBUM,N/A (not video),False,https://www.instagram.com/p/CgMqYg4hhOj/,"Join us as we partner with Tikvah Academy next Thursday night in hearing from Dara Horn! The conversation will be moderated by Rabbi Dr. Ricky Hidary and be focused on how we ""Wrestle with History""."
17956746052790702,2022-07-18,CAROUSEL_ALBUM,N/A (not video),False,https://www.instagram.com/p/CgKDgTvOn4G/,So nice to see the hundreds of community members who attended our 17th of Tammuz all day learning program yesterday in partnership with @tanachstudy ... Next year in Yerushalayim!
17993486488491100,2022-07-18,IMAGE,N/A (not video),False,https://www.instagram.com/p/CgIhZRKN1qb/,Special Class tomorrow night with Rabbi Alouf at Hathaway for our high school and college men!
18147723292259455,2022-07-17,IMAGE,N/A (not video),False,https://www.instagram.com/p/CgGDLuius7i/,Join us tomorrow for a full day of learning as we commemorate the horrific events that took place in our history on the 17th of Tammuz
17948960297056690,2022-07-15,IMAGE,N/A (not video),False,https://www.instagram.com/p/CgCeEl2g_w0/,Scholars in residence this weekend. Shabbat Shalom!
17861951681730324,2022-07-15,VIDEO,3134,False,https://www.instagram.com/reel/CgCZYyclvhy/,Join us this weekend as we welcome Rav Grossman and Rav Eldar to our community!
17942370653294604,2022-07-14,CAROUSEL_ALBUM,N/A (not video),False,https://www.instagram.com/p/CgAblfjMj9t/,It was a pleasure hearing from Mrs. Frieda Cattan On the Porch earlier today teaching us all about the relationship between the Jews and the Greeks!
17927824064299352,2022-07-14,IMAGE,N/A (not video),False,https://www.instagram.com/p/CgAIu-7oKXb/,Mark your calendars for the first annual @moreshet_yerushalayim basketball tournament!
17932791308506572,2022-07-14,CAROUSEL_ALBUM,N/A (not video),False,https://www.instagram.com/p/Cf_3LaHvbnv/,[SWIPE 👉🏻👉🏻] Schedule for 17 Tammuz Day of Learning at Hathaway Synagogue!
17930541635233109,2022-07-14,CAROUSEL_ALBUM,N/A (not video),False,https://www.instagram.com/p/Cf_mVyEPrw_/,Join us this Shabbat as we welcome Tanach Scholar Rav Yoni Grossman from Israel to Minha and a Message!
18215393860154714,2022-07-13,CAROUSEL_ALBUM,N/A (not video),False,https://www.instagram.com/p/Cf9m5VLPARn/,"Join Mrs. Frieda Cattan tomorrow for some insights on the Greek Jews as we continue our series of ""Jews Around the World"" On the Porch!"
17927409704294869,2022-07-13,CAROUSEL_ALBUM,N/A (not video),False,https://www.instagram.com/p/Cf9CPWrMkB0/,Scenes from our summer learning program!
17890845482660306,2022-07-12,IMAGE,N/A (not video),False,https://www.instagram.com/p/Cf7NzD7PWR0/,Excited to welcome Rabbi Dr. Yoni Grossman and Rabbi Itamar Eldar to the Jersey Shore this weekend!
17998282687479863,2022-07-12,VIDEO,9997,False,https://www.instagram.com/reel/Cf6pfvxlGie/,Joyce Zekaria talking about how Minha and a Message transformed her Shabbat!
18244071967105853,2022-07-12,IMAGE,N/A (not video),False,https://www.instagram.com/p/Cf6SPOcuzut/,Join us this Sunday! Stay tuned for full schedule of the day releasing soon…
17999004493467212,2022-07-11,IMAGE,N/A (not video),False,https://www.instagram.com/p/Cf4jaUhv1CZ/,New class starting tomorrow with Mrs. Alouf!
17965161469657468,2022-07-11,VIDEO,3675,False,https://www.instagram.com/reel/Cf4ATbxlYYm/,Rabbi Besser Summer Classes!
18007508764440464,2022-07-10,CAROUSEL_ALBUM,N/A (not video),False,https://www.instagram.com/p/Cf2TSvHtCoF/,"[SWIPE 👉🏻👉🏻] Have you seen our Monday schedule for our women and girls summer learning program?! To be added to updates chat for daily schedule, locations and cancellations, see link in bio"
17949353359997268,2022-07-07,CAROUSEL_ALBUM,N/A (not video),False,https://www.instagram.com/p/CfuZHJEpOJh/,"Honored to have learned all about the Jews of Iran from Mrs. Nicole (Dweck) Goletka and renowned author Esther Amini earlier today as part of our ""Jews around the World"", On the Porch series. Thank you to Candice and David Bailey for hosting!"
17905237193614218,2022-07-07,CAROUSEL_ALBUM,N/A (not video),False,https://www.instagram.com/p/CfuGcuRJ0Wz/,"Last night @moreshet_yerushalayim held their annual alumni dinner where hundreds of past students, teachers and community rabbis gathered together to celebrate the school's achievements over the past few years!"
18173558449239978,2022-07-07,CAROUSEL_ALBUM,N/A (not video),False,https://www.instagram.com/p/Cft-FOwqhoQ/,Save the date for an amazing dicussion with acclaimed author Dara Horn!
17860995743730672,2022-07-07,CAROUSEL_ALBUM,N/A (not video),False,https://www.instagram.com/p/Cftn9MaOTO1/,Join us this Shabbat for our weekly Minha and a Message featuring Rabbi Nathan Dweck!
17880924170687663,2022-07-06,CAROUSEL_ALBUM,N/A (not video),False,https://www.instagram.com/p/CfrlYHrP5wi/,"Tomorrow's On the Porch will feature in a new mini series titled ""Jews around the World '' where we will hear from Mrs. Nicole (Dweck) Goletka and renowned author Esther Amini who will be discussing the Jews of Iran. See you there! Please note: Reading the book prior to attending is NOT REQUIRED"
17939875565291694,2022-07-06,VIDEO,4827,False,https://www.instagram.com/reel/CfrKCg9l9Fx/,Alan Shamah recaps what he learned from Minha and a Message!
17928828566376535,2022-07-04,CAROUSEL_ALBUM,N/A (not video),False,https://www.instagram.com/p/Cfmo0xrsF_3/,"[SWIPE 👉🏻👉🏻] Action packed schedule Tuesdays this summer for our women and girls- check it out! To be added to updates chat for daily sched, locations and cancellations, see link in bio"
17932579181166964,2022-07-04,VIDEO,3279,False,https://www.instagram.com/reel/CfmUH1PlMdc/,New class with Rabbi Tobias for college women on Tuesday nights- starts tomorrow!
18008838367428973,2022-07-04,VIDEO,6843,False,https://www.instagram.com/reel/CflqtayFZgd/,"This July 4th, SCA remembers Mr. Maurice Hedaya A”H who spent his life spreading Jewish & American values throughout our community! 🇺🇸🇺🇸🇺🇸 #HappyFourthofJuly"
18025138540390702,2022-07-03,IMAGE,N/A (not video),False,https://www.instagram.com/p/CfjTl35MTD-/,"Looking for a great book to read this summer?? Look no further! Read Letters to Talia, it’s engaging and meaningful and will keep you turning the pages! Join @allegrafranco_betmidrash for a discussion on 8/8!"
17965157104692162,2022-07-01,CAROUSEL_ALBUM,N/A (not video),False,https://www.instagram.com/p/Cfeg-J8ssIy/,"Aaaand we’re off! Check out some pics from our women & girls program that started this week!   To be added to updates chat for daily schedule, locations and cancellations, see link in bio"
17884691984675763,2022-07-01,VIDEO,3872,False,https://www.instagram.com/reel/CfeIIl2F2lN/,"Minha and a Message update from Aaron Shasha, SCA Young Adult Program Director!"
17856609116747712,2022-06-30,CAROUSEL_ALBUM,N/A (not video),False,https://www.instagram.com/p/CfcYqLxp66-/,Perfect weather for a Perasha class! ☀️ 📚 Earlier today we kicked off season 5 of our On the Porch series with Rabbi Avi Harari as this week's featured speaker. Rabbi Harari shared with us some really powerful thoughts on the Perasha that will carry us throughout Shabbat. Thank you to Beatrice & Jeffrey Sutton for hosting!
17964272851738864,2022-06-30,CAROUSEL_ALBUM,N/A (not video),False,https://www.instagram.com/p/Cfbptohv6qT/,"After a resounding success of having OVER 100 young adults at last Shabbat's ""Minha and a Message""- were excited for week 2: Rabbi Albert Setton at the home of Alan Shamah. Can't wait!"
17856542426772055,2022-06-29,VIDEO,0,False,https://www.instagram.com/p/CfZ0wzSPcZK/,"Mrs. Victoria Chabot Berman's weekly class begins tomorrow night at 8!  To be added to updates chat for daily schedule, locations and cancellations, see link in bio"
17862632573719656,2022-06-29,CAROUSEL_ALBUM,N/A (not video),False,https://www.instagram.com/p/CfZw31FryHq/,"[SWIPE 👉🏻👉🏻] Check out our women & girls Thursday night schedule! To be added to updates chat for daily schedule, locations and cancellations, see link in bio"
17946727960924347,2022-06-29,CAROUSEL_ALBUM,N/A (not video),False,https://www.instagram.com/p/CfZfEzsvxPz/,Tomorrow we begin our 5th season of On the Porch with a Perasha class from Rabbi Avi Harari!
17965161943686157,2022-06-29,VIDEO,2017,False,https://www.instagram.com/reel/CfY0oYzFwaX/,"Rabbi Nathan Dweck’s class on the weekly Haftara starts today!  To be added to updates chat for daily schedule, locations and cancellations, see link in bio"
17970819622594530,2022-06-28,VIDEO,4584,False,https://www.instagram.com/reel/CfXWaQzpnBq/,"Mrs. Rachel Abrahams Wednesday night summer class begins tomorrow tonight!  To be added to updates chat for daily schedule, locations and cancellations, see link in bio"
17942012600134128,2022-06-28,VIDEO,4039,False,https://www.instagram.com/reel/CfXLTBSJ4le/,"Get ready for Mrs. Natalie Mizrachi’s class on Wednesday mornings “Paving the Way: The Sephardic Role in Creating Modern Israel”  To be added to updates chat for daily schedule, locations and cancellations, see link in bio"
18204132331088829,2022-06-28,CAROUSEL_ALBUM,N/A (not video),False,https://www.instagram.com/p/CfW_zxrp2so/,What a night! Last night the room was buzzing with Torah as we officially began our 12th annual Hathaway Boys Summer Learning Program! Swipe for some of the highlights and schedules for the summer and join in on the action 📖😎
18305954299056630,2022-06-28,CAROUSEL_ALBUM,N/A (not video),False,https://www.instagram.com/p/CfWvH9YLnvc/,"[SWIPE 👉🏻👉🏻] Our women & girls program begin tomorrow with some incredible classes! To be added to updates chat for daily schedule, locations and cancellations, see link in bio"
17876224397677862,2022-06-28,IMAGE,N/A (not video),False,https://www.instagram.com/p/CfWcReyOYvD/,Landed! This summer there are so many high school seniors enlisted in the annual @ileadexperience that the group had to be divided into- 2 ILEAD Golan and ILEAD Negev. These 75+ pioneers are in for AMAZING next five weeks! 🇮🇱💪🏻⛺🥾
18301678027026039,2022-06-27,VIDEO,4796,False,https://www.instagram.com/reel/CfUWLlNJNaK/,Men & boys Summer 2022 Hathaway Learning Program begins tonight!
17935191461205761,2022-06-23,CAROUSEL_ALBUM,N/A (not video),False,https://www.instagram.com/p/CfJr6kuOix6/,[SWIPE 👉🏻👉🏻] New weekly series “Minha & a Message” kicks off this Shabbat with Rabbi Tobias!
17963813935703835,2022-06-22,IMAGE,N/A (not video),False,https://www.instagram.com/p/CfHC0u5OytA/,"Looking for something new in Women’s Torah learning? Want to challenge yourself? Try out an @allegrafranco_betmidrash class on opening day 6/29, one week away!@larchwood_shul"
17896362740634359,2022-06-16,CAROUSEL_ALBUM,N/A (not video),False,https://www.instagram.com/p/Ce2Qo4wOz31/,SCA Summer 2022 Learning Program Schedule is HERE! We look forward to an amazing summer learning with you!
17876189564686435,2022-06-03,CAROUSEL_ALBUM,N/A (not video),False,https://www.instagram.com/p/CeUssD9ryt_/,Swipe 👉🏻 for Shabuot night classes at some of our affiliates!
17861114507743725,2022-06-02,CAROUSEL_ALBUM,N/A (not video),False,https://www.instagram.com/p/CeTps1ZuGHS/,"Earlier this week Grace Hidary hosted a BootCampUs reunion (could you believe it’s already been 2 months?!) The night featured pizza making and multiple speeches from BootCampers who relayed how much of an impact the retreat had on them. We ended the night with a meet and greet with Aaron Shasha, our new Young Adult Program Director discussing plans for some amazing summer programming!"
17947377760841786,2022-06-01,CAROUSEL_ALBUM,N/A (not video),False,https://www.instagram.com/p/CeRhl6zpG4r/,Super excited to welcome @aaronshasha to the team as our Young Adult Program Director!!!
17962253707734671,2022-06-01,IMAGE,N/A (not video),False,https://www.instagram.com/p/CeRYXzzpWn2/,Don’t forget to RSVP in order to attend  @thecenterseniors day tomorrow with @sbh_connect !
18212440714145626,2022-05-29,VIDEO,5939,False,https://www.instagram.com/reel/CeJi2lHl7oF/,🇮🇱 Incredible footage of  @moreshet_yerushalayim celebrating Yom Yerushalayim in Jerusalem! 🇮🇱
17937078842127628,2022-05-26,IMAGE,N/A (not video),False,https://www.instagram.com/p/CeBlqfNtMKk/,Pre Shabuot Night of Learning for Men next week @westdealshul !
17939317637099363,2022-05-20,IMAGE,N/A (not video),False,https://www.instagram.com/p/CdxzmLWuBXV/,Save the Date!
17950721788777936,2022-05-18,IMAGE,N/A (not video),False,https://www.instagram.com/p/CdtvToppulM/,Can’t wait to #CelebrateIsrael this Sunday! 🇮🇱 🇮🇱 🇮🇱 #TogetherOnFifth
18321035587049558,2022-05-16,CAROUSEL_ALBUM,N/A (not video),False,https://www.instagram.com/p/CdnvJr7udzd/,We are so proud of our BootCampers who spent the day with @aipac yesterday on the campaign training institute! Using their connections to Karli Krasnipol (director of leadership and development at Aipac) who they met at BootCampus they were already one step ahead of the game!
17930954738100379,2022-05-15,CAROUSEL_ALBUM,N/A (not video),False,https://www.instagram.com/p/CdlDBmQunpb/,🔥 Lag LaOmer 2022 🔥
18001133947438395,2022-05-11,CAROUSEL_ALBUM,N/A (not video),False,https://www.instagram.com/p/CdapuokuwBp/,SCC & SCA Founder Mr. Morris Bailey shares a memory from the early days of @thecenterscc #BrickByBrick 🧱
17897995424514936,2022-05-10,IMAGE,N/A (not video),False,https://www.instagram.com/p/CdY14IQpz19/,"Today, 9 Iyar, is the yahrzeit of Eli Cohen A”H, Eliyahu Ben Sophia, the famous Israeli spy who was hanged in Syria in 1965. Many Jewish lives were saved because of his heroism.  Let’s keep his sacred memory alive and do something to elevate his neshama today. 🙏🏼"
17922943502203724,2022-05-05,CAROUSEL_ALBUM,N/A (not video),False,https://www.instagram.com/p/CdMcXsDpxxW/,🇮🇱 Yom Haasmaut Celebrations @barkaiyeshiva ! 🇮🇱
17995744438451579,2022-05-05,CAROUSEL_ALBUM,N/A (not video),False,https://www.instagram.com/p/CdMHYsgJCGN/,🇮🇱 Yom Haasmaut Celebrations @hillelyeshiva ! 🇮🇱
17917846628395934,2022-05-05,CAROUSEL_ALBUM,N/A (not video),False,https://www.instagram.com/p/CdL6dRSphUm/,🇮🇱What does Israel mean you YOU?! @yofhs 🇮🇱
17930938979212926,2022-05-05,CAROUSEL_ALBUM,N/A (not video),False,https://www.instagram.com/p/CdLz-snuYpt/,🇮🇱 Yom Haasmaut Celebrations @midreshet_eshel_ ! 🇮🇱
18162018370236435,2022-05-05,CAROUSEL_ALBUM,N/A (not video),False,https://www.instagram.com/p/CdLtF64uanj/,🇮🇱 Yom Haasmaut Celebrations @welovemdyhs ! 🇮🇱
18266016157079720,2022-05-05,CAROUSEL_ALBUM,N/A (not video),False,https://www.instagram.com/p/CdLhzMNOgeq/,[Swipe 👉🏻👉🏻] Pictures from the annual Yom Haasmaut BBQ in Yerushalayim for families in our community that made aliya! 🇮🇱
17920838258251560,2022-05-05,VIDEO,N/A,False,https://www.instagram.com/reel/CdLf65sF3Vd/,🇮🇱 Clip from Hazzan Yehezkel Zion singing Hallel after the Amida at the 8:00am minyan @bethtorahbk 🇮🇱
17909531549525611,2022-05-04,VIDEO,N/A,False,https://www.instagram.com/reel/CdJgTFwJqo8/,"""United as One!"" by Jacob Mosseri of @moreshet_yerushalayim ( and @yofhs class of 2021)"
17969242819544473,2022-05-03,CAROUSEL_ALBUM,N/A (not video),False,https://www.instagram.com/p/CdGh79vunSz/,Hot off the press 🔥🔥🔥 Check out this months issue of @image_magazine to read all about BootCampUs!
17955941110675782,2022-05-03,CAROUSEL_ALBUM,N/A (not video),False,https://www.instagram.com/p/CdGGbk5uA1K/,👉🏻👉🏻 Join us tomorrow night for an amazing night @thecenter_scc where we will commemorate Yom Hazikaron & celebrate Yom Haasmaut!
17945600440936015,2022-04-28,IMAGE,N/A (not video),False,https://www.instagram.com/p/Cc5YcJiOZvf/,"Take a moment to remember the 6,000,000 Jewish lives that were lost in the Holocaust 🙏🏼"
17909791520394124,2022-04-27,CAROUSEL_ALBUM,N/A (not video),False,https://www.instagram.com/p/Cc3iGYuJU_I/,"It was an honor to hear the story of Holocaust survivor Jehuda Lindenblatt earlier today. Thank you to Jacqueline Mizrachi Chattah for moderating, Joy & Morris Bailey for hosting and all who attended- ensuring his stories are passed on to the next generation 🙏🏼"
17903740928537813,2022-04-26,IMAGE,N/A (not video),False,https://www.instagram.com/p/Cc09ueMJCdV/,Check out the  @allegrafranco_betmidrash Summer 2022 schedule! Register at AllegraFranco.com to secure your seat
17946864088814612,2022-04-26,IMAGE,N/A (not video),False,https://www.instagram.com/p/Cc0iQxyLIXP/,May his legacy be a source of strength to his family at this difficult time
17961288340650697,2022-04-25,IMAGE,N/A (not video),False,https://www.instagram.com/p/CcxmPVfO06U/,In honor of Yom Hashoah
17974410787532902,2022-04-19,IMAGE,N/A (not video),False,https://www.instagram.com/p/CciUferOPP-/,"SCA Travel-Sized Sefer Torah dedicated in honor of Mr. Ezra Sultan is in Orlando, Florida this week! To reserve the Sefer in the future email sefertorah@scaupdates .org"
18266580154079761,2022-04-14,CAROUSEL_ALBUM,N/A (not video),False,https://www.instagram.com/p/CcWcXfnJCQI/,(SWIPE 👉🏻👉🏻) Words of wisdom from some of the speakers who took part in BootCampUs earlier this week! . @welovemdyhs @hillelyeshiva @yofhs @ramazschool @frischschool @yeshivahprep . SCA BootCampUs 2022 is sponsored by Sharyn & Ezra S. Ashkenazi in honor of Nava and Jeffrey Beyda
17915206778455875,2022-04-14,CAROUSEL_ALBUM,N/A (not video),False,https://www.instagram.com/p/CcVg3dtuh2b/,"No better way to end off BootCampUs than a custom made activity like The Amazing Race! The students were split into four teams- shawarma, shakshuka, shish kabob and schnitzel- and competed against each other, combining teamwork and stamina to overcome obstacles along with solving puzzles and trivia based on the material they learned for their team to advance. Highlights included human bowling, rock climbing, deconstructing an Israeli salad and so much more! Everyone had a blast at this race. Spe"
17873330159673125,2022-04-13,CAROUSEL_ALBUM,N/A (not video),False,https://www.instagram.com/p/CcTQvgfpuZ2/,We must give a HUGE thank you to @standwithus for supporting us on our first annual Boot CampUs! The intimate discussion sessions lead by multiple representatives were one of our favorites. They were a great way for BootCampers to connect with current activists who are facing many of the challenges that our students may face in the future! Thank you for all your support and leading the way in education on Israel. . @welovemdyhs @hillelyeshiva @yofhs @ramazschool @frischschool @yeshivahprep . SCA
17936899319046826,2022-04-13,CAROUSEL_ALBUM,N/A (not video),False,https://www.instagram.com/p/CcS1TF7OKg0/,"The third and final day of SCA BootCampUs began by hearing from Sefi Kraut, Director of Education for the Pardes Mahloket Matters Schools project. She facilitated an interactive session highlighting the importance of different viewpoints on all subject matter. “Makhloket” is rooted in our Jewish tradition, teaching us that all opinions matter and should be respected. Learning the value of a constructive disagreement mindset will hopefully enhance our bootcampers experience on the college campus "
18231252778128847,2022-04-12,IMAGE,N/A (not video),False,https://www.instagram.com/p/CcROVUhpg9l/,Save the date
17959470295719508,2022-04-12,CAROUSEL_ALBUM,N/A (not video),False,https://www.instagram.com/p/CcP-EsxOk0r/,"(Post 2 of 2) BootCampUs is non-stop! After yesterday’s ropes course, BootCampers came back inside to hear from Dr. @thesittdown who led a custom made session titled how to “Discern the Dark Arts of Media Manipulation”. His practical takeaways were crucial to a generation for whom social media is weaved into their lives. We ended the day ziplining over a lake in the dark 🙈, bonding over a bonfire🔥, eating some delicious s’mores 🪵, and some late night singing 🎶 outdoors 🌌 . @welovemdyhs @hillelye"
17946892921765873,2022-04-12,CAROUSEL_ALBUM,N/A (not video),False,https://www.instagram.com/p/CcP9-HpO-FS/,"(Post 1 of 2) BootCampUs is non-stop! After yesterday’s ropes course, BootCampers came back inside to hear from Dr. @thesittdown who led a custom made session titled how to “Discern the Dark Arts of Media Manipulation”. His practical takeaways were crucial to a generation for whom social media is weaved into their lives. We ended the day ziplining over a lake in the dark 🙈, bonding over a bonfire🔥, eating some delicious s’mores 🪵, and some late night singing 🎶 outdoors 🌌 . @welovemdyhs @hillelye"
17932986152118700,2022-04-12,CAROUSEL_ALBUM,N/A (not video),False,https://www.instagram.com/p/CcO4aaSLVZv/,"Tonight we had the honor of hearing from famous actor and Israel activist @noatishby ! Earlier today, @yairlapid named her the FIRST-EVER Special Envoy for Combating Antisemitism and Delegitimization. Mrs. Esther Tokayer of @welovemdyhs lead the discussion followed by a q&a in which the Bootcamper’s themselves got to ask her questions. It was an incredible opportunity to hear first hand her inspiring message about standing up for what you believe in, defending Israel and your beliefs, and having"
17949293170841541,2022-04-11,CAROUSEL_ALBUM,N/A (not video),False,https://www.instagram.com/p/CcOSZbIJ_UP/,"(Post 2 of 2) Action-packed start to day 2 of BootCampUs 2022! Today the students participated in 5 individual workshops with representatives from @standwithus who discussed how often misinformation leads to antisemitism and what we can do to stop it. We then had the honor of hearing from editor-at large of Tablet Magazine Liel Leibovitz who spoke to us about having “Common Sense on College Campuses”- navigating the far right and the far left. Next, Julian Coakley ( @sircoaks ) and Karli Krasnip"
18045468256325654,2022-04-11,CAROUSEL_ALBUM,N/A (not video),False,https://www.instagram.com/p/CcOReyTpBg5/,"(Post 1 of 2) Action-packed start to day 2 of BootCampUs 2022! Today the students participated in 5 individual workshops with representatives from @standwithus who discussed how often misinformation leads to antisemitism and what we can do to stop it. We then had the honor of hearing from editor-at large of Tablet Magazine Liel Leibovitz who spoke to us about having “Common Sense on College Campuses”- navigating the far right and the far left. Next, Julian Coakley ( @sircoaks ) and Karli Krasnip"
17920846565491626,2022-04-11,VIDEO,N/A,False,https://www.instagram.com/reel/CcOAheylklR/,“Remember Where You Came From”  SCA Pesah message from Rabbi Besser
17937142702911105,2022-04-11,CAROUSEL_ALBUM,N/A (not video),False,https://www.instagram.com/p/CcNpk0_O3Ax/,On the second half of BootCampUs day 1 we had a session with SCA president @jeffbeyda about the importance of critical thinking to protect against dangerous ideas that go against our values. Nighttime activities and entertainment included a hysterical comedy show from the one and only MODI and an extremely entertaining game of Family Feud (shoutout to our host Rabbi @joeysoffer). Overall- amazing first day! .  SCA BootCampUs 2022 is sponsored by Sharyn & Ezra S. Ashkenazi in honor of Nava and Je
17918148662248738,2022-04-11,CAROUSEL_ALBUM,N/A (not video),False,https://www.instagram.com/p/CcMYIpWry9g/,(Post 2 of 2) We’re off to a great start! Our BootCampers arrived in Pennsylvania earlier today. After a delicious lunch and welcoming words from SCA president @jeffbeyda we heard from @adelacojab about her personal experience fighting antisemitism at NYU learning practical tips. Her advice to these seniors was invaluable! We then heard from Dr. @mijalbitton who discussed how to view our unique heritage as an asset that can help us contribute to our new surroundings in college. This is just the 
17930687048307582,2022-04-11,CAROUSEL_ALBUM,N/A (not video),False,https://www.instagram.com/p/CcMXqwlrDaz/,(Post 1 of 2) We’re off to a great start! Our BootCampers arrived in Pennsylvania earlier today. After a delicious lunch and welcoming words from SCA president @jeffbeyda we heard from @adelacojab about her personal experience fighting antisemitism at NYU learning practical tips. Her advice to these seniors was invaluable! We then heard from Dr. @mijalbitton who discussed how to view our unique heritage as an asset that can help us contribute to our new surroundings in college. This is just the 
17919245573219576,2022-04-07,CAROUSEL_ALBUM,N/A (not video),False,https://www.instagram.com/p/CcDyH2iJbLw/,[SWIPE 👉🏻👉🏻] High school seniors attending BootCampUs next week will have the opportunity to hear from Liel Leibovitz!
17948319310838430,2022-04-06,CAROUSEL_ALBUM,N/A (not video),False,https://www.instagram.com/p/CcBsoibpvXo/,[SWIPE 👉🏻👉🏻] Can’t wait to hear from @noatishby in just a few days on our BootCampUs for high school seniors!
17921725364338340,2022-04-06,IMAGE,N/A (not video),False,https://www.instagram.com/p/CcBQ101pvmr/,Partnering with @sbh_connect this Tuesday for a special intergenerational class with Mrs. Yaffa Setton on “The Real Story of Matzah!”
17935872521047268,2022-04-06,CAROUSEL_ALBUM,N/A (not video),False,https://www.instagram.com/p/CcA-LnsuJae/,"No vacation from Torah! Earlier this week @moreshet_yerushalayim began their “Ben HaZemanim” learning program in @mikdasheliyahu- daily classes with Rabbi Harold Sutton, Rabbi Edward Benjamin & Moshe Alouf!"
18286952455053727,2022-04-03,IMAGE,N/A (not video),False,https://www.instagram.com/p/Cb5Ji7vOas7/,Special class  for ladies @bethtorahbk with Mrs. Zahava Harari this Tuesday night!
17965057480599399,2022-04-01,CAROUSEL_ALBUM,N/A (not video),False,https://www.instagram.com/p/CbzrAjsAnKD/,[SWIPE 👉🏻👉🏻] Parashat Tazria Summary
17852036177718507,2022-03-31,VIDEO,N/A,False,https://www.instagram.com/reel/CbxQuV-lgm5/,Heading our special events we have the one and only @curlyshirleycatton ! For more information visit TheSCA. com/bootcampus
17953354039653719,2022-03-24,CAROUSEL_ALBUM,N/A (not video),False,https://www.instagram.com/p/Cbfyo_zJ0A7/,[SWIPE 👉🏻👉🏻] Parashat Shemini Summary
17987897491457256,2022-03-24,IMAGE,N/A (not video),False,https://www.instagram.com/p/CbfNeTjugpR/,Annual Seder El-Tawid @ahaba_ve_ahva is this Saturday night!
17942671453814918,2022-03-23,CAROUSEL_ALBUM,N/A (not video),False,https://www.instagram.com/p/Cbcghe4umep/,[SWIPE 👉🏻👉🏻] Jewish Heritage Night @thegarden is April 3rd- See link in bio to purchase your discounted tickets!
17970384481546812,2022-03-21,IMAGE,N/A (not video),False,https://www.instagram.com/p/CbXsTftuXNr/,Special tomorrow with Rabbi Albert Setton on the Laws of Pesah for the refuah shelemah of Rachelle Sara bat Jamile Camo!
17952933967690496,2022-03-16,VIDEO,N/A,False,https://www.instagram.com/reel/CbK46j7ln7q/,We can’t wait to hear from Dr. Sitt on BootCampUs! During his workshop he will discuss how to become a more conscious consumer of media.   For more information visit TheSCA. com/bootcampus
18185812279167910,2022-03-15,IMAGE,N/A (not video),False,https://www.instagram.com/p/CbJKZNSJ1m0/,
17974301266514506,2022-03-15,VIDEO,N/A,False,https://www.instagram.com/reel/CbI6zaGpncU/,"Representing the Sephardic Division of AIPAC, we have Julian Coakley joining us at BootCampUs!  For more information visit TheSCA. com/Bootcampus"
17911033115437827,2022-03-15,IMAGE,N/A (not video),False,https://www.instagram.com/p/CbIrpuapkR8/,Check out our website for the list of times and locations- TheSCA. com/megilah
18050527192309871,2022-03-14,CAROUSEL_ALBUM,N/A (not video),False,https://www.instagram.com/p/CbGXdZMJqz-/,"זֶה הַיּוֹם עָשָׂה ה נָגִילָה וְנִשְׂמְחָה בוֹ Through the generosity of The Oved, Betesh & Pardo families- the SCA celebrated a Hakhnasat Sefer Torah yesterday! Friends and family gathered together to complete the final words of this beautiful Sefer Torah. After it was completed, we heard inspiring Dibre Torah from Hakham Shimon Alouf, which was followed by dancing and a delicious brunch.  A big thanks to Nancy & David Oved for opening their home & planning a gorgeous morning and to SCA board m"
17917354397494957,2022-03-14,IMAGE,N/A (not video),False,https://www.instagram.com/p/CbFkCBPOmdi/,"REMINDER: We’re partnering with @sbh_connect on Wednesday for a special class with Mrs. Vivien Hidary, UNMASKING the story of Queen Esther! Join us in person on on ZOOM. 🎭"
17864605868650880,2022-03-13,VIDEO,N/A,False,https://www.instagram.com/reel/CbD1Z-3JAQ-/,Rena Nasar First of @standwithus will be speaking on BootCampUs!  For more information visit thesca .com/bootcampus
17940179257833010,2022-03-13,IMAGE,N/A (not video),False,https://www.instagram.com/p/CbC8Br1u5iM/,👀Look out for @allegrafranco_betmidrash Purim Reader! Commentary written on each Perek by their members. Also can be used during Megilah readings as it contains full text of the Megilah! If you would like a copy emailed to you please contact info@allegrafranco.org
17896676144548283,2022-03-09,IMAGE,N/A (not video),False,https://www.instagram.com/p/Ca4zHKMOqc9/,Join @unitedhatzalahofisrael later today for a live update on the Crisis in Ukraine!
17941653520801144,2022-03-09,VIDEO,N/A,False,https://www.instagram.com/reel/Ca4g7ISlORV/,Adele Cojab will be speaking at SCA BootCampUs!
18166656469169198,2022-03-08,IMAGE,N/A (not video),False,https://www.instagram.com/p/Ca2N2LCucxi/,Join us next week as we partner with @sbh_connect to UNMASK the story of Queen Esther with Mrs. Vivien Hidary!
17903986583390182,2022-03-07,IMAGE,N/A (not video),False,https://www.instagram.com/p/Ca0D7oCJ0YU/,Join our team!
17962498159546989,2022-03-07,CAROUSEL_ALBUM,N/A (not video),False,https://www.instagram.com/p/Cazc8jxu6Nd/,"This past Saturday night we partnered with Sephardic Synagogue to host Jason Greenblatt, former diplomat for the Trump Administration and a key part of the Abraham Accords!"
17971078306523429,2022-03-06,CAROUSEL_ALBUM,N/A (not video),False,https://www.instagram.com/p/Caxv9J6pj0x/,[SWIPE 👉🏻👉🏻] For those that would like to make a monetary donation instead of donating merchandise please see link in bio or send payment to: donate. thesca. com/ukraine. We will use these funds to purchase the medical supplies in bulk.
18051328399312292,2022-03-06,IMAGE,N/A (not video),False,https://www.instagram.com/p/CaxLxOBuMCW/,Special mother daughter Purim class this Tuesday night! Please register at Allegrafranco.org
17929937090090550,2022-03-04,VIDEO,N/A,False,https://www.instagram.com/reel/Car_ndHlctl/,Mr. Jeffrey J. Beyda introduces SCA BootCampUs!
17872381961656997,2022-03-04,IMAGE,N/A (not video),False,https://www.instagram.com/p/CarrBWsu_d_/,Join @thecenterscc this Monday night!
17893413719601016,2022-03-03,CAROUSEL_ALBUM,N/A (not video),False,https://www.instagram.com/p/CaqSKTAJOnY/,[SWIPE 👉🏻👉🏻] Parashat Pekude Summary
18197311819159076,2022-03-03,IMAGE,N/A (not video),False,https://www.instagram.com/p/CaptEf7JwyS/,"Join us on Wednesday for an evening of solidarity, prayer and support for displaced Jews in Ukraine 🇺🇦 🙏🏼"
17964422881564799,2022-03-02,VIDEO,N/A,False,https://www.instagram.com/reel/CamsiouF7D1/,"Update on @moreshet_yerushalayim happenings, by Joe Shamah, @welovemdyhs class of 2021!"
17950727968733463,2022-03-01,IMAGE,N/A (not video),False,https://www.instagram.com/p/CakzIhfJZFu/,Crisis in Ukraine
17892780542597342,2022-03-01,VIDEO,N/A,False,https://www.instagram.com/reel/CakMgjClqBg/,Rabbi Besser classes are back to in person!!! Join us every Wednesday at 1:00pm in @yofhs for an inspiring class _ Zoom will still be available for those who want to attend virtually Zoom ID: besser
17920661735262163,2022-02-28,IMAGE,N/A (not video),False,https://www.instagram.com/p/CahknUgLYyq/,If you’re planning on spending next year in Israel- this @allegrafranco_betmidrash meeting is a MUST!
17900323832453621,2022-02-27,IMAGE,N/A (not video),False,https://www.instagram.com/p/Cae-D9LLQZL/,Join us Saturday night as we partner with @our_synagogues to hear from Jason Greenblatt 🇮🇱 🇺🇸
17904692177354961,2022-02-24,CAROUSEL_ALBUM,N/A (not video),False,https://www.instagram.com/p/CaYLEkYh-6y/,[SWIPE 👉🏻👉🏻] Parashat Vayakel Summary
18166917064170556,2022-02-24,IMAGE,N/A (not video),False,https://www.instagram.com/p/CaXjq0qlfTj/,Good luck!!!
17934095944982183,2022-02-23,VIDEO,N/A,False,https://www.instagram.com/reel/CaVIKXtJq4c/,Official Launch of BootCampus 2022!
17942162383856352,2022-02-22,CAROUSEL_ALBUM,N/A (not video),False,https://www.instagram.com/p/CaS5by4JmhK/,[SWIPE 👉🏻👉🏻] Sephardic Fellowship & Beit Midrash Program
17946113008763367,2022-02-22,IMAGE,N/A (not video),False,https://www.instagram.com/p/CaSo3N9pXDd/,Please join us this Friday 🙏🏼
17901605708409857,2022-02-22,CAROUSEL_ALBUM,N/A (not video),False,https://www.instagram.com/p/CaSLiexrEZS/,"Last night @sephardicrabbinicalcollege celebrated their siyum on “Amira LeGoy on Shabbat”!  Under the leadership of Rabbi Harold Sutton and spearheaded by Mr. Ovadia Sutton, this group started a little over a year ago when these young men decided to take it upon themselves to truly understand topics in Halakha. When learning a topic, they learn the Sugyot in the Gemara, the Rishonim, Tur, Bet Yosef, Shulhan Arukh and Aharonim. They don’t just learn the material- they own it. They meet in Habruto"
17872018703649569,2022-02-18,CAROUSEL_ALBUM,N/A (not video),False,https://www.instagram.com/p/CaHyV3GLOVf/,[SWIPE 👉🏻👉🏻] Parashat Ki Tisa Summary
18134056891247630,2022-02-16,VIDEO,N/A,False,https://www.instagram.com/reel/CaDYJNUp13v/,New class series starts tomorrow!  Join us every Thursday @ 12 ZOOM ID: janicebensadon
17929152466963933,2022-02-16,IMAGE,N/A (not video),False,https://www.instagram.com/p/CaDER5ypPpB/,Class tonight in Refuah Shelemah of Rachelle Sara bat Jamile Camo & Liluy Nishmat - Sepora bat Esther
17923976807144366,2022-02-14,VIDEO,N/A,False,https://www.instagram.com/reel/CZ-XC3PJms1/,Rabbi Albert Setton Tuesdays at 11 @barkaiyeshiva  Be there or be square
18125930635271862,2022-02-14,IMAGE,N/A (not video),False,https://www.instagram.com/p/CZ94aH2JE3-/,"Every morning, 9am on zoom with Rabbi Mizrahi @safra_synagogue_nyc !"
17997828790391004,2022-02-13,VIDEO,N/A,False,https://www.instagram.com/reel/CZ7QlRMJGOR/,Join Rabbi Tawil’s class series on “The Politics of Purim” at 3:15 on Mondays!  Zoom ID: rabbiralphtawil PW: SCA
17918759897198142,2022-02-11,CAROUSEL_ALBUM,N/A (not video),False,https://www.instagram.com/p/CZ1x2rcLeU8/,"[SWIPE 👉🏻👉🏻] What a turnout at Beth Torah's Abot Ubanim Program this past Mosaei Shabbat! Join them each week after Habdalah for learning, raffles and more!"
17894875142547676,2022-02-10,CAROUSEL_ALBUM,N/A (not video),False,https://www.instagram.com/p/CZ0Mi3GJhF7/,[SWIPE 👉🏻👉🏻] Parashat Tessave Summary
17899820006409800,2022-02-10,VIDEO,N/A,False,https://www.instagram.com/reel/CZzc32RpD50/,Join @RabbiDweck 's weekly perasha class 3:30 on Thursdays!  Zoom ID: 528 540 2591  PW: 220170 & Instagram live @rabbidweck
17953773811589169,2022-02-10,IMAGE,N/A (not video),False,https://www.instagram.com/p/CZzAx33rLLG/,Virtual Lunch & Learn with Rabbi Azancot every Thursday @1! 📚 🍴  #Lunch #Learn #Torah #Classes #Sephardic #SCAClass #TorahClasses
17892417482548761,2022-02-09,IMAGE,N/A (not video),False,https://www.instagram.com/p/CZwl0GOLz9E/,Last night @midreshet_eshel_ kicked off their special 6 week learning program @mikdasheliyahu … next week’s class is Wed Feb 16th at 7:30 with Rabbi Jacob Matalon!
17883581588613872,2022-02-08,CAROUSEL_ALBUM,N/A (not video),False,https://www.instagram.com/p/CZu2XIRJxMC/,Mrs. Esther Hidary's weekly class @yofhs continues tomorrow at 12- see you there!
18021863398357308,2022-02-08,IMAGE,N/A (not video),False,https://www.instagram.com/p/CZt0oc6rv2U/,Join Rabbi Shamah on Zoom Tuesday’s at 11!
18002856844394831,2022-02-07,IMAGE,N/A (not video),False,https://www.instagram.com/p/CZrUH-6LRxb/,New Zoom class with Rabbi Ralph Tawil starts this afternoon!   #Passover #Purim #Torah #Classes #Sephardic #SCAClass #TorahClasses
18186869146093985,2022-02-07,CAROUSEL_ALBUM,N/A (not video),False,https://www.instagram.com/p/CZqSEHZg9hi/,SCA Spring learning program is in full swing! SWIPE 👉🏻👉🏻 for the full schedule with the latest updates and additions!
17959134037545242,2022-02-05,IMAGE,N/A (not video),False,https://www.instagram.com/p/CZnRIQPpNqY/,THIS Year in Jerusalem!
17948497888673271,2022-02-03,CAROUSEL_ALBUM,N/A (not video),False,https://www.instagram.com/p/CZiLojfJ8wv/,[SWIPE 👉🏻👉🏻] Parashat Terumah Summary
17990018836434333,2022-02-03,IMAGE,N/A (not video),False,https://www.instagram.com/p/CZhveYBJM84/,Saturday night Abot Ubanim Program @bethtorahbk
17907147266403812,2022-02-03,CAROUSEL_ALBUM,N/A (not video),False,https://www.instagram.com/p/CZhbte3rVjE/,A report by Amnesty International claims that Israel is an apartheid state. Here’s a post created by SCA resource partner Jewish Unpacked on why they are wrong.
17911435508497498,2022-02-03,IMAGE,N/A (not video),False,https://www.instagram.com/p/CZhAWOOLcII/,Join Mrs. Vivien Hidary Thursdays @safra_synagogue_nyc or on zoom at 11:00. Today’s class is on “Terumah: Raising the Bar”
17848519772715891,2022-02-02,IMAGE,N/A (not video),False,https://www.instagram.com/p/CZehQVor-7Z/,Understand what’s really happening in the Arab Israeli conflict by attending this incredible class every Wednesday at 10:30am @yofhs - starting today!
17921534507180641,2022-02-01,IMAGE,N/A (not video),False,https://www.instagram.com/p/CZclK8-pOnR/,*Reminder* Join us tomorrow at 12:30pm for a special lecture in partnership with @yadvashemusa and @sephardicbrothe on the deportations from Greece’s Sephardic communities.
17879936312557255,2022-02-01,IMAGE,N/A (not video),False,https://www.instagram.com/p/CZb7h0QrPHx/,Gemara For Beginners @bneiyitzhak18   #Torah #Classes #SCAClasses #Sephardic #Gemara #Talmud #LearnGemara #SCAAffiliate #SyrianCommunity #Jewish #SYCommunity #SephardicCommunity
17919991082189748,2022-01-31,IMAGE,N/A (not video),False,https://www.instagram.com/p/CZZRSuyrbZR/,SCA SPRING 2022 DAYTIME LEARNING PROGRAM BEGINS TODAY!  Monday Schedule   Text (917) 406-9522 to join WhatsApp chat with updates!   #Torah #Classes #SCAClasses #Sephardic
17945538553697833,2022-01-27,CAROUSEL_ALBUM,N/A (not video),False,https://www.instagram.com/p/CZPPW9Yr3HT/,[SWIPE 👉🏻👉🏻] International Holocaust Remembrance Day 🕯
17916723071116989,2022-01-27,CAROUSEL_ALBUM,N/A (not video),False,https://www.instagram.com/p/CZPEmE7LBsD/,[SWIPE 👉🏻👉🏻] Parashat Mishpatim Summary
17990435281394157,2022-01-25,IMAGE,N/A (not video),False,https://www.instagram.com/p/CZK7IJpJAye/,"Take action! With antisemitic attacks continuing to rise, @ujafedny has started a petition to urge Congress to increase security funds to help protect communities and organizations vulnerable to these kinds of threats. See the link in our bio to sign this important petition!"
18218478526105107,2022-01-25,IMAGE,N/A (not video),False,https://www.instagram.com/p/CZJ9m6aLB0o/,“Transports to Extinction” Learn about the deportation from Greece’s Sephardic Communities
17906012873311937,2022-01-21,IMAGE,N/A (not video),False,https://www.instagram.com/p/CY_nkUkrONq/,Winter Vacation 2022 Shabbat Times  Courtesy of @bethtorahbk
17936636125881314,2022-01-20,CAROUSEL_ALBUM,N/A (not video),False,https://www.instagram.com/p/CY9-2mHp7XX/,[SWIPE 👉🏻👉🏻] Parashat Yitro Summary
18192392272148254,2022-01-18,CAROUSEL_ALBUM,N/A (not video),False,https://www.instagram.com/p/CY34YI1LfGn/,[SWIPE 👉🏻👉🏻] Spring 2022 Daytime Learning Program Text (917) 406-9522 to join WhatsApp chat with updates!
17908723208498873,2022-01-17,CAROUSEL_ALBUM,N/A (not video),False,https://www.instagram.com/p/CY10gULp2F8/,[SWIPE 👉🏻👉🏻] 🥳🥳🥳
17908622495484699,2022-01-13,CAROUSEL_ALBUM,N/A (not video),False,https://www.instagram.com/p/CYrzlEpJw2o/,[SWIPE 👉🏻👉🏻] Parashat Beshalah Summary
18178233754160024,2022-01-06,CAROUSEL_ALBUM,N/A (not video),False,https://www.instagram.com/p/CYZDgDaLPc9/,[SWIPE 👉🏻👉🏻] Parashat Bo Summary
17903745767308494,2022-01-03,IMAGE,N/A (not video),False,https://www.instagram.com/p/CYRXmBfrDxu/,Now available on YouTube- See link in bio for link to the playlist!
17950804549573917,2021-12-27,CAROUSEL_ALBUM,N/A (not video),False,https://www.instagram.com/p/CYAIRRQpBCA/,[SWIPE 👉🏻👉🏻] Free COVID-19 PCR Testing @thecenterscc !
18273459850058105,2021-12-27,CAROUSEL_ALBUM,N/A (not video),False,https://www.instagram.com/p/CX_i0yErG_6/,🕯
17923195843942184,2021-12-24,CAROUSEL_ALBUM,N/A (not video),False,https://www.instagram.com/p/CX2EojYJro5/,[SWIPE 👉🏻👉🏻] See link in bio for resources
17924519111051122,2021-12-23,IMAGE,N/A (not video),False,https://www.instagram.com/p/CX02SBkrKXO/,Congrats!
17939072188751386,2021-12-22,CAROUSEL_ALBUM,N/A (not video),False,https://www.instagram.com/p/CXzdTC3J1hE/,Great turnout at yesterday's inaugural event launching SCA Podcast Club! Dozens of participants showed up to discuss Dara Horn’s new book “People Love Dead Jews”. Thank you to Mrs. Raquel Franco for moderating the discussion and to Isadora & Abie Haddad for hosting. Look out for details on our next Podcast Club event!
18211459846114874,2021-12-21,IMAGE,N/A (not video),False,https://www.instagram.com/p/CXv-QjcLgqO/,For reservations and more information please email SeferTorah@scaupdates.org
18157788865168242,2021-12-20,IMAGE,N/A (not video),False,https://www.instagram.com/p/CXtVnM6LaWP/,This week’s “Halakha & Vacation” class with Rabbi Ikey Tawil will explore the laws of Erub & Carrying!
17954231092572165,2021-12-13,IMAGE,N/A (not video),False,https://www.instagram.com/p/CXb1f6gpBbR/,This week’s Halakha & Vacation class will take place at The Club at Beth Torah and focus on Electricity & Amira La’Goy at Hotels 💡
17913537977285588,2021-12-12,IMAGE,N/A (not video),False,https://www.instagram.com/p/CXYyDJrLtG8/,Have you been listening? 🎧 Don’t forget that our Podcast Talks is less than two weeks away! See link in bio for a few suggested podcasts on Dara Horn’s book “People Love Dead Jews”
17903902322486893,2021-12-08,IMAGE,N/A (not video),False,https://www.instagram.com/p/CXOXcehgPT4/,Special Class Tonight with Hakham Shimon Alouf!
17942419801711941,2021-12-07,CAROUSEL_ALBUM,N/A (not video),False,https://www.instagram.com/p/CXLpXBVLyww/,🕯
18100910836284265,2021-12-07,CAROUSEL_ALBUM,N/A (not video),False,https://www.instagram.com/p/CXKfMUWrRTO/,🕯
18266333506063102,2021-12-06,CAROUSEL_ALBUM,N/A (not video),False,https://www.instagram.com/p/CXJsF5MJuzH/,New zoom class series with Mrs. Michal Tawil starting Wednesday!
17988766381414931,2021-12-06,IMAGE,N/A (not video),False,https://www.instagram.com/p/CXJem1ZJB-F/,This week’s Halakha & Vacation class will focus on Food & Utensils on Vacation 🍽
17946681226625996,2021-12-06,CAROUSEL_ALBUM,N/A (not video),False,https://www.instagram.com/p/CXJA5ruLmjE/,🕯
17911414874105082,2021-12-05,IMAGE,N/A (not video),False,https://www.instagram.com/p/CXGtvOvLKHd/,New class series with Mrs. Wielgus begins tomorrow!
18102015259282443,2021-12-02,CAROUSEL_ALBUM,N/A (not video),False,https://www.instagram.com/p/CW-7zNarG1r/,[SWIPE 👉🏻👉🏻] Hanukkah & Perasha Messages from @midreshet_eshel_ !
17914706126145664,2021-11-30,IMAGE,N/A (not video),False,https://www.instagram.com/p/CW6UHYNJAPZ/,First class of the series is tomorrow!
18321359425003619,2021-11-30,IMAGE,N/A (not video),False,https://www.instagram.com/p/CW5u2p-LDGZ/,Come see this incredible panel either in person (vaccination required) or virtually (see link in bio to watch via livestream) tonight at 7:30pm!
17927471962921622,2021-11-29,IMAGE,N/A (not video),False,https://www.instagram.com/p/CW3oomDJjd1/,"Earlier today SCA partnered with OpenDor Media to bring yet another amazing program to our community. Avi Posen, Assistant Director of Education at OpenDor Media, taught a one hour in depth session about antisemitism to our young men studying in Israel for the year at @moreshet_yerushalayim  . Because antisemitism isn’t always blatant and clear, young adults don’t always realize how deep it runs. They often need help acknowledging, recognizing and understanding antisemitism. Therefore, this inte"
18214210396101183,2021-11-29,IMAGE,N/A (not video),False,https://www.instagram.com/p/CW3HXsOLqhp/,Join us in person (or via zoom) for a series of “Vacation Halakha” classes with Rabbi Ikey Tawil on Wednesdays in December- starting in just a few days! 🏝 📚
17902545944368045,2021-11-28,CAROUSEL_ALBUM,N/A (not video),False,https://www.instagram.com/p/CW00-bLpuL9/,Come #ShineALight on Antisemitism tomorrow night!
17899141202309733,2021-11-28,CAROUSEL_ALBUM,N/A (not video),False,https://www.instagram.com/p/CW0bOmarLUO/,🕯
17880870623574683,2021-11-25,IMAGE,N/A (not video),False,https://www.instagram.com/p/CWtSptjpGPh/,We are excited to introduce a new concept to the SCA audience. “PODCAST TALKS” is a book club for podcasts. (Reading the book is not required!!)   Join us for our inaugural event December 21 at 1:00PM. We will be discussing the prizewinning novelist Dara Horn’s new book “People Love Dead Jews”. Dara often writes about subjects related to the Jewish culture. Within this novel she contemplates why there is so much fascination regarding Jewish Death and so little focus on present Jewish lives.   We
18209549515109700,2021-11-23,IMAGE,N/A (not video),False,https://www.instagram.com/p/CWoZbS-pdjl/,This Sunday @theyiac is hosting a zoom event for high school and college students with @fleurhassann !
17883534437536005,2021-11-23,CAROUSEL_ALBUM,N/A (not video),False,https://www.instagram.com/p/CWn25UVLPWF/,[SWIPE 👉🏻👉🏻] What a turnout at last night’s @rudy_israel “How to Properly Deal with Antisemitism” event that we collaborated with @yaya_scc & @enough._is._enough on!
17917690690975098,2021-11-22,IMAGE,N/A (not video),False,https://www.instagram.com/p/CWlcTTcp9eF/,***TONIGHT***  Come learn about how to properly deal with antisemitism by attending a conversation with @rudy_israel at @thecenterscc !
18186737440156581,2021-11-20,CAROUSEL_ALBUM,N/A (not video),False,https://www.instagram.com/p/CWg7Ly3JaxM/,[SWIPE 👉🏻👉🏻] See link in bio to donate or to watch this series on YouTube!
17992112692402548,2021-11-17,IMAGE,N/A (not video),False,https://www.instagram.com/p/CWZAVN4loZ5/,This Monday night come learn about how to properly deal with antisemitism by attending a conversation with @rudy_israel !
17964060022495598,2021-11-16,IMAGE,N/A (not video),False,https://www.instagram.com/p/CWV2zF_rArm/,This Sunday is Literacy Day @barkaiyeshiva and YOU’RE invited to attend!
17898946007281052,2021-11-11,IMAGE,N/A (not video),False,https://www.instagram.com/p/CWJh_6jJ86x/,Join @allegrafranco_betmidrash for a special הכרת הטוב dinner and class Nov 22nd!
18142300237208672,2021-11-11,IMAGE,N/A (not video),False,https://www.instagram.com/p/CWIxo2Crs1b/,
17927955550881589,2021-11-09,IMAGE,N/A (not video),False,https://www.instagram.com/p/CWDiw1uLOGW/,Tuesday night is girls night @bethtorahbk !
17911064990163508,2021-11-07,IMAGE,N/A (not video),False,https://www.instagram.com/p/CV-4Yy4J0fj/,RSVP for @barkaiyeshiva open house this week!
18142679644209110,2021-11-04,CAROUSEL_ALBUM,N/A (not video),False,https://www.instagram.com/p/CV2nVvtLRxf/,Check out this months issue of @imageusa for an incredible article on our recent event with @thecenterscc !
17908376444086913,2021-11-02,IMAGE,N/A (not video),False,https://www.instagram.com/p/CVxzZs_p6FR/,Mark your calendars- some great speakers lined up in the near future @bethtorahbk !
17899773467231671,2021-10-26,IMAGE,N/A (not video),False,https://www.instagram.com/p/CVgI-1nJ1AZ/,Application for this summers @ileadexperience is now open! Save the date for their open house @bethtorahbk
17873877647593832,2021-10-25,IMAGE,N/A (not video),False,https://www.instagram.com/p/CVdK-rrARiL/,🕯
18264918364005464,2021-10-25,CAROUSEL_ALBUM,N/A (not video),False,https://www.instagram.com/p/CVc8wlTAtOr/,More pics from our recent standing up against antisemitism event with Senator Joe Lieberman and @meghanmccain with @thecenterscc !
17867696465562576,2021-10-22,IMAGE,N/A (not video),False,https://www.instagram.com/p/CVVKoTjrsNM/,We’re honored to take place in @rabbisacks the global initiative for Rabbi Sacks’ first yarzheit- “Communities in Conversation”. Join any of the many classes & programs taking place Monday & Tuesday. May his memory be a blessing
18094433206287830,2021-10-22,IMAGE,N/A (not video),False,https://www.instagram.com/p/CVUDnFrLLhB/,Join Rabbi Matalon every Friday morning for his perasha class!
17869969802535891,2021-10-21,IMAGE,N/A (not video),False,https://www.instagram.com/p/CVSffjfgxxF/,Join @rabbidweck 3:30pm on zoom today for his weekly perasha class!
17896153169488698,2021-10-19,CAROUSEL_ALBUM,N/A (not video),False,https://www.instagram.com/p/CVOk96ZJShY/,[SWIPE 👉🏻👉🏻] Stay inspired every Wednesday at 1pm @yofhs by the one and only Rabbi Besser!
18134156797234340,2021-10-19,IMAGE,N/A (not video),False,https://www.instagram.com/p/CVNW8U1gqG2/,It’s not too late to RSVP for @allegrafranco_betmidrash Tuesdays at 1:30pm!
17926680025854807,2021-10-18,IMAGE,N/A (not video),False,https://www.instagram.com/p/CVKvEkGrSfA/,Join Rabbi Shamah weekdays at 11:00am on zoom as he explore insights on Tanakh!
17923931200798217,2021-10-15,VIDEO,N/A,False,https://www.instagram.com/p/CVB-xkJgubT/,"Mrs. Esther Tokayer, Associate Principal of Magen David Yeshivah Joe & Celia Esses High School, talking about our new initiative ""How Well Do You Know Israel?!” Look out for the PDF to print for Shabbat in tomorrow’s email newsletter!  . [DM us your email address to be added to our distribution list if you are not yet receiving our emails]"
17924248942799422,2021-10-15,IMAGE,N/A (not video),False,https://www.instagram.com/p/CVB7LVXgFSe/,Start your day off with a parasha class by Rabbi Ariel Mizrahi!
17874599510582274,2021-10-14,IMAGE,N/A (not video),False,https://www.instagram.com/p/CVA5vgqAn7V/,Fall 2021 @mikdasheliyahu Learning Program is in full swing!
17918453863976424,2021-10-14,IMAGE,N/A (not video),False,https://www.instagram.com/p/CVAckF5AMPQ/,If you’re looking for an interesting twist on the Perasha- this class is for you!
18129769924222757,2021-10-14,CAROUSEL_ALBUM,N/A (not video),False,https://www.instagram.com/p/CU_lFstgoa4/,Thank you so much Senator Joe Lieberman and @meghanmccain for an unforgettable night @thecenterscc about standing up against antisemitism!
17847197654660542,2021-10-13,IMAGE,N/A (not video),False,https://www.instagram.com/p/CU-313UpSc4/,This @bethtorahbk Bet Midrash morning schedule has so many class options to choose from!
17925479419751183,2021-10-13,IMAGE,N/A (not video),False,https://www.instagram.com/p/CU-UrKdA_68/,Fall 2021 @shaareshalom Torah Center Program!
17933163406696878,2021-10-13,IMAGE,N/A (not video),False,https://www.instagram.com/p/CU95rPOgbx_/,Learn some “Topics in Jewish Thought” with Mrs. Esther Hidary @yofhs Wednesdays @12!
17913282341089674,2021-10-12,IMAGE,N/A (not video),False,https://www.instagram.com/p/CU77DOWr-po/,Stop by @larchwood_shul tonight for their weekly Tuesday Night Classes
17904331289319118,2021-10-12,IMAGE,N/A (not video),False,https://www.instagram.com/p/CU7l0ARg5JU/,Tuesday night learning @ahaba_ve_ahva !
17892912299388826,2021-10-12,IMAGE,N/A (not video),False,https://www.instagram.com/p/CU7TOENgWq0/,Get inspired from the land of Israel with @adele_chabot_tours Tuesday mornings on zoom!
17904983441196736,2021-10-11,IMAGE,N/A (not video),False,https://www.instagram.com/p/CU5pmHmJybO/,The @allegrafranco_betmidrash class schedule for this semester!
17950206232557548,2021-10-11,IMAGE,N/A (not video),False,https://www.instagram.com/p/CU5INIPAIp1/,This week @bneiyitzhak18 is launching their new Torah Center!
17913138743091440,2021-10-11,IMAGE,N/A (not video),False,https://www.instagram.com/p/CU4uuLiAvVb/,Mrs. Vivien Hidary Mondays at 11:00am- join in person or on zoom!
17902775066254676,2021-10-07,IMAGE,N/A (not video),False,https://www.instagram.com/p/CUud9J1A7z0/,Virtually join Rabbi Azancot’s “Lunch & Learn” Thursdays @1!
17905657190188506,2021-10-06,IMAGE,N/A (not video),False,https://www.instagram.com/p/CUrxbYiLat3/,Start to Understand the Arab Israeli Conflict Wednesdays @10:30!
17897184422239017,2021-10-05,IMAGE,N/A (not video),False,https://www.instagram.com/p/CUpLD_-LAZd/,"Join Rabbi Albert Setton, Rav Yeshivah of @barkaiyeshiva , for his weekly class on the Parasha at 11!"
17930927491738462,2021-10-04,CAROUSEL_ALBUM,N/A (not video),False,https://www.instagram.com/p/CUnFyEgAedK/,[Swipe 👉🏻👉🏻] Welcome @enough._is._enough !
17913853082025339,2021-10-04,IMAGE,N/A (not video),False,https://www.instagram.com/p/CUm6RDsgA8b/,Join Rabbi David Tawil every Monday at 11am in person or on zoom as he teaches Navi!
18134807722228860,2021-10-01,IMAGE,N/A (not video),False,https://www.instagram.com/p/CUfMRNcg0pF/,Fall 2021 Daytime Leaning Program Begins Monday!
17844532586660525,2021-10-01,IMAGE,N/A (not video),False,https://www.instagram.com/p/CUeBzjJgfwA/,"Barukh Dayan HaEmet: Rabbi Dr. David Eliach A""H.  . . Rabbi Eliach is survived by his son, Rabbi Yotav Eliach (ES 1971), and daughter, Professor Smadar Rosensweig (ES 1975, HS 1979). Rabbi Eliach was married to Professor Yaffa Eliach A”H."
17871418325589388,2021-09-25,IMAGE,N/A (not video),False,https://www.instagram.com/p/CUQ4uPWAV5Z/,Join us October 13th as we partner with @thecenterscc for an important conversation about “Standing Up Against Antisemitism”
17900847500224194,2021-09-15,VIDEO,N/A,False,https://www.instagram.com/p/CT1x2JiFJsi/,Moreshet Yerushalayim Pre Yom Kippur Hesed Recap by Ely Mamiye
17880883061519463,2021-09-14,CAROUSEL_ALBUM,N/A (not video),False,https://www.instagram.com/p/CT0Pzh4p8qt/,[SWIPE 👉🏻👉🏻] Monoclonal Antibodies and Who Qualifies
18162953380164647,2021-09-12,IMAGE,N/A (not video),False,https://www.instagram.com/p/CTuLeitLFVQ/,"Tikvah Online Academy, a resource partner of the SCA, seeks to offer the highest-level learning on Jewish culture and civilization, the history and heroes of Israel, the future of American democracy, the fight against anti-Semitism, and the principles of a free economy and free society. Register now to virtually attend the third and final talk of the series discussing “Is My Child’s Zionist Education Enough?” by Dr. Rachel Fish"
18093577300275121,2021-09-05,CAROUSEL_ALBUM,N/A (not video),False,https://www.instagram.com/p/CTcFjWmrmFJ/,[SWIPE 👉🏻👉🏻] COVID Update. See link in bio for footage from this important talk
17930421412665721,2021-09-02,IMAGE,N/A (not video),False,https://www.instagram.com/p/CTVO0itJsz1/,Earlier today Hakham Shimon Alouf addressed the students of Yeshivat @moreshet_yerushalayim for a special Pre-Rosh Hashanah Shiur!
17879910290443028,2021-09-01,IMAGE,N/A (not video),False,https://www.instagram.com/p/CTSxnaWJcSW/,"Tikvah Online Academy, a resource partner of the SCA, seeks to offer the highest-level learning on Jewish culture and civilization, the history and heroes of Israel, the future of American democracy, the fight against anti-Semitism, and the principles of a free economy and free society. Register now to virtually attend tomorrow’s night’s talk on American History & The High Holidays by Rabbi Meir Soloveichic"
17883434582373803,2021-09-01,VIDEO,N/A,False,https://www.instagram.com/p/CTQoXxPl6R5/,"SCA resource partner Jewish Unpacked, an organization that ""provides nuanced insights by unpacking all things Jewish"", recently released this quick video about how to go about speaking to college professors about missing school for the upcoming holidays!"
17903098688158732,2021-08-31,CAROUSEL_ALBUM,N/A (not video),False,https://www.instagram.com/p/CTPNsGprqov/,[SWIPE 👉🏻👉🏻] Congrats!
18077843353303294,2021-08-30,IMAGE,N/A (not video),False,https://www.instagram.com/p/CTMtSbHLOTA/,Special Evening in Preparation for Rosh Hashanah @larchwood_shul
17916617440829913,2021-08-29,CAROUSEL_ALBUM,N/A (not video),False,https://www.instagram.com/p/CTI23PBLiSA/,[SWIPE 👉🏻👉🏻] Thank you to all of our educators for an amazing summer of classes! 👏 👏 👏
17910273680022567,2021-08-26,IMAGE,N/A (not video),False,https://www.instagram.com/p/CTDgq9fp1GH/,"Tikvah Online Academy, a resource partner of the SCA, seeks to offer the highest-level learning on Jewish culture and civilization, the history and heroes of Israel, the future of American democracy, the fight against anti-Semitism, and the principles of a free economy and free society. Registration is now open to virtually attend three important talks. The first will take place this Sunday night, with Dr. Christine Rosen discussing how we can reach our children to value free speech in today’s c"
18249061801042770,2021-08-26,CAROUSEL_ALBUM,N/A (not video),False,https://www.instagram.com/p/CTC1Z-IrnuT/,"[SWIPE 👉🏻👉🏻] More photos from Tuesday night’s MDY & SCA “Celebrating Israel & Preparing for College” event for MDYHS Class of '22! In addition to SCA Board Member, Gitta Kaplan's speech (see separate post for footage), the night featured a talk with Rabbi Ikey & Mrs. Rachelle Tawil, delicious dinner & desserts, breakout sessions, an inspiring speech by Rabbi Tobias about the importance of loving the land of Israel and a chance to bond with one another kicking off an awesome senior year! The nigh"
17888210357382015,2021-08-26,CAROUSEL_ALBUM,N/A (not video),False,https://www.instagram.com/p/CTBHh7xr99T/,[SWIPE 👉🏻👉🏻] Rabbi Harold Sutton with 30+ young adults who are are on their way to Israel to spend their gap year at @moreshet_yerushalayim !
18157612405162336,2021-08-24,CAROUSEL_ALBUM,N/A (not video),False,https://www.instagram.com/p/CS94tJIrVkn/,"[SWIPE 👉🏻👉🏻] More photos from last night! SCA Hathaway Boys Learning program could not have been possible without Rabbi Yitzhak Farhi, Rabbi Ikey Tawil, Rabbi Harold Sutton, our dozens of weekly teachers and hundreds of daily participants!"
17923733512770485,2021-08-24,CAROUSEL_ALBUM,N/A (not video),False,https://www.instagram.com/p/CS939zZLxH6/,[SWIPE 👉🏻👉🏻] Congrats to all of our raffle winners at last night's end of summer Siyum!
17939650135533117,2021-08-24,VIDEO,N/A,False,https://www.instagram.com/reel/CS93mA5FTiE/,Hundreds of participants showed up to the final night of our Summer 2021 Boys Hathaway Learning Program!
18103170148255926,2021-08-22,IMAGE,N/A (not video),False,https://www.instagram.com/p/CS4icJ4rDbj/,Reminder- our annual end of summer Siyum takes place tomorrow night!
18169326880158863,2021-08-19,IMAGE,N/A (not video),False,https://www.instagram.com/p/CSwrtsqLUuT/,Next Friday afternoon @thecenterscc is putting together an amazing Stoop Talk to hear from the some of the past presidents of The Center!
17887424135312405,2021-08-17,IMAGE,N/A (not video),False,https://www.instagram.com/p/CSsNKqYr7x7/,Join us next Monday night for our annual Siyum!
18125453722237068,2021-08-16,IMAGE,N/A (not video),False,https://www.instagram.com/p/CSpwL-9LdnF/,Thank you to Rochelle & Eli Dweck for hosting Rabbi Raymond Harari’s weekly Parasha class this summer!
18138684625201069,2021-08-12,CAROUSEL_ALBUM,N/A (not video),False,https://www.instagram.com/p/CSfG0nbpXUg/,"Earlier this week @ileadexperience held its’ annual graduation for 30+ community high school seniors, at the home of Betty & Joey Sitt. The event marks the completion of the five week summer course in Israel. The Pioneers were challenged on all levels - physically, mentally and spiritually and were able to build themselves through the process.  We are excited to see how this group will continue to raise themselves, our community and the world around them."
17926633888643049,2021-08-10,IMAGE,N/A (not video),False,https://www.instagram.com/p/CSZtBMaLAHq/,"Don’t miss out on Ms. Alexa Silverman, NJ Director of @aipac , as she speaks to us this Thursday for our final “On The Porch” talk of the season!"
17918059930765233,2021-08-08,IMAGE,N/A (not video),False,https://www.instagram.com/p/CSS6m5uLlH7/,Special Class with Rabbi Dr. Raymond Harari this Monday!
17932667548615871,2021-08-06,IMAGE,N/A (not video),False,https://www.instagram.com/p/CSO5yfBLDLS/,"An exciting program planned by @enough._is._enough ,now an SCA affiliate! A great group of young adults who are making a tremendous effort to fight anti-semitism."
17892900506183969,2021-08-05,CAROUSEL_ALBUM,N/A (not video),False,https://www.instagram.com/p/CSNILAmJ9Yj/,"[SWIPE 👉🏻👉🏻] Thank you to Pascale & Alain Kamagi for hosting this week’s On The Porch with Mr. Julian Coakley, Associate Director of @aipac !"
17867681213541593,2021-08-05,VIDEO,N/A,False,https://www.instagram.com/p/CSMfJeHAoQP/,"Senior Vice President & Head of Content at OpenDor Media, Dr. Noam Weissman, speaking a room full of young adults about how they are the future of our nation and how they *must* stay educated in order to properly stand up for and defend Israel 🇮🇱"
17929768624641091,2021-08-04,IMAGE,N/A (not video),False,https://www.instagram.com/p/CSJriQALHvi/,"Join us TOMORROW for our weekly “On The Porch”- This week’s speaker is Mr. Julian Coackley, Associate Director of @aipac !"
17882937542438833,2021-08-03,VIDEO,N/A,False,https://www.instagram.com/reel/CSIJxZ0hviS/,Join @thesabrainstitute Wednesday nights at Hathaway to learn about Israel!
17900813777127153,2021-08-03,CAROUSEL_ALBUM,N/A (not video),False,https://www.instagram.com/p/CSHcriXhRPI/,[SWIPE 👉🏻👉🏻] 2 new women’s classes starting tomorrow at Hathaway!
17884211405500637,2021-08-03,VIDEO,N/A,False,https://www.instagram.com/p/CSHVohAhgrP/,"Dr. Noam Weissman, Senior Vice President & Head of Content at OpenDor Media speaking to our young adults about the Jewish claim to the State of Israel!"
17964756841442676,2021-08-02,VIDEO,N/A,False,https://www.instagram.com/reel/CSEqWGylnbA/,Moshe Mizrachi telling over an important message that he learned with Rabbi Nathan Dweck at the SCA Summer Hathaway Learning Program!
17887162040354740,2021-07-30,IMAGE,N/A (not video),False,https://www.instagram.com/p/CR80DqRLFJT/,Welcome Home!!! After spending 5 weeks in israel on @ileadexperience these 30+ incoming high school seniors are now home and ready to make an impact!
17905127531064107,2021-07-30,CAROUSEL_ALBUM,N/A (not video),False,https://www.instagram.com/p/CR7rjH9LIg3/,[SWIPE 👉🏻👉🏻] Congrats Rabbi Joey Mizrahi!
17896425578103378,2021-07-30,IMAGE,N/A (not video),False,https://www.instagram.com/p/CR7j0OnrX7m/,Centralized phone # for the Syrian Hebra Kadisha  718-550-1818 ( please save this number )  Call this number at time of death or for general inquires  Congregation Rodfeh Zedek Holy burial Society for the Syrian Sephardic community for over 120 years
17859423926546091,2021-07-29,CAROUSEL_ALBUM,N/A (not video),False,https://www.instagram.com/p/CR7S7QDJ64m/,Thank you to Joey & Frieda Franco for hosting Mr. Elliot Brandt of @aipac for this weeks On The Porch!
18238483429006487,2021-07-27,CAROUSEL_ALBUM,N/A (not video),False,https://www.instagram.com/p/CR1wwJ_JFYS/,Swipe 👉🏻👉🏻 for some pics of our Women’s & Girl’s Hathaway Learning Program!
18189001969116992,2021-07-26,IMAGE,N/A (not video),False,https://www.instagram.com/p/CRzKk0cphd9/,"This Thursday’s “On The Porch”, speaker is Elliot Brandt Managing Director of National Affairs for @aipac !"
17904386726076906,2021-07-25,VIDEO,N/A,False,https://www.instagram.com/reel/CRwF_VeJxTH/,Sol Terzi recapping what he learned with Rabbi Joey Soffer SCA Hathaway Learning Program!
17937143515560560,2021-07-23,CAROUSEL_ALBUM,N/A (not video),False,https://www.instagram.com/p/CRrZRAuJ9Bu/,
17892174989321033,2021-07-22,CAROUSEL_ALBUM,N/A (not video),False,https://www.instagram.com/p/CRpURuDJB1l/,[SWIPE 👉🏻👉🏻] Pics of this week’s  On The Porch class with @rabbidweck at the Levy home in memory of Audrey Levy A”H
18182760307141482,2021-07-21,CAROUSEL_ALBUM,N/A (not video),False,https://www.instagram.com/p/CRmL2VrpC5X/,"[SWIPE 👉🏻👉🏻] Last night, in addition to our regular Hathaway night classes, we were honored to hear from Hakham Shimon Alouf about the importance of setting aside time to learn torah every day!"
17895158237291907,2021-07-20,IMAGE,N/A (not video),False,https://www.instagram.com/p/CRjulIrpeGd/,"This Thursday’s “On The Porch”, speaker is @rabbidweck , taking place at the Levy home"
18164763583157544,2021-07-20,IMAGE,N/A (not video),False,https://www.instagram.com/p/CRjCdy4p8EQ/,Reminder- join us tonight for a talk with @rabbidweck !
17882031758403495,2021-07-19,CAROUSEL_ALBUM,N/A (not video),False,https://www.instagram.com/p/CRhgHyxpiV-/,"Snaps from yesterday’s incredible Tish’a BeAb program at the JCC. To donate, text “SCA” to 44321 or click on link in bio"
17905481189052571,2021-07-19,CAROUSEL_ALBUM,N/A (not video),False,https://www.instagram.com/p/CRhfWTepFVh/,"Snaps from yesterday’s incredible Tish’a BeAb program at the JCC. To donate, text “SCA” to 44321 or click on link in bio"
17898285062151877,2021-07-19,CAROUSEL_ALBUM,N/A (not video),False,https://www.instagram.com/p/CRhfCA2pE2F/,"Snaps from yesterday’s incredible Tish’a BeAb program at the JCC. To donate, text “SCA” to 44321 or click on link in bio"
17904579767054883,2021-07-19,CAROUSEL_ALBUM,N/A (not video),False,https://www.instagram.com/p/CRhejdVpe5C/,"Snaps from yesterday’s incredible Tish’a BeAb program at the JCC. To donate, text “SCA” to 44321 or click on link in bio"
17858434520544770,2021-07-19,CAROUSEL_ALBUM,N/A (not video),False,https://www.instagram.com/p/CRfkkwxhup7/,[SWIPE 👉🏻👉🏻] Thank you to all who made today possible!
18191839228104780,2021-07-16,CAROUSEL_ALBUM,N/A (not video),False,https://www.instagram.com/p/CRZpHd5peWj/,[SWIPE 👉🏻👉🏻] Tisha BeAb 2021 Complete Program
17890094261184331,2021-07-16,IMAGE,N/A (not video),False,https://www.instagram.com/p/CRY4J_ypYww/,Tisha BeAb 2021
17936304316563575,2021-07-15,IMAGE,N/A (not video),False,https://www.instagram.com/p/CRXRNHUJMpF/,Join us this Sunday afternoon for a special screening of the new film UPHEAVAL
17904477691946353,2021-07-15,CAROUSEL_ALBUM,N/A (not video),False,https://www.instagram.com/p/CRXFhe2JHOT/,[SWIPE 👉🏻👉🏻] Thank you to Frieda & Joey Franco for hosting this week's On The Porch class with @rabbidweck !
18244976065048046,2021-07-15,CAROUSEL_ALBUM,N/A (not video),False,https://www.instagram.com/p/CRWnncyJDME/,[SWIPE 👉🏻👉🏻] SCA Special Young Adult Program Sunday Afternoon at  the JCC  Program generously sponsored by Ezra S. & Sharyn Ashkenazi
18138542842174671,2021-07-15,IMAGE,N/A (not video),False,https://www.instagram.com/p/CRWGZ2tJmB2/,Join us this Sunday for our annual Rabbi Dr. Ezra Labaton A”H Tish’a BeAb Day of Learning
17877509552375135,2021-07-13,IMAGE,N/A (not video),False,https://www.instagram.com/p/CRR4jR-J__-/,"Join us as we learn how to navigate social justice, social equality & social media as a 21st Century Jew with @rabbidweck next Tuesday night!"
17868780632527460,2021-07-13,CAROUSEL_ALBUM,N/A (not video),False,https://www.instagram.com/p/CRRWNMFJPho/,"[SWIPE 👉🏻👉🏻] Learning, learning and more learning! Stop by Hathaway to see our men’s and boys night learning program in action!"
18238363057050255,2021-07-12,IMAGE,N/A (not video),False,https://www.instagram.com/p/CRPmYGdpm-P/,"This Thursday’s “On The Porch”, speaker is @rabbidweck , taking place at the home of Frieda & Joey Franco"
17884926161279023,2021-07-11,CAROUSEL_ALBUM,N/A (not video),False,https://www.instagram.com/p/CRNIwO-JEHM/,"This summer, start your weeks off right! Swipe 👉🏻👉🏻 for plenty of women’s classes to choose from taking place every Monday!"
17891073296160661,2021-07-11,IMAGE,N/A (not video),False,https://www.instagram.com/p/CRML7jRpa-S/,1 week away from our annual Rabbi Dr. Ezra Labaton A”H Tish’a BeAb Day of Learning at the JCC
18119075209216111,2021-07-11,IMAGE,N/A (not video),False,https://www.instagram.com/p/CRMGveEpspK/,This Wednesday Ronnie Benun will be launching his new book “Psalms and the Prophetic Message of Jeremiah” at Ohel Yitshak of Allenhurst
17921816620697203,2021-07-09,CAROUSEL_ALBUM,N/A (not video),False,https://www.instagram.com/p/CRFhIn-pte7/,Our Women’s and Girls Summer Learning Program is in full swing!  Swipe 👉🏻👉🏻 to see some snaps from our first week
17997959251353926,2021-07-08,CAROUSEL_ALBUM,N/A (not video),False,https://www.instagram.com/p/CRExxpWp3pX/,"[SWIPE 👉🏻👉🏻] Today we kicked off our 4th season of our “SCA On the Porch” series with a class by Rabbi Avi Harari, graciously hosted by Beatrice & Jeffrey Sutton"
18235584454046212,2021-07-07,IMAGE,N/A (not video),False,https://www.instagram.com/p/CRCXGQxJls_/,Join us next Sunday at the JCC for our annual Rabbi Dr. Ezra Labaton A”H Tish’a BeAb Day of Learning
17933123005585634,2021-07-07,CAROUSEL_ALBUM,N/A (not video),False,https://www.instagram.com/p/CRBihs-pcnd/,Welcome @irenehanan !
17916781678734142,2021-07-06,CAROUSEL_ALBUM,N/A (not video),False,https://www.instagram.com/p/CRARV3Np-Cj/,Swipe 👉🏻👉🏻 to see some of the SCA women and girls classes going on tomorrow and every Wednesday this summer!
18159866824194639,2021-07-06,VIDEO,N/A,False,https://www.instagram.com/reel/CRAItNIpMQI/,Teddy Kassab & Ben Torkieh give update on what they learned at the SCA Hathaway learning program last night!
17921886517704172,2021-07-06,IMAGE,N/A (not video),False,https://www.instagram.com/p/CQ_WU5xJ5CI/,Special Father & Son Habrutah night tomorrow at the @larchwood_shul Sam Dweck A”H Pergola
17938768372543515,2021-07-06,IMAGE,N/A (not video),False,https://www.instagram.com/p/CQ_FEkSJLvu/,This Thursday marks the start of Season 4 of “On The Porch”. This weeks speaker is Rabbi Avi Harari who will be speaking on the porch of Beatrice & Jeffrey Sutton!
17940609625497299,2021-07-05,CAROUSEL_ALBUM,N/A (not video),False,https://www.instagram.com/p/CQ9lHtkJDf2/,"[SWIPE 👉🏻👉🏻] Women’s & girls classes begin tomorrow, July 6th! Take a look at some of the classes that are kicking off the program!"
17891082134243799,2021-07-05,IMAGE,N/A (not video),False,https://www.instagram.com/p/CQ9WsBup8yV/,MDY Night of Learning & Unity in memory of Elliot Torkieh A”H
18179665321137069,2021-07-01,VIDEO,N/A,False,https://www.instagram.com/reel/CQzZITspSJx/,Aaron & Ikey Cohen telling us what they learned this week at our Hathaway Learning Program!
17876726033356722,2021-07-01,IMAGE,N/A (not video),False,https://www.instagram.com/p/CQyYqJ-J6FF/,“On the Porch” Season 4 begins next Thursday!
17860174829520535,2021-06-30,CAROUSEL_ALBUM,N/A (not video),False,https://www.instagram.com/p/CQwP7rIJU5w/,Join us tonight as we continue our amazing mens learning program at Hathaway. Swipe 👉🏻👉🏻 for some class options happening tonight and every Wednesday night throughout the summer!
17898900743106021,2021-06-30,CAROUSEL_ALBUM,N/A (not video),False,https://www.instagram.com/p/CQwIrqEJKVp/,Congratulations Gladys Haddad!
17890398704268636,2021-06-30,CAROUSEL_ALBUM,N/A (not video),False,https://www.instagram.com/p/CQvwOkWpmZ5/,[SWIPE 👉🏻👉🏻] Another incredible night of our learning program at Hathaway!
17884940963244291,2021-06-30,IMAGE,N/A (not video),False,https://www.instagram.com/p/CQucBDSJVZx/,Perfect way to encourage our kids to learn and go to classes this summer! Sign up at www.allegrafranco.org
17914805359835072,2021-06-29,CAROUSEL_ALBUM,N/A (not video),False,https://www.instagram.com/p/CQtbANeJkHN/,Swipe 👉🏻👉🏻 to see some of the Tuesday night classes we have tonight at Hathaway!
18118043188233539,2021-06-29,CAROUSEL_ALBUM,N/A (not video),False,https://www.instagram.com/p/CQtO7qdpDI8/,I’m just a few days @tanachstudy will be starting the third round of tanach- sign up now!
18177929251186355,2021-06-29,CAROUSEL_ALBUM,N/A (not video),False,https://www.instagram.com/p/CQs9qRbJLSM/,"[SWIPE 👉🏻👉🏻] Over 100 boys showed up last night to kickoff our annual summer learning program at Hathaway! We have classes for elementary school, middle school, high school, college and men- Come find a class that’s right for YOU! Need help finding a class that you’re interested in? Just contact Rabbi Ikey Tawil (917) 557-1003"
18151754149162393,2021-06-28,CAROUSEL_ALBUM,N/A (not video),False,https://www.instagram.com/p/CQq5Qf8JZUU/,[SWIPE 👉🏻👉🏻] Men learning program @ Hathaway starts TONIGHT! Swipe for some options of Monday night classes to attend. For any questions text 917-557-1003
17852237270576961,2021-06-27,IMAGE,N/A (not video),False,https://www.instagram.com/p/CQo0WeAJaUF/,Aaand they’re off! 31 select incoming seniors from our community just departed NJ to Israel as part of @ileadexperience !
18216399949079780,2021-06-27,IMAGE,N/A (not video),False,https://www.instagram.com/p/CQoUw3ZJ74N/,May his memory be a blessing
18136867759172907,2021-06-27,IMAGE,N/A (not video),False,https://www.instagram.com/p/CQmyTE4JRiX/,This Monday night we've partnered with Jersey Shore University Medical Center for a zoom event in which they will update our community on the latest services that they're offering.
17851633985578728,2021-06-24,IMAGE,N/A (not video),False,https://www.instagram.com/p/CQe9v7lJd9h/,Last night @moreshet_yerushalayim celebrated the 5 year anniversary with their alumni from past years!
17910573406884328,2021-06-23,IMAGE,N/A (not video),False,https://www.instagram.com/p/CQd6gVEpfeh/,"Starting from as young as 3rd grade all the way until college, our girls' learning program has you covered! From interactive ivrit games to themes in the parasha- we are offering a wide variety of topics to choose from. Classes begin July 5th!  *Please note there have been minor changes from previously released schedules and the above is the most up to date"
17845552055614386,2021-06-22,CAROUSEL_ALBUM,N/A (not video),False,https://www.instagram.com/p/CQbNJ1Jpe3r/,Summer 2021 Mens Hathaway Learning Program Schedule! Begins Monday June 28th
17885909444208455,2021-06-21,CAROUSEL_ALBUM,N/A (not video),False,https://www.instagram.com/p/CQY9gWIpQmZ/,[SWIPE 👉🏻👉🏻] Summer 2021 Women’s Learning Program Schedule!
17943164845502304,2021-06-20,CAROUSEL_ALBUM,N/A (not video),False,https://www.instagram.com/p/CQW-XamJrbU/,"[SWIPE 👉🏻👉🏻] Repost from @americansephardifed : It’s World Refugee Day, and we’re especially grateful for the perseverance of our people."
17880315989485948,2021-06-18,IMAGE,N/A (not video),False,https://www.instagram.com/p/CQRFLrqpPJ7/,You can now order your own copy of The Al & Sonny Gindi Tehillim Book on Amazon!
17960821840432771,2021-06-15,IMAGE,N/A (not video),False,https://www.instagram.com/p/CQJbhmeJkw-/,"Rabbi Harold Sutton, Rosh Yeshiva of @welovemdy welcomes former Chief Rabbi of Israel, Rishon LeSion Rabbi Shelomo Amar."
17929376983587738,2021-06-11,IMAGE,N/A (not video),False,https://www.instagram.com/p/CP-_0gIpm2r/,Join Magen David of West Deal Sunday morning as they host the Rishon Le’Zion and current Chief Rabbi of Jerusalem Rabbi Shelomo Amar!
18169210174193390,2021-06-10,CAROUSEL_ALBUM,N/A (not video),False,https://www.instagram.com/p/CP8oDoUpldx/,[SWIPE👉👉] Join us and The Lawfare Project this Tuesday night!
17971226329393939,2021-06-08,IMAGE,N/A (not video),False,https://www.instagram.com/p/CP4AXr9JsWk/,Emunah Study! Learn Harambam’s 13 Principles of Faith premiering June 13th.
17881356416273903,2021-06-07,IMAGE,N/A (not video),False,https://www.instagram.com/p/CP1Q11JJ-bp/,Find out what @allegrafranco_betmidrash has in store for you this summer!
17868263789471027,2021-06-06,IMAGE,N/A (not video),False,https://www.instagram.com/p/CPycduXJDaE/,Releasing the full schedule of all our summer programming soon… ☀️ 📚 🕍
17937040135496942,2021-06-04,IMAGE,N/A (not video),False,https://www.instagram.com/p/CPtqBGnJy35/,Mabrook @flatbushhatzoloh @hatzolohflatbush
17893632917047553,2021-05-31,CAROUSEL_ALBUM,N/A (not video),False,https://www.instagram.com/p/CPiyyq4pJkB/,"[SWIPE 👉🏻👉🏻] Gone, but not forgotten 🇺🇸🇺🇸🇺🇸"
17902643821943639,2021-05-24,IMAGE,N/A (not video),False,https://www.instagram.com/p/CPRTwjCpDLc/,"KJ Sephardic is hosting an AIPAC Discussion: ""What Can YOU Do For Israel?"" See link in bio to register"
18107895133244673,2021-05-20,IMAGE,N/A (not video),False,https://www.instagram.com/p/CPHJ5w8p6Z8/,🇮🇱 Call to Action: We need to do our part and our elected officials to support Israel and condemn those who oppose its aid! It only takes 30 seconds to make a difference!
17894691746084389,2021-05-20,IMAGE,N/A (not video),False,https://www.instagram.com/p/CPGLPsuJc4N/,"Elliot raised close to $10,000 so far which is more than 500 pies of pizza for our soldiers on the front lines! 🍕 🇮🇱 Keep it up Elliot!"
17851904345537747,2021-05-19,IMAGE,N/A (not video),False,https://www.instagram.com/p/CPEj1xkJVHq/,Take 30 seconds to make a difference. Text “Israel” to 73075
18180889582108416,2021-05-19,IMAGE,N/A (not video),False,https://www.instagram.com/p/CPEFsxzpMtm/,Join Irving Safdieh for a FREE 4 part series starting TONIGHT at @dealdsn on The Jewish & Palestinian Narrative!
17900078848973421,2021-05-19,CAROUSEL_ALBUM,N/A (not video),False,https://www.instagram.com/p/CPDxRvAJGzc/,[SWIPE 👉🏻👉🏻] Joel & Danny are doing great work and making a difference! 👏 👏 👏
17865047339480437,2021-05-16,IMAGE,N/A (not video),False,https://www.instagram.com/p/CO8hdwzJeKt/,Keep up the great work Bin!
17873810948420399,2021-05-16,CAROUSEL_ALBUM,N/A (not video),False,https://www.instagram.com/p/CO8D2tSJeKU/,[SWIPE 👉🏻👉🏻] SCA Affiliate Shabuot Night Classes!
17906233402807477,2021-05-16,VIDEO,N/A,False,https://www.instagram.com/p/CO77fqQJNm-/,"Excerpt from Thursday’s discussion on “Media, Missiles & Misinformation” See link in bio for full video!"
17850270971581186,2021-05-13,IMAGE,N/A (not video),False,https://www.instagram.com/p/CO1OYzOJCAF/,Join us tonight @9:30 right here on Instagram live for an important discussion on how the current situation in Israel is being portrayed on social media
17866260479460737,2021-05-12,IMAGE,N/A (not video),False,https://www.instagram.com/p/COyiVXDp5MT/,🇮🇱 Israel is under attack and needs our support! Find out what YOU can do to help at tomorrow’s virtual event! 🇮🇱
17944189447478503,2021-05-11,VIDEO,N/A,False,https://www.instagram.com/p/COvwvcRJCp0/,🇮🇱 Ben Millman’s message to our community! 🇮🇱
17866383200457764,2021-05-10,IMAGE,N/A (not video),False,https://www.instagram.com/p/COsaX2Yp15x/,🇮🇱 @midreshet_eshel_ celebrating Yom Yerushalayim at the Kotel last night! 🇮🇱
17902242646917289,2021-05-09,VIDEO,N/A,False,https://www.instagram.com/p/COq1wL5pFcJ/,Danny M. Massry celebrating Yom Yerushalayim in Israel with @moreshet_yerushalayim ! 🇮🇱 🇮🇱 🇮🇱
18158159128179137,2021-05-09,IMAGE,N/A (not video),False,https://www.instagram.com/p/COqqWSEpPw4/,Mabrook to SCA board member Sarah Sarway on her engagement to Morris Dabbah!
17925547648598928,2021-05-09,IMAGE,N/A (not video),False,https://www.instagram.com/p/COqGMPtJrgU/,Special @bethtorahbk Shabuot Edition Haberimin in Learning this Wednesday!
17918816122639088,2021-05-07,IMAGE,N/A (not video),False,https://www.instagram.com/p/COkuCEJJOMx/,SCA mourns the loss of Hakham Abraham Hamra A”H 🙏🏼
17897652424992121,2021-05-06,IMAGE,N/A (not video),False,https://www.instagram.com/p/COij_7KJ-VP/,"This Shabbat, @bethtorahbk is honored to host renowned speaker Rabbi Mordechai Becher for a special ""Shabbat Yahdav"", a Shabbat of unity in honor of Yom Yerushalayim and in memory of Rabbi Zevulun Lieberman A""H, who was the recipient of the Defender of Jerusalem award."
18110662915233686,2021-05-06,IMAGE,N/A (not video),False,https://www.instagram.com/p/COgr9BOJ6pK/,Tonight marks 16 years since the passing of Hacham Baruch 🙏🏼
17913856930732479,2021-05-05,IMAGE,N/A (not video),False,https://www.instagram.com/p/COfdcX-pQtw/,Reminder: Rabbi Besser’s weekly zoom class on “Staying Inspired” is Wednesdays @1:00pm!
17961497914416011,2021-05-05,VIDEO,N/A,False,https://www.instagram.com/p/COeI4NxplzJ/,One Year From Tonight @thecenterscc
17937795865471867,2021-04-30,CAROUSEL_ALBUM,N/A (not video),False,https://www.instagram.com/p/COTicX9pIqQ/,Congrats Rabbi Cohen Saban!
17870187425493630,2021-04-30,IMAGE,N/A (not video),False,https://www.instagram.com/p/COSgsvbpKvC/,🙏🏼
18154323529145955,2021-04-28,IMAGE,N/A (not video),False,https://www.instagram.com/p/COOJYrjpZh7/,Hot off the press!!! @sephardicheritagefdn has recently collaborated with @korenpublishers to produce a new Hebrew English Kol Yaakob Siddur with commentary from @rabbisacks that’s now available in Judaica stores!
17939600317494489,2021-04-27,CAROUSEL_ALBUM,N/A (not video),False,https://www.instagram.com/p/COLyeXhp1hU/,[SWIPE 👉🏻👉🏻] Check out what @shaareshalom has in store for Lag LaOmer night 🔥 🔥🔥
17962893607380173,2021-04-27,IMAGE,N/A (not video),False,https://www.instagram.com/p/COLK2u9JyZB/,Shabuot is right around the corner! Join @thecenterscc as they host Frieda Cattan for a special in person class on “Women of Strength & Courage” on May 5th!
17911442971743279,2021-04-27,IMAGE,N/A (not video),False,https://www.instagram.com/p/COK2OBdpNqk/,"Weather on Sunday shows nothing but ☀️! What better way to celebrate Lag LaOmer than a @prept_by_ray_t BBQ @larchwood_shul , with face-paint, a petting zoo, prizes, games & more! Don’t miss this family event on Sunday afternoon- spread the word!"
17943187492476280,2021-04-26,IMAGE,N/A (not video),False,https://www.instagram.com/p/COJVZM8JeZb/,This Thursday night join Edmond J. Safra Synagogue of NJ for a special candle ceremony in honor of Lag LaOmer which will also include live singing and dinner!
17889603149112560,2021-04-26,VIDEO,N/A,False,https://www.instagram.com/p/COIctAPpKCG/,Footage from @moreshet_yerushalayim ’s latest Tiyul in the deserts of Israel!
18152118937148813,2021-04-26,IMAGE,N/A (not video),False,https://www.instagram.com/p/COIKeJ3JswV/,"Join us for a class on “2 Jews, 3 Views: Conflicts & Controversies in Jewish History” with Mrs. Miriam Wielgus"
17910449887714031,2021-04-25,IMAGE,N/A (not video),False,https://www.instagram.com/p/COFyFAaJfYW/,Get ready to “Light up the Night” this Lag LaOmer with @safra_synagogue_nyc 🔥 🔥 🔥
17867602622501611,2021-04-25,IMAGE,N/A (not video),False,https://www.instagram.com/p/COEbXOkpNJ0/,Spring Book Club with @bethtorahbk will be on “To Heal A Fractured World” by @rabbisacks
17882299484302952,2021-04-22,IMAGE,N/A (not video),False,https://www.instagram.com/p/CN95vXSJuzD/,Brush up on the laws of Kosher Kitchen with Rabbi Ikey Tawil every Thursday. *Please note new time: 11:30am*
17880527333271212,2021-04-21,IMAGE,N/A (not video),False,https://www.instagram.com/p/CN74ijNp3hi/,🥳 🥳 🥳  Link in bio for all 100 episodes
17845244510569047,2021-04-21,IMAGE,N/A (not video),False,https://www.instagram.com/p/CN7Zns2pAjf/,Applications are now open for this years @ileadexperience summer trip!
17872087958477218,2021-04-20,VIDEO,N/A,False,https://www.instagram.com/p/CN52ECHpGX7/,Rachel & David Dweck hosted the entire @midreshet_eshel_ for a special BBQ earlier tonight in Israel  discussing the fun adventures and challenges of making Aliyah! It’s so nice to see life in Israel slowly returning to normal as they recently lifted the mandate of mask wearing outdoors. ☀️ ☀️ ☀️ @dwecks.aliyah.adventure
17892811706059206,2021-04-20,IMAGE,N/A (not video),False,https://www.instagram.com/p/CN47Mjrpol-/,Join @westdealshul every Tuesday night for a special mens learning program. Come hungry because dinner will be served as well!
17871947558381355,2021-04-18,IMAGE,N/A (not video),False,https://www.instagram.com/p/CN0pbiNpu0t/,Check out @allegrafranco_betmidrash ‘s new mother daughter Bat Mitzvah Learning Program!
17913204295641320,2021-04-18,IMAGE,N/A (not video),False,https://www.instagram.com/p/CNzy3yXJ-Te/,New class starting this week with Rabbi Tobias!
17877369122216642,2021-04-15,VIDEO,N/A,False,https://www.instagram.com/p/CNsEvi0Jl1S/,"Hersel Chomali, @hillelyeshiva graduate and current student in @moreshet_yerushalayim talking about what Yom Ha’asmaut is like in Israel! 🇮🇱 🇮🇱 🇮🇱"
17877272858222389,2021-04-15,IMAGE,N/A (not video),False,https://www.instagram.com/p/CNr8v3BJrww/,Happy Yom Ha’asmaut!
17869958006387498,2021-04-14,IMAGE,N/A (not video),False,https://www.instagram.com/p/CNpV79bJLVF/,Yom Hazikaron 2021
18147885226081267,2021-04-13,IMAGE,N/A (not video),False,https://www.instagram.com/p/CNnNV4lp1Xp/,Summer 2021 @ileadexperience informative session is tonight at 6:00pm- open to 11th graders of all schools!
17903182516849714,2021-04-13,IMAGE,N/A (not video),False,https://www.instagram.com/p/CNmzduTpgiD/,Masekhet Makkot with Mishna Study starts today!
17891056664072611,2021-04-12,VIDEO,N/A,False,https://www.instagram.com/p/CNk3O4dJ-S8/,Happy Rosh Hodesh!
17902128346884864,2021-04-11,CAROUSEL_ALBUM,N/A (not video),False,https://www.instagram.com/p/CNiAtFApN3Q/,We would like to congratulate Mr. Ronny Hersh on becoming a member of the Board of Trustees of Sephardic Community Alliance
17868384044339717,2021-04-09,VIDEO,N/A,False,https://www.instagram.com/p/CNbPCl2psEc/,Join us next Wednesday night for a virtual Yom Haasmaut Celebration!
17869092764464823,2021-04-08,VIDEO,N/A,False,https://www.instagram.com/p/CNa0smuJx7x/,Feeling Lucky?
17919088297609919,2021-04-08,IMAGE,N/A (not video),False,https://www.instagram.com/p/CNaL_HTpXKT/,Aliyah- A Yom Haasmaut conversation with Rabbi Dr. Raymond Harari
17927954320534297,2021-04-07,IMAGE,N/A (not video),False,https://www.instagram.com/p/CNXgP-Fptli/,Join us tomorrow at 1pm to hear the incredible story of a Holocaust Survivor #NeverForget
17911567792706007,2021-04-06,IMAGE,N/A (not video),False,https://www.instagram.com/p/CNVF4mvpz0l/,Yom Hashoah Memorial @bethtorahbk
17880040070156496,2021-04-06,IMAGE,N/A (not video),False,https://www.instagram.com/p/CNUpppIJlzB/,What Really Happened: Understanding the Arab-Israeli Conflict
18221415724001134,2021-04-05,IMAGE,N/A (not video),False,https://www.instagram.com/p/CNTaXsdJcP1/,"COVID-19 Testing: Offering Tuesday, Wednesday & Thursday this week!"
17845811552559362,2021-03-30,CAROUSEL_ALBUM,N/A (not video),False,https://www.instagram.com/p/CNDc5dFpxWI/,[SWIPE 👉🏻👉🏻] SCA mourns the loss of Mr. Albert “Abdo” Sultan A”H
17889632459075892,2021-03-30,IMAGE,N/A (not video),False,https://www.instagram.com/p/CNDN8F1J6n0/,Never forget.
18156680119125302,2021-03-25,CAROUSEL_ALBUM,N/A (not video),False,https://www.instagram.com/p/CM2NxR1pG14/,@Welovemdyhs senior girls visited the @allegrafranco_betmidrash for a special session on the story of Dina
17911052392676196,2021-03-23,IMAGE,N/A (not video),False,https://www.instagram.com/p/CMxtjOKJ6Ux/,Save the date for this years virtual Yom Haasmaut celebration!
17878478888161439,2021-03-23,IMAGE,N/A (not video),False,https://www.instagram.com/p/CMw-r_0JUsb/,“The Guide to Serving God: Bitahon” @larchwood_shul
17888379535993855,2021-03-23,IMAGE,N/A (not video),False,https://www.instagram.com/p/CMwrheIp-cT/,22 minute Passover Crash Course
17845927964551490,2021-03-21,IMAGE,N/A (not video),False,https://www.instagram.com/p/CMsm-txJR0_/,Thank You Hakham Shimon Alouf
17879566004130654,2021-03-21,IMAGE,N/A (not video),False,https://www.instagram.com/p/CMsL3BhJJeH/,Rabbi Ikey Tawil will be teaching the Pesah class tonight instead of Rabbi Harold Sutton. Join us tonight @ 8!
17900740462788149,2021-03-21,VIDEO,N/A,False,https://www.instagram.com/p/CMsLt6KJdj9/,Rabbi Ikey Tawil will be teaching the Pesah class tonight instead of Rabbi Harold Sutton. Join us tonight @8!
17948853349432094,2021-03-21,IMAGE,N/A (not video),False,https://www.instagram.com/p/CMr1YCyJk28/,We want to hear from YOU!
18206786896004524,2021-03-21,IMAGE,N/A (not video),False,https://www.instagram.com/p/CMqmQkIJ-z3/,New COVID-19 Testing Site- Test Before Passover!
17867207339386455,2021-03-20,IMAGE,N/A (not video),False,https://www.instagram.com/p/CMqOcZeJedd/,Special Pesah class with Rabbi Harold Sutton tomorrow @ 8:00pm!
17910245599673073,2021-03-18,IMAGE,N/A (not video),False,https://www.instagram.com/p/CMk50A9JxEd/,Pondering Current Events with Rabbi Albert Setton @allegrafranco_betmidrash !
18112706554206576,2021-03-16,IMAGE,N/A (not video),False,https://www.instagram.com/p/CMe9tHPpuQi/,Pesah Primer with Rabbi Azancot @bethtorahbk
18142597249091921,2021-03-15,IMAGE,N/A (not video),False,https://www.instagram.com/p/CMcHX8DgILP/,Addressing the Issue: What You Need to Know About the Jewish “Gett”. Tonight at 8:30pm
17876330774180951,2021-03-14,CAROUSEL_ALBUM,N/A (not video),False,https://www.instagram.com/p/CMZgXD0AaGS/,The Board of Directors would like to congratulate Mr. Jeffrey J. Beyda on accepting the position of President of Sephardic Community Alliance
17872196024260204,2021-03-11,IMAGE,N/A (not video),False,https://www.instagram.com/p/CMSyuaDJLoj/,Addressing the Issue
17883033350120694,2021-03-09,IMAGE,N/A (not video),False,https://www.instagram.com/p/CMNdXyMgCsW/,Learn about what it was like to have Pesah in Damascus with KJ Sephardic!
18180939490072805,2021-03-09,IMAGE,N/A (not video),False,https://www.instagram.com/p/CMNEXeBAg0X/,Pesah crash course with the Rabbi Yohai Cohen @shaareshalom !
17917147201603189,2021-03-09,IMAGE,N/A (not video),False,https://www.instagram.com/p/CMMqPm_gmCg/,Yom Haasmaut is just around the corner- and like always were working on something BIG to celebrate!
18151416277190301,2021-03-08,IMAGE,N/A (not video),False,https://www.instagram.com/p/CMK8zg7gy_1/,"Your Chance to Impact Jerusalem! If you’ve visited Jerusalem in the past few years, councilman Dan Illouz is eager for your ideas to help him better the city’s infrastructure. Visit scaupdates.org/impactjerusalem to fill out the questionnaire!"
17893247794937350,2021-03-08,CAROUSEL_ALBUM,N/A (not video),False,https://www.instagram.com/p/CMKZLqSAoag/,Check out the March 2021 Issue of the @imageusa magazine for a feature article on SCA's recent collaboration with community schools and Natan Sharansky & Gil Troy!
18097442122229550,2021-03-08,IMAGE,N/A (not video),False,https://www.instagram.com/p/CMKNm6GgjwG/,Learn Shofetim with Rabbi Tawil of @larchwood_shul Mondays @12:15pm!
17899571671838206,2021-03-08,IMAGE,N/A (not video),False,https://www.instagram.com/p/CMI80i0gPE_/,Join us tomorrow morning to pay tribute to a community icon who we lost 5 years ago. It will also be streamed: Syhebra.com/live-stream
17908440436680112,2021-03-04,IMAGE,N/A (not video),False,https://www.instagram.com/p/CMAXJBZg_hq/,Check out link in bio to access yesterday’s incredible talk
17882794526108962,2021-03-02,IMAGE,N/A (not video),False,https://www.instagram.com/p/CL7dOd7p-zJ/,What does the Israeli data tell us about how wider vaccination will impact the US? Join us tomorrow @12 to find out!
17874894395286117,2021-03-02,IMAGE,N/A (not video),False,https://www.instagram.com/p/CL6r4yfJM0g/,Delve into Talmudic Stories with Mrs. Emily Labaton Tuesdays @2:00pm!
17890187647968687,2021-03-01,IMAGE,N/A (not video),False,https://www.instagram.com/p/CL4stsgJndp/,Join us next week for Shahrit in Mickey’s memory 🙏🏼
17886438947031393,2021-03-01,IMAGE,N/A (not video),False,https://www.instagram.com/p/CL4DHkppG6q/,Learn Topics in Tanakh with Mr. Benun @our_synagogues Mondays @2:30pm!
17875351430240186,2021-02-28,IMAGE,N/A (not video),False,https://www.instagram.com/p/CL1iPa7JTys/,Arayat for Mr. Stanley I Chera A”H. Link in bio to watch live
17892584677905840,2021-02-25,IMAGE,N/A (not video),False,https://www.instagram.com/p/CLupS7GJl34/,"This Wednesday we are partnering with @moise_safra_center & @sbh_updates, to host the Chief Medical Officer of Sheba Hospital in Israel, the largest and leading  Medical Center in Israel! Expect to learn how the vaccination roll out in Israel is impacting COVID-19 spread, the latest data on mutations & hear what all this implies for us in the U.S. Dr. Madeb will also be giving a brief update on his extensive use of monoclonal antibodies as an intervention for COVID, and what the latest data is s"
17980269298350606,2021-02-25,IMAGE,N/A (not video),False,https://www.instagram.com/p/CLuHELxpNc4/,"Every year, Jewish nonprofit entrepreneurs create new programs that address critical challenges in our community. The OU Impact Accelerator identifies and advances promising Jewish nonprofits. Through education, mentorship, and collaboration, we empower great leaders committed to strengthening our communal landscape in new ways. The upcoming Cohort II Demo Day Graduation will celebrate the successes of the second cohort and showcase their growth over the last year. Want to learn more about who w"
17872800707207809,2021-02-24,IMAGE,N/A (not video),False,https://www.instagram.com/p/CLrQVqIpJz4/,Spread the word!
18159300748104318,2021-02-23,CAROUSEL_ALBUM,N/A (not video),False,https://www.instagram.com/p/CLpy6PdpjP5/,Purim 2021 Guidelines By Rabbi Harold Sutton
18188555545065126,2021-02-23,IMAGE,N/A (not video),False,https://www.instagram.com/p/CLosSOpJv1T/,Join Rabbi Shamah’s daily class on “Topics in Tanakh”
17866219739359963,2021-02-22,IMAGE,N/A (not video),False,https://www.instagram.com/p/CLmIdp4pYjq/,“2 Jews & 3 Views”...Join Mrs. Miriam Wielgus Mondays @10:30 to learn more!
17890463503947132,2021-02-21,IMAGE,N/A (not video),False,https://www.instagram.com/p/CLkFK2kpP5j/,"REMINDER: Join is Tuesday evening for a Purim Panel, “Expect the Unexpected”"
17976243733358966,2021-02-20,IMAGE,N/A (not video),False,https://www.instagram.com/p/CLiFK3spFvA/,Join us tomorrow morning for an inspiring talk with Roei Bentolila!
17894696173894135,2021-02-19,IMAGE,N/A (not video),False,https://www.instagram.com/p/CLeyZiJp1-Q/,🕯
17981767033343108,2021-02-19,IMAGE,N/A (not video),False,https://www.instagram.com/p/CLdcO42pptL/,Prepare for Shabbat by learning the Perasha with Rabbi Tawil every Friday morning!
18144815176130504,2021-02-18,IMAGE,N/A (not video),False,https://www.instagram.com/p/CLb8RzqJn5I/,What better way to spend your lunch break on Thursdays than learning some Perasha with Rabbi Azancot! 🥗 📖
17909452054638237,2021-02-17,CAROUSEL_ALBUM,N/A (not video),False,https://www.instagram.com/p/CLaPgNrpIDV/,Congrats Rabbi Setton!
17909021434643807,2021-02-17,IMAGE,N/A (not video),False,https://www.instagram.com/p/CLZ4OyQpdV7/,Purim Through the Lens of Hazal @allegrafranco_betmidrash
17899524193811927,2021-02-17,IMAGE,N/A (not video),False,https://www.instagram.com/p/CLZICwCpdOP/,"Stay Inspired with Rabbi Besser on Wednesdays. This week’s class is sponsored in memory of Walter A Serure A”H Yom Tov ben Bediya, by his wife Evelyn, his children, grandchildren and great grandchildren."
18182557291066170,2021-02-16,IMAGE,N/A (not video),False,https://www.instagram.com/p/CLXbVnipn_T/,"Join us next Tuesday night at 8pm for a Purim Panel moderated by Sauli aka David Levy with panelists Mrs. Viven Hidary, Rabbi Albert Setton and Rabbi Ikey Tawil! We are looking forward to seeing you there!"
17915101186596678,2021-02-16,IMAGE,N/A (not video),False,https://www.instagram.com/p/CLXJe-EJ0ul/,Playing on the Court of Life 🏀 🦽
17860670699458369,2021-02-16,IMAGE,N/A (not video),False,https://www.instagram.com/p/CLW6kF8pLpB/,2 part class series with Rabbi Azancot Analyzing the Megilla!
17882546729088736,2021-02-16,IMAGE,N/A (not video),False,https://www.instagram.com/p/CLWpBFBplb9/,What Really Happened: Understanding the Arab-Israel Conflict
17972246080352887,2021-02-15,IMAGE,N/A (not video),False,https://www.instagram.com/p/CLUH2MlpQ7O/,Join Mrs. Vivien Hidary for her weekly Parasha Insights Mondays @11am! This week she’ll be discussing “Terumah: Rising Above”
17940792895443859,2021-02-14,VIDEO,N/A,False,https://www.instagram.com/p/CLRspTCJqkx/,"Join us next week as we partner with @thecenterscc for an interview with Roei, a real life superhero, moderated by SCA board member Jesse Sutton!"
17920184932557713,2021-02-12,IMAGE,N/A (not video),False,https://www.instagram.com/p/CLMTaxgJNZy/,Friday Morning Parasha class with Rabbi Matalon!
17860332302471292,2021-02-11,IMAGE,N/A (not video),False,https://www.instagram.com/p/CLJzHNIJuQe/,This weeks Kosher Kitchen class with Rabbi Ikey Tawil will discuss the status of Parve food that is cooked in a meat or dairy pot.
17960802316390575,2021-02-11,CAROUSEL_ALBUM,N/A (not video),False,https://www.instagram.com/p/CLJttDCJ3r9/,"Repost @theisraelsummit  . Thanks to everyone who joined us for an exciting DAY FOUR of The Israel Summit 2021! We had an amazing session hearing from Yael Eckstein, Roei Ben-Tolila, Eli Beer, and Noam Bardin!  Swipe to the end to see our speaker lineup for our CLOSING SESSION!  The sessions can be accessed on our event platform by the “Magic Link” you receive upon registration, or on our Facebook page, @theisraelsummit. If you haven’t yet done so, register NOW at the link in bio to catch the la"
17882231432027106,2021-02-10,IMAGE,N/A (not video),False,https://www.instagram.com/p/CLHY3zfpN5o/,Staying Connected: Weekly Inspiration from Eress Yisrael
18105745456205421,2021-02-10,CAROUSEL_ALBUM,N/A (not video),False,https://www.instagram.com/p/CLGPa5hJb8s/,"Repost @theisraelsummit  . Thanks to everyone who joined us for an amazing DAY THREE of The Israel Summit 2021! We had an interesting session hearing from Gal Lusky, Mitt Romney, Daniel Limor, and Daniel Lubetzky!   Swipe to the end to see our speaker lineup for tomorrow!  The sessions can be accessed through a “Magic Link” that you receive upon registration or on our Facebook page. If you haven’t yet done so, register NOW at the link in bio!"
17901273415730470,2021-02-09,IMAGE,N/A (not video),False,https://www.instagram.com/p/CLEtH-ZJCXA/,"This weeks Mrs. Hidary class is dedicated in loving memory of Mr. David E. Tawil A”H, a true Sadik and a special giant of a man. By his daughter, Rochelle Falack."
17940374746448019,2021-02-09,CAROUSEL_ALBUM,N/A (not video),False,https://www.instagram.com/p/CLDkBs2p0xX/,"Repost @theisraelsummit  ・・・ Thanks to everyone who joined us for a spectacular DAY TWO of The Israel Summit 2021! We had a powerful session hearing from Danny Danon, Natan Sharansky, Nissim Black, and a discussion with Stephen Smith, Jordana Cutler, and Zigi Ariav!   Swipe to the end to see our speaker lineup for tomorrow and information about the Career and Special Opportunities Fair tomorrow!  The sessions can be accessed through a “Magic Link” that you receive upon registration. If you haven"
17870565944316642,2021-02-08,IMAGE,N/A (not video),False,https://www.instagram.com/p/CLCRg7Jpg-9/,“Exploring our Midot through Tanakh”
17984625697334494,2021-02-08,CAROUSEL_ALBUM,N/A (not video),False,https://www.instagram.com/p/CLCKKVXp8RP/,"Repost @theisraelsummit  ・・・ Thanks to everyone who joined us for The Israel Summit 2021 Day One! We had a great session hearing from Lee Bollinger, Ankie Spitzer, Stephen Harper, Barak Regev, and Lior Raz!   Swipe to the end to see our speaker lineup for tomorrow!  The sessions can be accessed through a “Magic Link” that you receive upon registration. If you haven’t yet done so, register NOW at the link in bio!"
17884207361052312,2021-02-07,IMAGE,N/A (not video),False,https://www.instagram.com/p/CLABquKJTYq/,Schedule of this years Israel Summit taking place this week- for details visit TheIsraelSummit.org
17915814784573618,2021-02-04,IMAGE,N/A (not video),False,https://www.instagram.com/p/CK3yvEAJ47Z/,"New series with Rabbi Hidary on @rabbisacks books starts Sunday! No prior reading required in order to attend and although a series, each class will be a separate class (so you can join whenever and for however many classes you want!)"
18105065161207034,2021-02-03,VIDEO,N/A,False,https://www.instagram.com/p/CK2CXUHpkRM/,New class series with Ms. Susana Scheiner on the history of the Arab-Israeli conflict starts next week! You can participate in this weekly virtual class by visiting SCAtorah.org Tuesdays @11:30am
17890127497886146,2021-02-03,CAROUSEL_ALBUM,N/A (not video),False,https://www.instagram.com/p/CK1HUSzpZw0/,Congratulations Rabbi Beyda!
18137803561087943,2021-01-31,IMAGE,N/A (not video),False,https://www.instagram.com/p/CKsO8t1JEbi/,A Virtual Conference of Dayanim- next Sunday! Register now at tinyurl.com/sephardi2021
18155636449109137,2021-01-28,VIDEO,N/A,False,https://www.instagram.com/p/CKmsgfDp-qv/,"We are proud to be a sponsor of @theisraelsummit alongside organizations such as AIPAC, AJC, WJC, Stand With Us, Birthright, Jewish National Fund among others. This virtual summit takes place across 115+ Universities February 7-11. The Israel Summit is a free, week-long event showcasing Israeli innovation, technology, medical achievements, sports accomplishments, and more.   Register NOW at TheIsraelSummit.org"
17885428150994713,2021-01-28,VIDEO,N/A,False,https://www.instagram.com/p/CKl7Z97Jyq6/,SCA Travel-Size Sefer Torah making it’s way around the world! This week the Sefer was used by Rabbi Ikey Tawil (of @kolisraelcongregation & @welovemdyhs ) and a group of community members who organized a minyan in St. John! To reserve the Torah email sefertorah@scaupdates.org
17863063475346145,2021-01-27,IMAGE,N/A (not video),False,https://www.instagram.com/p/CKjEOZepyL8/,Spring 2021 Daytime Zoom Learning Program! Check out all details on SCAtorah.org!
17859318299412090,2021-01-26,CAROUSEL_ALBUM,N/A (not video),False,https://www.instagram.com/p/CKhpnvuA137/,"[SWIPE 👉🏻👉🏻] We are proud to announce our newest member affiliate organization, @abrahams_legacy"
17844687821516752,2021-01-21,IMAGE,N/A (not video),False,https://www.instagram.com/p/CKUxaADJPbR/,"We are proud to be a sponsor of @theisraelsummit alongside organizations such as AIPAC, AJC, WJC, Stand With Us, Birthright, Jewish National Fund among others. This virtual summit takes place across 115+ Universities February 7-11. The Israel Summit is a free, week-long event showcasing Israeli innovation, technology, medical achievements, sports accomplishments, and more. Register NOW at TheIsraelSummit.org"
18187677136025891,2021-01-21,IMAGE,N/A (not video),False,https://www.instagram.com/p/CKT8md_pqgU/,Stay Safe After Vaccination
18134966404180219,2021-01-21,IMAGE,N/A (not video),False,https://www.instagram.com/p/CKSau-dpYzV/,Dr. Dana Sutton getting vaccinated!
17854521788489663,2021-01-20,IMAGE,N/A (not video),False,https://www.instagram.com/p/CKRzQlRpDKS/,Marcia getting vaccinated!
17957353915388705,2021-01-20,IMAGE,N/A (not video),False,https://www.instagram.com/p/CKRUh9HJx32/,Dr. Murray Choueka getting vaccinated!
18055356763278758,2021-01-20,VIDEO,N/A,False,https://www.instagram.com/p/CKRISHjJj5V/,Is there a difference between the way Sepharadim & Ashkenazim learn Talmud? Find out later today in Rabbi Sutton’s class!
17976420076345832,2021-01-19,IMAGE,N/A (not video),False,https://www.instagram.com/p/CKPqcx1JUOR/,Dr. Gindi of @gindihomerehab getting the vaccine!
18131186641156095,2021-01-19,CAROUSEL_ALBUM,N/A (not video),False,https://www.instagram.com/p/CKPaJ0Tp_xj/,Next week member affiliate @bethtorahbk will be virtually hosting @poopadweckaromas for a very special Tu Bishbat cooking session! Save the date!
17930917852471194,2021-01-19,IMAGE,N/A (not video),False,https://www.instagram.com/p/CKO283xp0s4/,Dr. Dayan getting vaccinated!
17862859175321812,2021-01-19,IMAGE,N/A (not video),False,https://www.instagram.com/p/CKOplqsJwzT/,Join us tomorrow as we partner with The Sephardi Habura in a special class with Rabbi Harold Sutton!
17875983956134365,2021-01-19,IMAGE,N/A (not video),False,https://www.instagram.com/p/CKOc2NMpPs_/,"A true hero in this picture! Many don’t know what Baruch has been doing these past few months behind the scenes, (specifically for our community) we owe him a debt of gratitude! 👏 👏 👏"
17935390651456688,2021-01-18,IMAGE,N/A (not video),False,https://www.instagram.com/p/CKL4h-XJJWT/,Photo of @eli_dayon getting vaccinated!
18123474454197435,2021-01-18,IMAGE,N/A (not video),False,https://www.instagram.com/p/CKKrCQEJGvK/,New classes @westdealshul starting tomorrow!
18096028399215468,2021-01-17,IMAGE,N/A (not video),False,https://www.instagram.com/p/CKKQQfdpCAB/,Lillian Dweck recently got vaccinated!
17903981920647140,2021-01-17,IMAGE,N/A (not video),False,https://www.instagram.com/p/CKKC37vJ_hm/,Join our email list!
17901440380681532,2021-01-17,IMAGE,N/A (not video),False,https://www.instagram.com/p/CKJa0zFpm7E/,Eli Mosseri from @docspharmacy getting vaccinated!
17896843486740342,2021-01-17,CAROUSEL_ALBUM,N/A (not video),False,https://www.instagram.com/p/CKIM2W2JZZw/,This months issue of @imageusa featured an article spotlighting member affiliate @midreshet_eshel_ and what it’s like to spend the high holidays in Jerusalem!
17892899899823201,2021-01-16,IMAGE,N/A (not video),False,https://www.instagram.com/p/CKH54sapne5/,Thank you Dr. Khaski for all that you do!
17868500225292507,2021-01-15,IMAGE,N/A (not video),False,https://www.instagram.com/p/CKE3BgXJlFC/,Gabriel Esses getting vaccinated!
17903857297668173,2021-01-15,IMAGE,N/A (not video),False,https://www.instagram.com/p/CKETjUlpaeY/,Dr. Glaser getting vaccinated!
18125517154166172,2021-01-15,IMAGE,N/A (not video),False,https://www.instagram.com/p/CKC9xLmp7KB/,Jeffrey Nussbaum getting vaccinated!
17919494473511652,2021-01-14,IMAGE,N/A (not video),False,https://www.instagram.com/p/CKCadtAJ4Oc/,Thank you Dr. Sasson for everything that you do 👏 👏 👏
18187450618038650,2021-01-14,IMAGE,N/A (not video),False,https://www.instagram.com/p/CKCC5x8J241/,Thank you Bonnie for keeping us all healthy!
17974901128348142,2021-01-14,IMAGE,N/A (not video),False,https://www.instagram.com/p/CKBw6PKJTgz/,Lunch & Learn with Rabbi Azancot of @bethtorahbk
17893184440811816,2021-01-14,IMAGE,N/A (not video),False,https://www.instagram.com/p/CKBnFHjJ8lP/,Dr. Gindi getting vaccinated!
17952388960399809,2021-01-14,CAROUSEL_ALBUM,N/A (not video),False,https://www.instagram.com/p/CKAd7Uzp_5L/,Flip through the latest issue of @imageusa magazine and you’ll see a fantastic article written by @irenehanan about a recent event @sca_updates & @thecenterscc partnered on with 2 Jewish Heroes!
18135159205088691,2021-01-14,IMAGE,N/A (not video),False,https://www.instagram.com/p/CKAUy5xprM6/,Here is @drrosanel getting vaccinated!
17895205867818473,2021-01-13,IMAGE,N/A (not video),False,https://www.instagram.com/p/CJ_zSxKJTfL/,Thank you Jeffrey from @deardrugs for all that you do!
17895849688813640,2021-01-13,IMAGE,N/A (not video),False,https://www.instagram.com/p/CJ_ddIzJPKz/,Thank you Dr. Mlabasati for all that you do on the front lines!
17857730231409526,2021-01-13,IMAGE,N/A (not video),False,https://www.instagram.com/p/CJ_B2PFJvtp/,Thank you Cindy for all you do to help those who need!
17868633248264453,2021-01-13,IMAGE,N/A (not video),False,https://www.instagram.com/p/CJ910IhpeuG/,"We are proud to be a sponsor of @theisraelsummit alongside organizations such as AIPAC, AJC, WJC, Stand With Us, Birthright, Jewish National Fund among others. This virtual summit takes place across 115+ Universities February 7-11. The Israel Summit is a free, week-long event showcasing Israeli innovation, technology, medical achievements, sports accomplishments, and more.   Register NOW at TheIsraelSummit.org"
17887661923906174,2021-01-12,IMAGE,N/A (not video),False,https://www.instagram.com/p/CJ9n-mhJ90e/,You can see Dr. Kopyt’s smile permeate through his mask as he finished his vaccination! 😃 😷
18087451045236334,2021-01-12,IMAGE,N/A (not video),False,https://www.instagram.com/p/CJ9PZ46J0cB/,A solid 🤘🏻 from Michael as he received the vaccine!
17896771984784128,2021-01-12,IMAGE,N/A (not video),False,https://www.instagram.com/p/CJ8-Lpzpc6d/,"New Masechet of Mishna with Ovadia Sutton through MishnaStudy- started yesterday, it’s not too late to join! See link in bio to join the chat or visit MishnaStudy.com !"
17913285235575173,2021-01-12,IMAGE,N/A (not video),False,https://www.instagram.com/p/CJ80u2upl4V/,Thank you Dr. Fink for getting vaccinated and for the invaluable assistance you have provided for us these past few months!
17901375652696799,2021-01-12,CAROUSEL_ALBUM,N/A (not video),False,https://www.instagram.com/p/CJ8jCFYJRiL/,This can and will help save lives! Please spread the word
17927423725487340,2021-01-12,IMAGE,N/A (not video),False,https://www.instagram.com/p/CJ7JqlZJYan/,NY has begun vaccinating people aged 75+. This morning Esther & Hiram Haddad received their first shots in Brooklyn! For more information on vaccines visit SCAupdates.org/vaccine
17957051902385312,2021-01-11,IMAGE,N/A (not video),False,https://www.instagram.com/p/CJ6l9Wfppk2/,Dr. Nasar recently got vaccinated to keep those around him healthy and safe!
17856528674384509,2021-01-11,IMAGE,N/A (not video),False,https://www.instagram.com/p/CJ6YMkbJQmy/,COVID-19 Vaccination Information Now Available on SCA Website
18141522106188760,2021-01-11,IMAGE,N/A (not video),False,https://www.instagram.com/p/CJ53g1mpn8N/,Dr. Mizrahi getting vaccinated!
18088223812225231,2021-01-10,IMAGE,N/A (not video),False,https://www.instagram.com/p/CJ3ioOOJ7Vp/,"Ronit Esses, PT doing her part to keep us all healthy in these unprecedented times!"
18091345552223963,2021-01-10,IMAGE,N/A (not video),False,https://www.instagram.com/p/CJ2MJCLpvmI/,"It is with tremendous sorrow & pain we regret to inform you of the passing of Mr. Mosie Shamah A""H, משה בן צלחה, father of SCA past president Mr. Hymie Shamah.  The Misva will be held graveside, Sunday January 10 at 1:00pm.  Spouse: Sydelle Shamah  Children: Lynn Schrem & Hymie Shamah Siblings: Shirley Mamiye & Abe ""Abo"" Shamah  With gratitude and an abundance of concern for the safety of those who would want to show their respects, the family has elected to sit privately without visitors."
17913412300574861,2021-01-09,IMAGE,N/A (not video),False,https://www.instagram.com/p/CJ11hJ5JWOh/,Dr. Dwek recently received the vaccination to stay healthy and safe!
17950199506404442,2021-01-08,IMAGE,N/A (not video),False,https://www.instagram.com/p/CJyRnSPpBaE/,Dr. Esses getting vaccinated so that he can keep those around him healthy!
17901173914724113,2021-01-07,IMAGE,N/A (not video),False,https://www.instagram.com/p/CJwj3zApV_d/,Thank you Stanley for all the work you do for our community and the world at large 24/7!
17902245406672530,2021-01-07,IMAGE,N/A (not video),False,https://www.instagram.com/p/CJvkE7Ypqev/,Rina staying strong as she gets her vaccination so that she can continue helping those around her!
17876072648120757,2021-01-07,CAROUSEL_ALBUM,N/A (not video),False,https://www.instagram.com/p/CJuRCJ5pEsX/,"[SWIPE 👉🏻👉🏻] Paying tribute to Hakham Matloub, who passed away 51 years ago 🙏🏼🙏🏼🙏🏼. What do YOU remember about him? Comment below!"
17877821984082893,2021-01-06,IMAGE,N/A (not video),False,https://www.instagram.com/p/CJuJPzfJK1n/,Dr. Bouganim getting vaccinated so that he can keep himself and others healthy!
17973446323353856,2021-01-06,IMAGE,N/A (not video),False,https://www.instagram.com/p/CJt_HC7JmRv/,Attention: NJ Begins Covid-19 Vaccine Pre-Registration
17887023535903919,2021-01-06,IMAGE,N/A (not video),False,https://www.instagram.com/p/CJt6AXfJGJ_/,Dr. Saadia keeping us all SAFE!
17860533245358353,2021-01-06,IMAGE,N/A (not video),False,https://www.instagram.com/p/CJtCp-AJAaI/,Thank you Dr. Wahba for everything you do to keep us healthy 🙏🏼🙏🏼🙏🏼
18185218516036904,2021-01-06,IMAGE,N/A (not video),False,https://www.instagram.com/p/CJrsldRJ26p/,"“Meaning of Tehillim” with Rabbi Alouf, Wednesday nights @8pm"
17916889204532816,2021-01-05,IMAGE,N/A (not video),False,https://www.instagram.com/p/CJrRzXVJjDT/,Dr. Saadia showing how powerful this small vaccine can be in saving lives!
17867143133308866,2021-01-05,IMAGE,N/A (not video),False,https://www.instagram.com/p/CJqwtHlpioX/,Weeknight learning program for high school boys @westdealshul !
17906943199622274,2021-01-05,IMAGE,N/A (not video),False,https://www.instagram.com/p/CJqaJjRpXyM/,Dr. Kurtz is always on call to help and keep us all safe. Thank you for all that you do!
18133351399176588,2021-01-04,CAROUSEL_ALBUM,N/A (not video),False,https://www.instagram.com/p/CJo-VWjJBmE/,[SWIPE 👉🏻👉🏻] Congratulations to the new president of @kolisraelcongregation !
18046127125281527,2021-01-04,IMAGE,N/A (not video),False,https://www.instagram.com/p/CJos47rpEQ4/,Photo of Dr. Manopla just moments after receiving the vaccine!
17910217696601319,2021-01-04,IMAGE,N/A (not video),False,https://www.instagram.com/p/CJoJtIWp9_w/,Thank you Dr. Mizrachi for everything you have done and continue to do to SAVE LIVES!
17849981237498456,2021-01-04,IMAGE,N/A (not video),False,https://www.instagram.com/p/CJn_24kJHH-/,"Join Mrs. Hidary today at 11 for a zoom class on Perashat Shemot, “Making a Name for Ourselves”"
17847720713505418,2021-01-03,IMAGE,N/A (not video),False,https://www.instagram.com/p/CJmcpPPJhSF/,Dr. Ezra Dayan giving us the 👍🏻 as he gets vaccinated!
17910011596602874,2021-01-03,IMAGE,N/A (not video),False,https://www.instagram.com/p/CJlyjJ_JElE/,The man who does it all! Mr. Alan Esses not only facilitates antibody treatments.... but he also delivers pizza! Last night Alan surprised Dr. Madeb and his team with pies of pizza to show gratitude for saving so many lives! Thankful to both of these heroes for their amazing work on behalf of our community!!!
17892234313793227,2021-01-03,IMAGE,N/A (not video),False,https://www.instagram.com/p/CJlkj_jpB9_/,Dr. Mosseri recently received the vaccination so he can remain healthy and continue saving lives!
17912340322566850,2021-01-03,IMAGE,N/A (not video),False,https://www.instagram.com/p/CJkOrg7puKC/,The Covid Vaccine- A Halakhic Perspective
17855881280436984,2021-01-02,IMAGE,N/A (not video),False,https://www.instagram.com/p/CJj1LHgpAwl/,"From the start of the pandemic Dr. Daniel Matalon made it his mission to share his wealth of knowledge to us all, undoubtedly saving so many lives. Thank you for everything that you do Dr. Matalon!"
17879860709050527,2021-01-01,IMAGE,N/A (not video),False,https://www.instagram.com/p/CJgfgWXpUKo/,Special Father-Son Learning @ahaba_ve_ahva this Sat night!
17883010279986418,2021-01-01,IMAGE,N/A (not video),False,https://www.instagram.com/p/CJgJ_y2JzEe/,Thank you Dr. Tachè for caring for our community in Florida!
17931837271459200,2020-12-31,IMAGE,N/A (not video),False,https://www.instagram.com/p/CJeNFAHJHGp/,Hatzalah EMTS are the real heroes 🦸‍♂️  Thank you Lenny for all that you do to save lives each and every day
17856323213403902,2020-12-31,IMAGE,N/A (not video),False,https://www.instagram.com/p/CJd6mBbJ7dw/,COVID-19 Vaccinations Available in Florida!
17921819014490092,2020-12-31,IMAGE,N/A (not video),False,https://www.instagram.com/p/CJdqbBPpjGY/,Dr. Rudy smiling proudly after receiving his vaccination!
17880318908022606,2020-12-30,IMAGE,N/A (not video),False,https://www.instagram.com/p/CJcAMnSJVuC/,Dr. Ezon giving the 👍🏻 after receiving his vaccination!
17850432974466763,2020-12-30,IMAGE,N/A (not video),False,https://www.instagram.com/p/CJa-iSTJycu/,Nurse Gindi recently got vaccinated so that she can continue keeping others safe 💪🏻
17872330139152328,2020-12-29,IMAGE,N/A (not video),False,https://www.instagram.com/p/CJZhXnMJZ1M/,All is safe @bethtorahbk !
17881166536949870,2020-12-29,IMAGE,N/A (not video),False,https://www.instagram.com/p/CJYdeEZJX0U/,Thank you Dr. Husney for your continued support these past few months to keep us all safe and healthy!
17867487449234131,2020-12-28,IMAGE,N/A (not video),False,https://www.instagram.com/p/CJWHwK0JdmI/,Keep up the great work Dr. Cohen!
18181074139050766,2020-12-28,VIDEO,N/A,False,https://www.instagram.com/p/CJV1n78pKyl/,"“Is the vaccine safe?”  In this clip from our recent town-hall of Mount Sinai Doctors, Dr. Joshua Shatzkes (Co-Director of Operations, Plasma Collection Center) discusses a very common question. For the full video, see link in bio."
17877384788062091,2020-12-27,IMAGE,N/A (not video),False,https://www.instagram.com/p/CJUIKrQJZLB/,Thank you Dr. Khaski for all that you do to keep us healthy!
17980966951321521,2020-12-27,CAROUSEL_ALBUM,N/A (not video),False,https://www.instagram.com/p/CJTe0XEpllB/,Important Antibodies Treatments Now Available
17879293964013311,2020-12-25,CAROUSEL_ALBUM,N/A (not video),False,https://www.instagram.com/p/CJOp25MpfSX/,"Last night, many of our community doctors got together to discuss new groundbreaking antibody treatments that are available. This meeting was extremely informative to our doctors and patient advocates in order to best help our community members with COVID-19. We thank our doctors and our healthcare providers for all that they do for us each and every day. To watch the video, click the link in our bio"
17933569108448292,2020-12-24,VIDEO,N/A,False,https://www.instagram.com/p/CJMsa_RJQsw/,"“Does the vaccine have the virus in it?”  In this short clip from our recent town-hall of Mount Sinai Doctors, Dr. Joshua Shatzkes (Co-Director of Operations, Plasma Collection Center) talks about this topic bringing clarity to a popular question. For the full video, see link in bio."
18137695930186404,2020-12-24,CAROUSEL_ALBUM,N/A (not video),False,https://www.instagram.com/p/CJKgyP6pWh2/,"Yesterday, we facilitated a community wide high school program with seniors from our high schools: @welovemdyhs @hillelyeshiva & @yofhs . The discussion, led by SCA Board Members Jeffrey Beyda & Ricky Novick, was with world renowned authors and heroes Natan Sharansky & Gil Troy discussing their new book ""Never Alone"". Students were able to directly ask Natan & Gil questions about the book that they read earlier this month to truly appreciate what they went through and received life lessons they "
17863371140246099,2020-12-22,IMAGE,N/A (not video),False,https://www.instagram.com/p/CJGlKRbJytY/,"Mabrook to long-time SCA teacher Ms. Adele Chabot & Daveed Tawil on their marriage in ארץ ישראל! If you were unable to attend the wedding and would like to give a Mabrook/message to the couple, comment below 👇👇"
17872755818120717,2020-12-20,IMAGE,N/A (not video),False,https://www.instagram.com/p/CJACtzupY4Y/,"Tomorrow @ 10:00am, we are partnering with @thecenterscc on an event featuring Abraham Cohen, brother of the Israeli spy Eli Cohen A""H.  Moderated by SCA board member @joeysoffer , this Zoom event promises to be entertaining and informative. Tune in to hear the inside scoop of what really went on with this real life SY spy!"
17906995780577174,2020-12-18,IMAGE,N/A (not video),False,https://www.instagram.com/p/CI8DY8rpczb/,"Although it’s been 26 years, Rabbi Jacob Kassin A”H will never be forgotten 🙏🏼🙏🏼🙏🏼"
17927410753463052,2020-12-17,IMAGE,N/A (not video),False,https://www.instagram.com/p/CI6buO2JYKZ/,What do you remember about Rabbi Labaton A”H ?
17907513451586020,2020-12-17,VIDEO,N/A,False,https://www.instagram.com/p/CI6a7u5J9Gx/,Join us Sunday for a conversation that will not disappoint! @thecenterscc
17845277252498180,2020-12-17,IMAGE,N/A (not video),False,https://www.instagram.com/p/CI5o4zkJglt/,Today’s Hannukah class schedule
17887631098845907,2020-12-17,CAROUSEL_ALBUM,N/A (not video),False,https://www.instagram.com/p/CI5npdkJZ2d/,[SWIPE 👉🏻👉🏻] Welcome @communitysecurityalliance
17862833486237665,2020-12-16,IMAGE,N/A (not video),False,https://www.instagram.com/p/CI3_U81JjLW/,"8 years ago today, we lost Rabbi Lieberman of @bethtorahbk 🙏🏼🙏🏼🙏🏼"
17898546136673756,2020-12-16,IMAGE,N/A (not video),False,https://www.instagram.com/p/CI3HbdWJIAw/,Join us tonight for a call exclusively for our community that can SAVE LIVES
18148093330105308,2020-12-16,IMAGE,N/A (not video),False,https://www.instagram.com/p/CI27NJBJ_P-/,Scatorah.org/hanukkah
17916968473518546,2020-12-15,IMAGE,N/A (not video),False,https://www.instagram.com/p/CI0azc-pRXn/,
17896235689702067,2020-12-14,VIDEO,N/A,False,https://www.instagram.com/p/CIym16MJND2/,"Beautiful video of @moreshet_yerushalayim in Me'arat HaMachpela, lighting Hanukkah Candles with IDF soldiers!"
18091219234211432,2020-12-14,IMAGE,N/A (not video),False,https://www.instagram.com/p/CIx7PQrppQn/,SCAtorah.org/hanukkah
17879440438983040,2020-12-14,IMAGE,N/A (not video),False,https://www.instagram.com/p/CIxzDTcpEP4/,The COVID vaccine & successful treatments
17866406126192092,2020-12-13,IMAGE,N/A (not video),False,https://www.instagram.com/p/CIvRJ6ep2cU/,
17880028618930623,2020-12-13,VIDEO,N/A,False,https://www.instagram.com/p/CIt8UYlJZDg/,🕵🏻‍♂️
17879932231914509,2020-12-12,IMAGE,N/A (not video),False,https://www.instagram.com/p/CItt3sQJ0qz/,
17868297206111316,2020-12-11,IMAGE,N/A (not video),False,https://www.instagram.com/p/CIqBClxJC-X/,In addition to our 30+ Hanukkah Dibre Torah to print we also have some of @djcohen7 jokes to print and share with your family over Shabbat. Check it out on scatorah.org/hanukkah!
17895893149703631,2020-12-10,IMAGE,N/A (not video),False,https://www.instagram.com/p/CIoBABRJDCc/,"@rj2music newest single!   The Ramban teaches that through studying and appreciating the grand miracles we can come to notice and appreciate the “smaller” ones.   The time of Hanukkah is one of those amazing miracles that we will be celebrating, commemorating, and appreciating this week. But when we say Al Hanisim in our tefilot we not only mention the miracle of the Hanukkah, we praise Hashem for ALL of the miracles He did and continues to do for us Bayamim Hahem Bazman Hazeh, in those days and"
17887027711818998,2020-12-10,CAROUSEL_ALBUM,N/A (not video),False,https://www.instagram.com/p/CInwEUqJq9O/,[SWIPE 👉🏻👉🏻] Virtual Hannukah 2020 Programming and Classes next week! For more information visit SCAupdates.org/hanukkah !
17899722715652855,2020-12-10,IMAGE,N/A (not video),False,https://www.instagram.com/p/CIniI-sAib7/,Join @janicebensadon Mondays @1 !
18046135792276321,2020-12-10,IMAGE,N/A (not video),False,https://www.instagram.com/p/CImi1JtJAdg/,Earlier tonight a representation of community members that are a part of the AIPAC Sephardic Division were at the White House at their annual Hanukkah Celebration!
18177681790018652,2020-12-10,IMAGE,N/A (not video),False,https://www.instagram.com/p/CImTVR6pVaS/,Raffles for attending classes? Count me in! Full schedule up on SCATorah.org/hanukkah
17909378650549770,2020-12-09,IMAGE,N/A (not video),False,https://www.instagram.com/p/CIl_zJWJqxD/,"Take a moment to remember Rabbi Shaul J. Kassin as he passed away two years ago, today"
17843046875495884,2020-12-09,IMAGE,N/A (not video),False,https://www.instagram.com/p/CIlryViJLjg/,"Congratulations to Dr. Victor Grazi on receiving the SBH Joseph D. Beyda Leadership Award. A well deserved honor for a lifetime of community work! Tune in to the official awards show Tuesday night @8:00pm, check out @sbh_updates for details!"
17879485276975763,2020-12-09,IMAGE,N/A (not video),False,https://www.instagram.com/p/CIlQVA1Jx6u/,"We know that due to the pandemic this years Hanukkah will be a little different... so we created SCATorah.org/Hanukkah to help you learn, celebrate and keep the flame burning this year!"
18176338372014837,2020-12-09,CAROUSEL_ALBUM,N/A (not video),False,https://www.instagram.com/p/CIlGdsvp9MN/,Swipe to see the first few pages of the inaugural issue of “The Sephardi Habura Journal”! The Sephardi Habura is a virtual Bet Midrash with international membership dedicated to the classical Sephardi approach to Judaism - striving to know God by embracing the world through the lens of Torah. Look out for Rabbi Harold Sutton’s class on January 20th and to learn more about this project email TheBetMidrash@gmail.com !
17934796216438991,2020-12-09,IMAGE,N/A (not video),False,https://www.instagram.com/p/CIjvv6npGDV/,Mrs. Abade continues her series tomorrow - open to all to attend!
17861973650287817,2020-12-08,IMAGE,N/A (not video),False,https://www.instagram.com/p/CIjPUECJXDU/,Join Ms. Chabot Wednesdays @10!
17950977604386173,2020-12-08,IMAGE,N/A (not video),False,https://www.instagram.com/p/CIi9hJSJ703/,Link in bio 🙏🏼🙏🏼
17857808279312865,2020-12-08,IMAGE,N/A (not video),False,https://www.instagram.com/p/CIir7KBpL0a/,@allegrafranco_betmidrash Hanukah program led by mother daughter duos in breakout rooms! Next Weds 11/16 please register prior
18130825333192532,2020-12-08,IMAGE,N/A (not video),False,https://www.instagram.com/p/CIibq6EpGH1/,"Reminder- today in Deal, NJ! Stop by @westdealshul to help save a life!"
17851683947376283,2020-12-07,IMAGE,N/A (not video),False,https://www.instagram.com/p/CIgVcT7J75g/,🙏🏼🙏🏼🙏🏼
17934322483435254,2020-12-07,IMAGE,N/A (not video),False,https://www.instagram.com/p/CIfz1CYpI80/,Final class in the “Our Faith is Our Strength” series is tonight @8:00pm!
17903181607607183,2020-12-07,IMAGE,N/A (not video),False,https://www.instagram.com/p/CIec1WTpd49/,Join @rabbibeyda Mondays @12 !
18089697022215911,2020-12-06,IMAGE,N/A (not video),False,https://www.instagram.com/p/CIdfCSUJggm/,"We regret to inform you of the passing of the mother of our esteemed board member Maurice Levy: Audrey Levy A”H, Chana bat Rachel   Family: Husband: Isaac Levy Parents: Joe Sabin A""H & Shelly Sabin Sasson  Siblings: Bonnie Nahama, Natie Sabin A""H, Sari Sitt Children: Maurice Levy, Joey Levy, Daniel Levy, Esther Hedaya  Burial in Israel  Har Hazitim Before being buried in Israel, the Missvah will pass in front of her home at 1973 East 2nd Street at 10:30 AM.  Sitting with limited family members t"
17875027727005992,2020-12-05,IMAGE,N/A (not video),False,https://www.instagram.com/p/CIbyuUgJKrz/,
17930430571444839,2020-12-03,IMAGE,N/A (not video),False,https://www.instagram.com/p/CIWhiTDJXXL/,“Illuminating the World with Hope” A @bethtorahbk learning program in memory of Rabbi Lord Jonathan Sacks A”H
17934606898433194,2020-12-03,IMAGE,N/A (not video),False,https://www.instagram.com/p/CIWIuAYJJYr/,"Thank you for helping us hit 10,000 followers 🥳🥳🥳"
17904423994602803,2020-12-02,IMAGE,N/A (not video),False,https://www.instagram.com/p/CITyMGYJET6/,🤔 🤔🤔 Join Rabbi Tawil’s weekly class on ZOOM to find out the answer to this and many other similar questions regarding Berakhot!
18133115794186955,2020-12-02,IMAGE,N/A (not video),False,https://www.instagram.com/p/CITHUnEpyU3/,8 Days & Nights of Fun & Learning for all! Details will be released shortly on SCATorah.org/Hanukkah !
17913124912511181,2020-12-01,IMAGE,N/A (not video),False,https://www.instagram.com/p/CIRSVfmpYQg/,SCA Travel Size Sefer Torah
17898731794649339,2020-12-01,VIDEO,N/A,False,https://www.instagram.com/p/CIQ3taOJShc/,Hesed update from @moreshet_yerushalayim !
17918094835497255,2020-12-01,IMAGE,N/A (not video),False,https://www.instagram.com/p/CIQmmmRJ5Dm/,"ATT DEAL COMMUNITY: If you had COVID-19, stop by next week to donate plasma and SAVE LIVES!"
18174120355027544,2020-11-30,IMAGE,N/A (not video),False,https://www.instagram.com/p/CIO6v0UJHA9/,"SCA is participating in #GivingTuesday, ""a global generosity movement unleashing the power of people and organizations to transform their communities and the world,” which takes place tomorrow. Let’s show our Hakarat HaTob for all the Torah that was spread, collaborations that were done, and lives that were saved through the work of SCA this past year! To donate see link in bio!"
17863640417206568,2020-11-30,IMAGE,N/A (not video),False,https://www.instagram.com/p/CIOP3Cjp--f/,Class #2 out of 3 with Rabbi Haber on Bitahon & Emunah tonight @8!
17887119514838351,2020-11-30,IMAGE,N/A (not video),False,https://www.instagram.com/p/CIN-AmJpSDY/,New weekly class with Mr. Benun starts today @2:30pm.
17861940491198522,2020-11-30,CAROUSEL_ALBUM,N/A (not video),False,https://www.instagram.com/p/CIMqNKGJtry/,Congrats Rabbi Farhi!
17878346812969523,2020-11-29,VIDEO,N/A,False,https://www.instagram.com/p/CILsNhyJEhB/,Stephanie Dweck on TanachStudy.com
17890114093776212,2020-11-29,IMAGE,N/A (not video),False,https://www.instagram.com/p/CILbMQaJHU7/,Join @imarocks Mondays @10:30!
17904573805588241,2020-11-29,VIDEO,N/A,False,https://www.instagram.com/p/CIKHcNrJoLo/,"Clarice Zaboulani, 3rd grade teacher in @welovemdy , is a proud member of @allegrafranco_betmidrash LIFETIME LEARNERS make GREAT TEACHERS!"
17845167869486695,2020-11-26,VIDEO,N/A,False,https://www.instagram.com/p/CIDdI-jJrZC/,Save the date- Dec 20th!
17970935512338196,2020-11-25,IMAGE,N/A (not video),False,https://www.instagram.com/p/CIA1ulxJDxi/,Learn the Meaning of Tehillim with Rabbi Alouf
17865732827128727,2020-11-24,IMAGE,N/A (not video),False,https://www.instagram.com/p/CH-trwkpZqK/,Daf Yomi starting a new Masekhet with @rhidary !
17886119200797837,2020-11-23,IMAGE,N/A (not video),False,https://www.instagram.com/p/CH89EaepSbf/,"Leaving, Never to Return”. Zoom conference all day tomorrow* on the Exodus & Expulsion of Jews from Arab countries  * times are Israel time!"
17853050597368225,2020-11-23,IMAGE,N/A (not video),False,https://www.instagram.com/p/CH71ncQJB2C/,Mondays with @janicebensadon
17860833173255723,2020-11-22,CAROUSEL_ALBUM,N/A (not video),False,https://www.instagram.com/p/CH6EBBEpVSH/,The Allegra Franco Bet Midrash & Teaching Fellowship invites you to a Thanksgiving event this Tues 11/24 @8:30pm OPEN to MEN & WOMEN with special guest Mrs. Miriam Wielgus! Please text 347-850-7723 or DM @allegrafranco_betmidrash to REGISTER and receive source sheet prior.
17865176948180619,2020-11-21,IMAGE,N/A (not video),False,https://www.instagram.com/p/CH3xx-gJXNs/,Thinking about making the move? @syisraellink
18036519628287097,2020-11-19,IMAGE,N/A (not video),False,https://www.instagram.com/p/CHxwEkPpVmt/,We must never forget that our faith is our strength. New series with Rabbi Haber starting Monday nights @8
18172002070014242,2020-11-19,IMAGE,N/A (not video),False,https://www.instagram.com/p/CHxgtEsJ97R/,Daily classes with Rabbi Moshe Shamah
17864732807181866,2020-11-19,IMAGE,N/A (not video),False,https://www.instagram.com/p/CHwGe46p6vJ/,Save the Date
17978333092325795,2020-11-18,IMAGE,N/A (not video),False,https://www.instagram.com/p/CHvFjpjJaHL/,This Sunday come hear from heroes
17907073222540537,2020-11-18,IMAGE,N/A (not video),False,https://www.instagram.com/p/CHuxPntJbvW/,Wednesdays with Rabbi Albert Setton
17847606626405977,2020-11-17,IMAGE,N/A (not video),False,https://www.instagram.com/p/CHtJzXkAMR4/,For the love of God- Tuesday nights with Rabbi Meyer Laniado
17875753555999566,2020-11-17,VIDEO,N/A,False,https://www.instagram.com/p/CHs4gwAAXIk/,Rosh Hodesh sunrise at Masada @moreshet_yerushalayim 🌅
18171772291045072,2020-11-17,IMAGE,N/A (not video),False,https://www.instagram.com/p/CHsmoOGp5Nx/,"Next Tuesday night, @allegrafranco_betmidrash is open to both men and women- sign up in advance to receive the sources and guided questions!"
17904169390584635,2020-11-17,IMAGE,N/A (not video),False,https://www.instagram.com/p/CHsXoatpxKo/,Tuesdays with Mrs. Esther Hidary
17859808604226258,2020-11-16,IMAGE,N/A (not video),False,https://www.instagram.com/p/CHpo1oXpaxE/,Mondays with Mrs. Vivien Hidary!
17886944671818536,2020-11-16,IMAGE,N/A (not video),False,https://www.instagram.com/p/CHoZJmdpHXX/,New Masekhet starting tomorrow! See link in bio to join!
17882632966887549,2020-11-15,VIDEO,N/A,False,https://www.instagram.com/p/CHoLjeKJh1l/,Michael Franco on TanachStudy.com
17884212403824392,2020-11-13,CAROUSEL_ALBUM,N/A (not video),False,https://www.instagram.com/p/CHi2I6TpY_e/,Did you know that we send out a weekly email to THOUSANDS of community members every Friday morning?? Swipe to see screenshots of this weeks email. To join our email list text 917-838-0744
17876994310916394,2020-11-12,IMAGE,N/A (not video),False,https://www.instagram.com/p/CHfXGtpJtGb/,Thursdays with Rabbi Ikey Tawil!
17850091055386066,2020-11-11,CAROUSEL_ALBUM,N/A (not video),False,https://www.instagram.com/p/CHdCqYZpSfb/,[SWIPE 👉🏻👉🏻] Welcome KJ Sephardic
17871374435065831,2020-11-11,IMAGE,N/A (not video),False,https://www.instagram.com/p/CHc1t1GJWcN/,Wednesdays with Ms. Adele Chabot
18077995621226683,2020-11-10,IMAGE,N/A (not video),False,https://www.instagram.com/p/CHaikQsJZ_c/,SCA Statement on the passing of Rabbi Sacks A”H
17855830313301260,2020-11-10,IMAGE,N/A (not video),False,https://www.instagram.com/p/CHaV1WnJPyy/,Tuesdays with Mrs. Emily Labaton
17908603996548233,2020-11-10,IMAGE,N/A (not video),False,https://www.instagram.com/p/CHaQywYJ_j6/,A Tribute to Rabbi Sacks . . ZOOM ID- 5285402591 Password-220170
17947023043381317,2020-11-09,IMAGE,N/A (not video),False,https://www.instagram.com/p/CHWaIWvJRK9/,New 5 session course starting this Wednesday! @tanachstudy
17892481906703152,2020-11-07,IMAGE,N/A (not video),False,https://www.instagram.com/p/CHTsMBDp7OP/,Barukh Dayan HaEmet: Rabbi Lord Johnathan Sacks A”H
18089944609201863,2020-11-04,VIDEO,N/A,False,https://www.instagram.com/p/CHL-3llJ9KO/,A Conversation Not to be Missed
17879736796875234,2020-11-04,IMAGE,N/A (not video),False,https://www.instagram.com/p/CHK2qqwpB0V/,Join Rabbi Alouf Wednesday nights as he discusses the meaning of Tehillim
17847092081432586,2020-11-03,IMAGE,N/A (not video),False,https://www.instagram.com/p/CHJDxftJQNm/,4 part class series with Mrs. Audrey Abade begins tomorrow! @welovemdyhs @welovemdy @mdypta
17862502979188301,2020-11-03,IMAGE,N/A (not video),False,https://www.instagram.com/p/CHIgqs_JmXh/,🇺🇸
17868716129084890,2020-11-02,IMAGE,N/A (not video),False,https://www.instagram.com/p/CHFtYHjpbgP/,Mondays with Rabbi Tawil
17855962310316104,2020-10-28,IMAGE,N/A (not video),False,https://www.instagram.com/p/CG4vmJVpJj1/,Wednesdays with Rabbi Besser
17846471921390230,2020-10-27,IMAGE,N/A (not video),False,https://www.instagram.com/p/CG2crQWpeRI/,🍴 & 🙇🏻
17858035442229840,2020-10-27,IMAGE,N/A (not video),False,https://www.instagram.com/p/CG2IXwoJYiO/,Tuesdays with Rabbi Haber
17891672581722486,2020-10-26,VIDEO,N/A,False,https://www.instagram.com/p/CG0UXo2Jqqt/,Jack Dweck on MishnaStudy.com
17891055973701191,2020-10-25,IMAGE,N/A (not video),False,https://www.instagram.com/p/CGyQz7qp-ed/,Mondays with Rabbi Beyda
17913502300482954,2020-10-25,IMAGE,N/A (not video),False,https://www.instagram.com/p/CGxM50SJ6oZ/,"With zoom as an option for so many classes, you can now partake in Fall 2020 classes offered in Deal, NJ @larchwood_shul even if you’re in Brooklyn (or anywhere else in the world!)"
18138366370129786,2020-10-21,CAROUSEL_ALBUM,N/A (not video),False,https://www.instagram.com/p/CGmz-IAp39t/,"The SCA wishes a Refuah Shelema to our dear friend Rabbi Lord Jonathan Sacks, who was recently diagnosed with cancer. We had the honor of hosting @rabbisacks on numerous occasions for SCA sponsored panels, events, virtually and meetings with lay leaders in our community. Rabbi Sacks is an amazing rabbi, leader, speaker, and friend to the SCA, our community and the Jewish world at large. We are praying for him and wishing him and his family all the best during this difficult time. For those who w"
17875868188939160,2020-10-21,IMAGE,N/A (not video),False,https://www.instagram.com/p/CGlb12kp23g/,
17932825078411178,2020-10-20,IMAGE,N/A (not video),False,https://www.instagram.com/p/CGk9LWSpiK6/,"Mabrook to Ms. Adele Chabot on her engagement to Daveed Tawil (son of Rabbi Ralph & Michal Tawil). Adele is one of our most beloved teachers who has been teaching in our learning program for the past ten+ years (since our inception!) After graduating from @allegrafranco_betmidrash , being a counselor on @ileadexperience , being a teacher at @barkaiyeshiva for five years & teaching in @midreshet_eshel_ she recently made aliya- but made sure to stay connected and still give classes from Israel (lo"
17886492628759891,2020-10-20,IMAGE,N/A (not video),False,https://www.instagram.com/p/CGkIWHmpo5u/,Tuesday’s with Rabbi Tobias
17875961146941523,2020-10-19,IMAGE,N/A (not video),False,https://www.instagram.com/p/CGihfvCp3Pu/,Come save lives this Thursday. Link in bio to book an appointment!
17857065995260797,2020-10-19,VIDEO,N/A,False,https://www.instagram.com/p/CGhlpq2p25T/,A Beautiful Rosh Hodesh Message from Aharon Elmaleh of @moreshet_yerushalayim
17859664484174732,2020-10-15,IMAGE,N/A (not video),False,https://www.instagram.com/p/CGYBk4eJDhX/,Get your hands on Recalling the Covenant- Humash Bereshit before it’s too late! #scaaffiliatepublication
17933263501422597,2020-10-14,IMAGE,N/A (not video),False,https://www.instagram.com/p/CGVGk8PJgEe/,A weekly exploration of the Parasha through multiple lenses to enhance our understanding of the Torah
17863943735092230,2020-10-12,IMAGE,N/A (not video),False,https://www.instagram.com/p/CGPgb7tpOLn/,"Good Morning! With holidays now behind us, let’s get back into a routine, with SCA Fall Zoom Learning Program beginning today! Choose a class or two (or more!) and stick to it every week. Check out SCATorah.org for details."
18166296655023950,2020-10-11,VIDEO,N/A,False,https://www.instagram.com/p/CGOLgwnJshw/,"Join Ms. Adele Chabot on Zoom Wednesdays @10am, starting THIS week! See details on SCAtorah.org"
17940486109378941,2020-10-09,CAROUSEL_ALBUM,N/A (not video),False,https://www.instagram.com/p/CGItw_cpLQo/,Important COVID-19 message from Sephardic Bikur Holim @sbh_updates
17939896087395570,2020-10-08,VIDEO,N/A,False,https://www.instagram.com/p/CGGM1k7JFKp/,Join Rabbi Beyda on Zoom Mondays @12 starting next week! See details on SCAtorah.org
17928160729425328,2020-10-08,VIDEO,N/A,False,https://www.instagram.com/p/CGFPJ_Npeby/,"Join Mrs. Janice Mizrahi Bensadon on Zoom Mondays 1pm, starting next week! See details on SCAtorah.org"
17872838326969112,2020-10-08,VIDEO,N/A,False,https://www.instagram.com/p/CGD8qGtpZ6K/,"Join Rabbi Besser on Zoom Wednesdays 1pm, starting next week! See details on SCAtorah.org"
17919007522467598,2020-10-07,VIDEO,N/A,False,https://www.instagram.com/p/CGDvQfspDoI/,"Join Mrs. Miriam Wielgus on Zoom Mondays @10:30am, starting next week! See details on SCAtorah.org"
17883260419760068,2020-10-07,VIDEO,N/A,False,https://www.instagram.com/p/CGDhCFQJOXS/,Hag Sameah from @moreshet_yerushalayim !
17844247808398683,2020-10-06,IMAGE,N/A (not video),False,https://www.instagram.com/p/CGA3hWdJnNa/,Fall classes begin this Monday! All details on SCAtorah.org
18148929007079138,2020-10-02,CAROUSEL_ALBUM,N/A (not video),False,https://www.instagram.com/p/CF2k-SOJcp7/,"Guide to at home Sukkot Prayers By: Rabbi David M. Tawil ￼￼The holiday of Sukkot is known as ""זמן שמחתנו""- the time of our joy, and the prayers reflect this theme throughout. We recite the full Hallel with blessings each day. The Hoshanot are a unique ceremony to Sukkot, where we circle the Torah as a show of love for Hashem and His Torah. Except for Shabbat, we pray with our Lulav & Etrog. There are many special Misvot and prayers from which one can grow and inspire meaning in his/her life. Tak"
17943600865385410,2020-10-02,CAROUSEL_ALBUM,N/A (not video),False,https://www.instagram.com/p/CF0rxC6pD0T/,[SWIPE 👉🏻👉🏻] IMPORTANT UPDATE Regarding Testing & COVID-19
17892288076647921,2020-10-01,IMAGE,N/A (not video),False,https://www.instagram.com/p/CF0HWlPpOZ2/,"Fall 2020 Daytime Zoom Learning Program begins after Sukkot! Stay tuned for topics, zoom codes and more in the coming days!!!"
17846522186358736,2020-09-27,IMAGE,N/A (not video),False,https://www.instagram.com/p/CFp0gdZJtyl/,Your actions will save lives
17867717000043440,2020-09-27,CAROUSEL_ALBUM,N/A (not video),False,https://www.instagram.com/p/CFpBiDFpWu9/,"*LINK IN BIO TO PRINT* Guide for at home Yom Kippur Prayers By: Rabbi David M. Tawil ￼￼￼While praying with a Minyan is certainly an important and praiseworthy deed it does not supecede the requirement to stay safe and help keep others safe. As a result of the uptick in Covid-19 cases throughout the country and community, many are taking the proper steps to limit the spread by quarantining during this time. As a result, many will be alone at home on the day of Yom Kippur. One can fulfill majority"
17910326176490678,2020-09-25,IMAGE,N/A (not video),False,https://www.instagram.com/p/CFkN5ByJvcf/,COVID-19 YOM KIPPUR FASTING GUIDELINES
17936420221406539,2020-09-24,IMAGE,N/A (not video),False,https://www.instagram.com/p/CFh-ARBpPzP/,IMPORTANT COMMUNITY ADVISORY
17859677621126017,2020-09-24,IMAGE,N/A (not video),False,https://www.instagram.com/p/CFhLE8Opl5F/,Special class tonight put together by @bethtorahbk
17859422024136122,2020-09-22,IMAGE,N/A (not video),False,https://www.instagram.com/p/CFcxS3mJtZE/,A night of women’s learning in honor of Yom Kippur this Thursday night
17842597196400672,2020-09-17,IMAGE,N/A (not video),False,https://www.instagram.com/p/CFP1S4ZpQLI/,Repost @sy_doctornetwork  ・・・ How to NOT spread Covid.
18010281019290442,2020-09-17,IMAGE,N/A (not video),False,https://www.instagram.com/p/CFPdK8Gpqgm/,Posted @withregram • @moreshet_yerushalayim Amazing hike at עין פרת yesterday! #moreshet2021
18104625103197329,2020-09-15,IMAGE,N/A (not video),False,https://www.instagram.com/p/CFKFPS7pJ3B/,In person Habruta learning tomorrow night for women with special guest Rabbi Avi Harari! @allegrafranco_betmidrash
17905078129517855,2020-09-14,IMAGE,N/A (not video),False,https://www.instagram.com/p/CFH6cWkpGb8/,Special zoom class tonight with Rabbi Azancot!
17892783235620147,2020-09-14,IMAGE,N/A (not video),False,https://www.instagram.com/p/CFHl1iepWPv/,Rosh Hashanah- A Whole New World
17880586303759483,2020-09-13,IMAGE,N/A (not video),False,https://www.instagram.com/p/CFE0QyeJ8Je/,"To donate, text SCA to 44321 or visit donate.scaupdates.org"
17867226053023016,2020-09-11,VIDEO,N/A,False,https://www.instagram.com/p/CFAIZ8Yp8TI/,Mrs. Vivien Hidary will be part of Sunday’s Rosh Hashana Day of Learning on SCAtorah.org!
17869929721968108,2020-09-11,IMAGE,N/A (not video),False,https://www.instagram.com/p/CE_vQATpCQW/,We have some great classes specifically lined up for kids & young adults on Sunday’s Rosh Hashana Day of Learning on SCAtorah.org!
18101672011174680,2020-09-11,VIDEO,N/A,False,https://www.instagram.com/p/CE-lHq-p0py/,Mr. Joey Mosseri will be part of Sunday’s Rosh Hashana Day of Learning on SCAtorah.org!
17902581289530913,2020-09-11,VIDEO,N/A,False,https://www.instagram.com/p/CE-h7K_p8Av/,Mr. Joey Soffer will be part of Sunday’s Rosh Hashana Day of Learning on SCAtorah.org!
17875073425855954,2020-09-10,IMAGE,N/A (not video),False,https://www.instagram.com/p/CE-Odv8JRW3/,Schedule for Sunday’s Rosh Hashana Day of Learning is officially up! Check it out by visiting SCAtorah.org
17856203912170025,2020-09-10,IMAGE,N/A (not video),False,https://www.instagram.com/p/CE9ehC_J5Uj/,One of the many classes taking place on our Rosh Hashana virtual day of learning this Sunday! Full schedule will be released shortly on SCATorah.org!
17880074500757563,2020-09-07,IMAGE,N/A (not video),False,https://www.instagram.com/p/CE2g3x1picR/,Special zoom class tonight with Rabbi Azancot!
18101636110173693,2020-09-07,IMAGE,N/A (not video),False,https://www.instagram.com/p/CE1fAcAJhMx/,"This Sunday, 60+ virtual classes to choose from, streaming on SCATorah.org 🍎 🍯"
17883289798722899,2020-09-04,IMAGE,N/A (not video),False,https://www.instagram.com/p/CEuTa9eJp2n/,Update on the resurgence of COVID-19 in our community
17850200960305473,2020-09-01,IMAGE,N/A (not video),False,https://www.instagram.com/p/CEnO8beJVrd/,Let’s celebrate New Beginnings next Sunday with a Rosh Hashana Day of Learning
17861705516082465,2020-09-01,IMAGE,N/A (not video),False,https://www.instagram.com/p/CElKYhiJyQF/,Preparing for the High Holidays
17880906034754499,2020-08-31,CAROUSEL_ALBUM,N/A (not video),False,https://www.instagram.com/p/CEjnC7mJbvq/,"[SWIPE 👉🏻👉🏻] The following was written this weekend by SCA board member Ricky Novick:   “Grateful to the IDF” . Rachel and I are really grateful to the IDF on so many levels. With the corona pandemic, Israel isn’t allowing non Israeli citizens into the country, except for families of a bride or groom, families of lone soldiers and others with extenuating circumstances. We feel blessed that we received permission to enter the country and are able to spend 10 weeks in Israel (through the holidays)"
17910462856469554,2020-08-25,CAROUSEL_ALBUM,N/A (not video),False,https://www.instagram.com/p/CETxwnSJYDR/,[SWIPE 👉🏻👉🏻] Teaching throughout the summer is never easy...teaching throughout a COVID summer (where most classes were forced to go virtual) is nothing short of incredible. Rabbis and teachers deserve a tremendous amount of gratitude for all that they have done and continue to do for our community on a daily basis! 👏👏👏👏
17851902347207478,2020-08-24,IMAGE,N/A (not video),False,https://www.instagram.com/p/CERVjNhJu7O/,Join us tonight for this very important conversation about fighting anti-semitism
17870433169908141,2020-08-23,IMAGE,N/A (not video),False,https://www.instagram.com/p/CENvUM6p9oR/,Learn the meaning of the Selihot with Rabbi Albert Setton
17967983653324743,2020-08-20,IMAGE,N/A (not video),False,https://www.instagram.com/p/CEHO0W6JOuN/,Mega Learning Event tonight @larchwood_shul !
17895608074572950,2020-08-18,CAROUSEL_ALBUM,N/A (not video),False,https://www.instagram.com/p/CECHTx8pDD6/,[SWIPE 👉🏻👉🏻] HOW TO FIGHT ANTI-SEMITISM
18167924152049232,2020-08-17,IMAGE,N/A (not video),False,https://www.instagram.com/p/CD_fplfpLPu/,Women’s night of learning on Teshuba this Wednesday night! See @allegrafranco_betmidrash for details and sign up info
17885184328658258,2020-08-16,IMAGE,N/A (not video),False,https://www.instagram.com/p/CD865QOppQA/,"This Wednesday! Join us for an exciting conversation, Registration Required"
18109204222159640,2020-08-12,IMAGE,N/A (not video),False,https://www.instagram.com/p/CDy3J2-JLbf/,Season 3 of #SCAParashaOnThePorch concludes tomorrow with Rabbi Avi Harari!
17871856144887593,2020-08-10,IMAGE,N/A (not video),False,https://www.instagram.com/p/CDtj_O_Js4t/,Girls learning group tonight for 5th-10th grade girls @larchwood_shul ! @allegrafranco_betmidrash
17937595474383980,2020-08-10,IMAGE,N/A (not video),False,https://www.instagram.com/p/CDtcPYEJX_4/,Fall registration for @allegrafranco_betmidrash is now open! Check out their Instagram page for details
17872705030876384,2020-08-10,IMAGE,N/A (not video),False,https://www.instagram.com/p/CDtZInLJ114/,Join today’s perasha class with @vivienhidary dedicated in honor of our parents Ruthie and Joey Tawil who continually show us what it means to learn and grow
17867331691945779,2020-08-07,IMAGE,N/A (not video),False,https://www.instagram.com/p/CDmKtWKJxiF/,"SCA mourns the loss of renowned Talmudic scholar Rabbi Adin Even-Israel Steinsaltz זצ""ל, a beloved rabbi and teacher and a pioneer in Torah education. A prolific author, he was best known for his translation and commentary on the Talmud, making it accessible to so many people. תהיה נשמתו צרורה בצרור החיים, אמן"
18073972753213204,2020-08-06,IMAGE,N/A (not video),False,https://www.instagram.com/p/CDhv6NEpDS_/,Season 3 of #SCAParashaOnThePorch continues tomorrow with Rabbi Albert Setton!
18074885098208951,2020-08-05,IMAGE,N/A (not video),False,https://www.instagram.com/p/CDgfcr9JAXl/,
17903650084501530,2020-08-05,IMAGE,N/A (not video),False,https://www.instagram.com/p/CDgfV70p1gx/,
17891354083603944,2020-08-04,IMAGE,N/A (not video),False,https://www.instagram.com/p/CDeJDOhp5CB/,
18031135660274894,2020-08-04,IMAGE,N/A (not video),False,https://www.instagram.com/p/CDd9RDNpqEN/,
17874325090808979,2020-08-04,IMAGE,N/A (not video),False,https://www.instagram.com/p/CDd9N-pJMr6/,
17885274439660648,2020-08-02,IMAGE,N/A (not video),False,https://www.instagram.com/p/CDY8im0pGK9/,Please contact us if you’d like to use this Sefer
17844470477315267,2020-07-30,IMAGE,N/A (not video),False,https://www.instagram.com/p/CDSKcGcpjFn/,Next year in Jerusalem 🙏🏼🙏🏼🙏🏼
17867563615927846,2020-07-30,IMAGE,N/A (not video),False,https://www.instagram.com/p/CDR8oWCpGVI/,"A beautiful project with the Bet Hamikdash in Jerusalem made by Sophia L, age 8, in Bobby Brahas zoom art class for elementary school girls. May we all merit to see the day where this drawing comes alive!"
17919607975428675,2020-07-30,IMAGE,N/A (not video),False,https://www.instagram.com/p/CDRlWz8p6qZ/,Are you thinking of making Aliyah?
17849713598230290,2020-07-30,IMAGE,N/A (not video),False,https://www.instagram.com/p/CDP4-iJJqSq/,"Visit SCATorah.org for the schedule of our Rabbi Dr. Ezra Labaton A""H Annual Tish'a BeAb Virtual Day of Learning #SCAQuote"
17851236449166747,2020-07-28,IMAGE,N/A (not video),False,https://www.instagram.com/p/CDMZakSpaYG/,"For full schedule of times, topics, teachers & zoom links visit SCATorah.org"
17891550379590232,2020-07-28,IMAGE,N/A (not video),False,https://www.instagram.com/p/CDL2XaTpUM9/,
17862612862986356,2020-07-27,IMAGE,N/A (not video),False,https://www.instagram.com/p/CDKQE-BpL6z/,Stay tuned for the release of our full schedule of 50+ Tish’a BeAb classes on Thursday
17849866814212896,2020-07-27,IMAGE,N/A (not video),False,https://www.instagram.com/p/CDJOKzsJJuy/,
17893004215562112,2020-07-23,IMAGE,N/A (not video),False,https://www.instagram.com/p/CDANwxJJA39/,From Tears of Pain to Songs of Joy
17890535212592878,2020-07-23,IMAGE,N/A (not video),False,https://www.instagram.com/p/CC-yOoRpmFA/,
17852155370172511,2020-07-23,IMAGE,N/A (not video),False,https://www.instagram.com/p/CC-yKDgpuXQ/,#SCAParashaOnThePorch with Rabbi Richard Tobias!
17869678333843026,2020-07-23,IMAGE,N/A (not video),False,https://www.instagram.com/p/CC-yIrfJ2iy/,
17935313956385800,2020-07-22,IMAGE,N/A (not video),False,https://www.instagram.com/p/CC9f3AOpmOc/,A conversation with Mrs. Emily Labaton
17844269636289562,2020-07-22,IMAGE,N/A (not video),False,https://www.instagram.com/p/CC8LlAYpa8O/,
18072516187211181,2020-07-21,VIDEO,N/A,False,https://www.instagram.com/p/CC6RTMYJKeW/,"An exciting and creative fundraiser for SCA affiliate- Cong Magen David of Manhattan, in Downtown NYC. The first ever letter-by-letter crowdfunded Sefer Torah! Log on to CMDM's interactive platform and choose exactly the letters/pasuk/perek you want to buy in the Torah. Great way to dedicate in honor or memory of a loved one.  This is an especially important fundraiser for CMDM given the impact of Covid-19 on NYC in recent months. @magendavidmanhattan"
17941154713375526,2020-07-20,IMAGE,N/A (not video),False,https://www.instagram.com/p/CC32e5xplzJ/,Special @allegrafranco_betmidrash walk in sessions !
17890400650589662,2020-07-20,IMAGE,N/A (not video),False,https://www.instagram.com/p/CC3DjjnJ6A-/,
17844047996288080,2020-07-20,IMAGE,N/A (not video),False,https://www.instagram.com/p/CC3DiNXpQqQ/,
17865233134949026,2020-07-20,IMAGE,N/A (not video),False,https://www.instagram.com/p/CC3Df64JUbm/,
17912456416459171,2020-07-19,IMAGE,N/A (not video),False,https://www.instagram.com/p/CCziNGfptir/,
17849054087188812,2020-07-16,IMAGE,N/A (not video),False,https://www.instagram.com/p/CCtHGozJcq-/,
18153451987030586,2020-07-16,IMAGE,N/A (not video),False,https://www.instagram.com/p/CCtBGWkpSIE/,#SCAParashaOnThePorch with Rabbi Dr. Richard Hidary!
17846959763230738,2020-07-16,IMAGE,N/A (not video),False,https://www.instagram.com/p/CCs8AcAJAdN/,
17844472226274456,2020-07-15,IMAGE,N/A (not video),False,https://www.instagram.com/p/CCqTmNfJC4T/,Official schedule for season 3 of our annual #scaparashaontheporch which begins tomorrow!
17883958798646208,2020-07-15,IMAGE,N/A (not video),False,https://www.instagram.com/p/CCqRtsbpvhV/,
18151991725024839,2020-07-15,IMAGE,N/A (not video),False,https://www.instagram.com/p/CCqRsF1JZQR/,
17868826342843897,2020-07-14,IMAGE,N/A (not video),False,https://www.instagram.com/p/CCojv6Tprnm/,Mega Learning Event Tomorrow Night @larchwood_shul & @theideal_life !
18101747269163797,2020-07-14,IMAGE,N/A (not video),False,https://www.instagram.com/p/CCnzeLPp6SY/,
17903964058493571,2020-07-14,IMAGE,N/A (not video),False,https://www.instagram.com/p/CCnzZH4JJ0Z/,
17870364031844374,2020-07-14,IMAGE,N/A (not video),False,https://www.instagram.com/p/CCnzXGGJ6h4/,
17861719054988317,2020-07-13,IMAGE,N/A (not video),False,https://www.instagram.com/p/CClL5L0JUMK/,
17869966603863293,2020-07-13,IMAGE,N/A (not video),False,https://www.instagram.com/p/CClLwRvpYSu/,
18107997982150840,2020-07-13,IMAGE,N/A (not video),False,https://www.instagram.com/p/CClLNbmJCd0/,
17949645250356775,2020-07-12,IMAGE,N/A (not video),False,https://www.instagram.com/p/CCjRSLjpzvP/,Link in bio to sign up for this amazing program
17887160047607713,2020-07-12,CAROUSEL_ALBUM,N/A (not video),False,https://www.instagram.com/p/CCifzjTpoiz/,[SWIPE 👉🏻👉🏻] A LETTER FROM THE JERSEY SHORE RABBIS & COMMUNITY DOCTORS
17846380733232752,2020-07-10,IMAGE,N/A (not video),False,https://www.instagram.com/p/CCd715upnNq/,"To read the latest letter visit SCAtorah.org or read below:   FROM THE DOCTORS OF OUR COMMUNITY ​ ​  UPDATE ON RESURGENCE OF COVID-19 IN OUR COMMUNITY Although the low number of new cases over the last few months created the possibility for summer events and larger gatherings, it’s become clear over the last few days that the virus remains extremely contagious and active within our community. Over the past five days, there has been an alarming uptick of confirmed Covid-19 infections in our commu"
18068746723220227,2020-07-09,CAROUSEL_ALBUM,N/A (not video),False,https://www.instagram.com/p/CCbhT2rJ9oj/,Thank you @sbh_updates for compiling this!  Posted @withregram • @sbh_updates With the recent spike in COVID cases it is imperative that we maintain the health of ourselves and families. Do your part to wear a mask and keep socially distant when out of the house. If you or a family member is experiencing symptoms please call your primary care physician.
17904691957483091,2020-07-09,IMAGE,N/A (not video),False,https://www.instagram.com/p/CCayLkEpubW/,To end off today’s day of learning we’re having a panel with Rabbi Harold Sutton & Dr. Victor Grazi @larchwood_shul and on SCAtorah.org
17863989289944723,2020-07-08,IMAGE,N/A (not video),False,https://www.instagram.com/p/CCZG7j7JqbN/,"Full schedule of teachers, topics, times and zoom codes for 17 Tammuz Day of Learning tomorrow"
17903498530493017,2020-07-08,IMAGE,N/A (not video),False,https://www.instagram.com/p/CCYguVWpNNa/,
17871393235835593,2020-07-08,IMAGE,N/A (not video),False,https://www.instagram.com/p/CCYfqTmJIqV/,
17870709454816792,2020-07-08,IMAGE,N/A (not video),False,https://www.instagram.com/p/CCYfgRTJ_Qj/,
18036358336270384,2020-07-07,IMAGE,N/A (not video),False,https://www.instagram.com/p/CCWaDLVpMy4/,MEGA learning event tomorrow night @larchwood_shul !
18110281492080670,2020-07-07,IMAGE,N/A (not video),False,https://www.instagram.com/p/CCV5YJDJtPT/,
17857973543056689,2020-07-07,IMAGE,N/A (not video),False,https://www.instagram.com/p/CCV5U2wJRk6/,
17858496491042994,2020-07-07,IMAGE,N/A (not video),False,https://www.instagram.com/p/CCV5HC7J7i-/,
17858381198050641,2020-07-06,IMAGE,N/A (not video),False,https://www.instagram.com/p/CCUM7IapgrM/,"This Thursday, Fast of 17 Tammuz, join us for a day of learning"
17919132340430402,2020-07-06,IMAGE,N/A (not video),False,https://www.instagram.com/p/CCTJ5tLp_KE/,
17889376504580829,2020-07-06,IMAGE,N/A (not video),False,https://www.instagram.com/p/CCTJ4ziphgq/,
17875709314740052,2020-07-05,IMAGE,N/A (not video),False,https://www.instagram.com/p/CCRosNZJ-lE/,
18153795535013755,2020-07-05,CAROUSEL_ALBUM,N/A (not video),False,https://www.instagram.com/p/CCRDBoWp6av/,"[SWIPE 👉🏻👉🏻] Today we completed the Sefer Torah dedicated to the SCA in honor of Mr. Ezra Sultan by his wife Trina and thier children and grandchildren- officially ready for use for the community! Stay tuned for more details on how you can reserve this travel-Torah for your special occasion, or message us for details. Mabrook!"
17859106478021554,2020-07-03,IMAGE,N/A (not video),False,https://www.instagram.com/p/CCMG0xzpXaM/,Join Rabbi Sutton & Rabbi Dweck this Sunday!
17854576631102682,2020-07-03,IMAGE,N/A (not video),False,https://www.instagram.com/p/CCKRQrBJtPZ/,Full Schedule Coming Soon on SCAtorah.org
17932999906379528,2020-07-02,IMAGE,N/A (not video),False,https://www.instagram.com/p/CCJcjkHJq7l/,
17884287043627907,2020-07-02,IMAGE,N/A (not video),False,https://www.instagram.com/p/CCHsidkJfHk/,"Join us tomorrow to learn about “The Torah, The Constitution & July 4th” ✡️📜🇺🇸"
18041447941251981,2020-07-01,IMAGE,N/A (not video),False,https://www.instagram.com/p/CCGRs_6pAfM/,
17845313357220820,2020-07-01,IMAGE,N/A (not video),False,https://www.instagram.com/p/CCGRqXoJWgl/,
18066838816217166,2020-07-01,IMAGE,N/A (not video),False,https://www.instagram.com/p/CCGRoleJ8ak/,
17881826836647803,2020-06-30,IMAGE,N/A (not video),False,https://www.instagram.com/p/CCDzHW4p6o_/,
17853577181105990,2020-06-30,IMAGE,N/A (not video),False,https://www.instagram.com/p/CCDysqtJePk/,
17900196910493811,2020-06-30,IMAGE,N/A (not video),False,https://www.instagram.com/p/CCDyjICpcBR/,
17907993874464398,2020-06-30,IMAGE,N/A (not video),False,https://www.instagram.com/p/CCCmC3dp8e3/,Mishna Study starting a new Masekhet with Rabbi Barnathan. Link in bio to join
17869622662824045,2020-06-30,IMAGE,N/A (not video),False,https://www.instagram.com/p/CCCl1ImJE00/,Book Club with a chance to ask questions to the author herself!
17864041039902156,2020-06-30,IMAGE,N/A (not video),False,https://www.instagram.com/p/CCClrdMpwiZ/,Conversations on Race
17857910771031017,2020-06-29,IMAGE,N/A (not video),False,https://www.instagram.com/p/CCBZG7OJWq-/,
18123328381110658,2020-06-29,IMAGE,N/A (not video),False,https://www.instagram.com/p/CCBY-Ehpprz/,
17859984136999536,2020-06-29,IMAGE,N/A (not video),False,https://www.instagram.com/p/CCBYxfSp7EJ/,
18110094208081756,2020-06-29,IMAGE,N/A (not video),False,https://www.instagram.com/p/CB_-hIWJaTx/,Starting tomorrow!
17862679222939964,2020-06-25,IMAGE,N/A (not video),False,https://www.instagram.com/p/CB3c8j4pb0U/,We are pleased to announce that @rabbishlomofarhi will be speaking after each minyan this Shabbat at Hathaway!
17878995730671218,2020-06-24,IMAGE,N/A (not video),False,https://www.instagram.com/p/CB039-XpRuM/,Special Tonight with Rabbi Isaac Farhi !
18018292201280100,2020-06-23,IMAGE,N/A (not video),False,https://www.instagram.com/p/CBx_C0oJn4C/,Spots are limited. Registration required
17861629831922164,2020-06-22,IMAGE,N/A (not video),False,https://www.instagram.com/p/CBvQQGuJQSq/,Join us today for Mrs. Vivien Hidary’s virtual weekly Perasha class
17967818635313435,2020-06-21,IMAGE,N/A (not video),False,https://www.instagram.com/p/CBrhVUOpyIq/,Because it’s unsafe to attend in person the Annual Celebrate Israel Parade is virtual this year! #TodahFrontLineHeroes
17892025141555544,2020-06-19,CAROUSEL_ALBUM,N/A (not video),False,https://www.instagram.com/p/CBnfEi4Ja0g/,"“ @ujafedny What community looks like 👉 A group of 10 Sephardic women launched an initiative this month called #UJAmoms4moms to donate, collect, pack, and distribute baby products for parents in need through our partners @metcouncil and @marksjch. - Here's the mitzvah-by-the-numbers 👇: 🍼 118,224 diapers 🍼 1,854 wipes 🍼 507 bottles of baby formula 🍼 205 bibs 🍼 200 baby toys 🍼 50 tubes ointment 🍼 50 baby soap sets - Support #UJAmoms4moms at nyjewi.sh/UJAmoms4moms “"
17844495218228106,2020-06-17,IMAGE,N/A (not video),False,https://www.instagram.com/p/CBijK-jpmO-/,22nd Annual @bethtorahbk Siyum tonight
17890564987546068,2020-06-16,IMAGE,N/A (not video),False,https://www.instagram.com/p/CBgHhrAJI_j/,"Summer 2020, Here We Come!"
17847076223183835,2020-06-16,IMAGE,N/A (not video),False,https://www.instagram.com/p/CBfv9QJpSZ8/,Tomorrow night we’re going to virtually celebrate TWO siyumim with @bethtorahbk - one will be for finishing the 5 Megilot with Rabbi Matalon and the second will be for Shas Mishnayot (which took over 7 years to complete!) with Rabbi Mizrachi.
17877180754713993,2020-06-15,IMAGE,N/A (not video),False,https://www.instagram.com/p/CBdh5CPpcZ_/,New Masechet of MishnaStudy begins tomorrow! Link in bio to sign up!
17917869307426570,2020-06-10,IMAGE,N/A (not video),False,https://www.instagram.com/p/CBRHi6ipa4e/,"In this remarkably moving memoir Ariana Neumann dives into the secrets of her father’s past: years spent hiding in plain sight in war-torn Berlin, the annihilation of dozens of family members in the Holocaust, and the courageous choice to build anew. **Join us June 30th for this special author event!**"
17876887441718999,2020-06-10,IMAGE,N/A (not video),False,https://www.instagram.com/p/CBQKaUqJkRs/,Barukh Dayan HaEmet: Rabbi Dr. José Faur. . Funeral Zoom ID: 818-6830-2992 (starts 7:45am NY time not 9;00am)
18032583007267354,2020-06-09,IMAGE,N/A (not video),False,https://www.instagram.com/p/CBN7jcXJ7rX/,"With all that is going on, it’s time to focus on love and responsibility"
18037089244256690,2020-06-04,IMAGE,N/A (not video),False,https://www.instagram.com/p/CBA3c9wJn2z/,A letter from Brigit & David Mandalaoui
18066392488212847,2020-06-02,IMAGE,N/A (not video),False,https://www.instagram.com/p/CA76i_xpQ90/,New Masechet of MishnaStudy begins today!
17935355518373899,2020-06-02,IMAGE,N/A (not video),False,https://www.instagram.com/p/CA7yLXfJLxl/,Let’s say thank you!
17946644629351348,2020-06-01,IMAGE,N/A (not video),False,https://www.instagram.com/p/CA53QCGJTKk/,Class with Rabbi Ely Matalon #SCALearningNeverStops
17863756411883068,2020-06-01,IMAGE,N/A (not video),False,https://www.instagram.com/p/CA5Ijd1JU1G/,"Above all, please stay safe"
18120354640099762,2020-05-31,IMAGE,N/A (not video),False,https://www.instagram.com/p/CA3t6TCpJhf/,Time to go back to the basics- Let’s learn about Tefilah 🙏🏼
17855091026012314,2020-05-28,IMAGE,N/A (not video),False,https://www.instagram.com/p/CAviDdcJgCz/,Link in bio... Tizku LeShanim Rabbot!
17863830754868013,2020-05-27,CAROUSEL_ALBUM,N/A (not video),False,https://www.instagram.com/p/CAskDCTpfBY/,[SWIPE 👉🏻👉🏻] Tonight is our grand finale of our 3 nights of preparation for Shabuot!
17883437170578000,2020-05-26,IMAGE,N/A (not video),False,https://www.instagram.com/p/CApzanYgBIn/,Class with Rabbi Ikey Tawil  #SCALearningNeverStops
18037172422250449,2020-05-26,IMAGE,N/A (not video),False,https://www.instagram.com/p/CAptXTtA-HU/,Tonight is our second night of learning in preparation for Shabuot! Visit SCATorah.org to partake in these amazing classes!
17856980959961188,2020-05-25,IMAGE,N/A (not video),False,https://www.instagram.com/p/CAnce8XpS5S/,"This Memorial Day, take a moment to remember that our community sacrificed theirs lives as well to defend 🇺🇸🇺🇸🇺🇸"
17889952852527075,2020-05-25,IMAGE,N/A (not video),False,https://www.instagram.com/p/CAm9QGng1Cc/,"Get your pens & pencils out to take notes on *GREAT CLASSES* because The SCA & @tanachstudy are proud to present a 3-night learning program in preparation for Shabuot, starting tonight!"
17845093952165002,2020-05-24,IMAGE,N/A (not video),False,https://www.instagram.com/p/CAlXYnepeQD/,Shahrit on Zoom @larchwood_shul
18068381146205630,2020-05-22,IMAGE,N/A (not video),False,https://www.instagram.com/p/CAfgwJag-Bi/,Details coming very soon...
17862440503893381,2020-05-22,IMAGE,N/A (not video),False,https://www.instagram.com/p/CAfV2ZhAQVp/,🇮🇱🇮🇱🇮🇱 Yom Yerushalayim classes all day long! 🇮🇱🇮🇱🇮🇱
17881067272606874,2020-05-21,VIDEO,N/A,False,https://www.instagram.com/p/CAdjZfTgAtI/,Yom Yerushalayim classes all day tomorrow- check out SCATorah.org for full schedule!
17845681031124593,2020-05-21,IMAGE,N/A (not video),False,https://www.instagram.com/p/CAdMvb5JI6d/,Mabrook to SCA board member Allen Shalam on his marriage yesterday to Deborah Tawil (now Shalam!) May you keep up the great work you do for the community and build a Bayit Ne-Eman BeYisrael!
17884393138578732,2020-05-21,IMAGE,N/A (not video),False,https://www.instagram.com/p/CAc9frKAmir/,🇮🇱 Tonight!!! 🇮🇱
18141476293042629,2020-05-21,IMAGE,N/A (not video),False,https://www.instagram.com/p/CAbimvRgYku/,Shahrit on zoom @shaareshalom
17858037139914044,2020-05-20,VIDEO,N/A,False,https://www.instagram.com/p/CAappgzA77u/,Yom Yerushalayim Celebration’s tomorrow night & Friday is in loving memory of Louis Shamie Eliyahu Ben Salha A”H by his wife Lorraine & family
17852821328046500,2020-05-20,IMAGE,N/A (not video),False,https://www.instagram.com/p/CAagvFyJhTU/,"Stoop Talk tomorrow night @ 6:00pm with Mr. Joey Shamah, past president of SCA!"
18104517688094212,2020-05-20,IMAGE,N/A (not video),False,https://www.instagram.com/p/CAaOy_Ng6RD/,A lot of great Shabuot learning coming your way soon!!
17852948927015383,2020-05-19,IMAGE,N/A (not video),False,https://www.instagram.com/p/CAY0jgcJV2k/,Class with Rabbi Yehuda A. Azancot  #SCALearningNeverStops
17856953881944821,2020-05-19,IMAGE,N/A (not video),False,https://www.instagram.com/p/CAYkd24p-JO/,Not your Typical Class!! Next Weds Night 5/27 @8pm Experience the Allegra Franco Bet Midrash virtually. Register to choose which Habura (small group) you will learn with! Link is in @allegrafranco_betmidrash bio
17857310473964271,2020-05-19,IMAGE,N/A (not video),False,https://www.instagram.com/p/CAYMQxJpDBa/,"Today Trina Sultan and her children and grandchildren dedicated a travel-sized Torah in honor of Mr. Ezra Sultan’s 80th Birthday to the SCA! While it’s still en route from Israel, (#CoronaDelays) the Torah will soon be available for use for our affiliate organizations to use as needed, or for families whose bar mitzvah plans may have changed and they are finding themselves having celebrations at home. Stay tuned for details on how to borrow this special Torah."
17854048577022292,2020-05-19,IMAGE,N/A (not video),False,https://www.instagram.com/p/CAYDLSZpKZO/,Shahrit on Zoom @magendavidmanhattan
18134641708068564,2020-05-19,IMAGE,N/A (not video),False,https://www.instagram.com/p/CAXyrnNAF8U/,"All day Friday we will be hosting virtual classes about Yom Yerushalayim. Starting with a virtual Shahrit at 8:00am and going all day long, what better way to take us into Shabbat spirit than learning about the history and beauty of Yerushalayim. All classes are in loving memory of Louis Shamie Eliyahu Ben Salha A""H by his wife Lorraine & family and will be streaming on SCATorah.org"
17897710360491060,2020-05-18,IMAGE,N/A (not video),False,https://www.instagram.com/p/CAWTSNhJp7n/,Class with Rabbi Jack Savdie  #SCALearningNeverStops
17845375289134943,2020-05-18,IMAGE,N/A (not video),False,https://www.instagram.com/p/CAWJPp0prAU/,Shahrit on Zoom @magendavidsynagogue
17864813578824619,2020-05-18,IMAGE,N/A (not video),False,https://www.instagram.com/p/CAVrV7rJitt/,Class with Rabbi Avi Harari  #SCALearningNeverStops
18100782562151127,2020-05-18,IMAGE,N/A (not video),False,https://www.instagram.com/p/CAVlJygplf5/,Join us this Thursday night as we celebrate Yom Yerushalayim!
17865496882819740,2020-05-18,IMAGE,N/A (not video),False,https://www.instagram.com/p/CAT-L7HJJ4X/,"Released May 17th, 2020"
17854945867995939,2020-05-17,IMAGE,N/A (not video),False,https://www.instagram.com/p/CATF2LoJxzw/,Shahrit on Zoom @kolisraelcongregation
17844659300155635,2020-05-17,IMAGE,N/A (not video),False,https://www.instagram.com/p/CARThW2AY8F/,Shahrit on Zoom @bethtorahbk
17896994389494183,2020-05-15,IMAGE,N/A (not video),False,https://www.instagram.com/p/CANs5x7JkWY/,Class with Hakham Shimon Alouf #SCALearningNeverStops
17888449081551425,2020-05-15,IMAGE,N/A (not video),False,https://www.instagram.com/p/CANXzZsAkY2/,Class with Rabbi Victor Mosseri  #SCALearningNeverStops
17854645891989883,2020-05-15,IMAGE,N/A (not video),False,https://www.instagram.com/p/CANFysMANVx/,Shahrit on zoom @our_synagogues
17852734547029960,2020-05-14,IMAGE,N/A (not video),False,https://www.instagram.com/p/CALeABMp3ks/,Tonight @ 8:00pm!
17868483421763880,2020-05-14,IMAGE,N/A (not video),False,https://www.instagram.com/p/CALcuITpJQ1/,Class with Dr. Murray Mizrachi #SCALearningNeverStops
17893269697509385,2020-05-14,IMAGE,N/A (not video),False,https://www.instagram.com/p/CALP9ukJWlm/,Buckle up for a fantastic program we’re putting together for next Thursday night and Friday in celebration of Yom Yerushalayim! 🇮🇱🇮🇱🇮🇱
17873265172716151,2020-05-13,IMAGE,N/A (not video),False,https://www.instagram.com/p/CAJPWbsJf_l/,Shahrit on Zoom
17851518485058301,2020-05-13,IMAGE,N/A (not video),False,https://www.instagram.com/p/CAIpWppJxnb/,Class with Rabbi Charles Safdieh  #SCALearningNeverStops
18033941923262394,2020-05-13,IMAGE,N/A (not video),False,https://www.instagram.com/p/CAIKLSggbzI/,Class with Rabbi Naftali Besser  #SCALearningNeverStops
18035444560255952,2020-05-12,IMAGE,N/A (not video),False,https://www.instagram.com/p/CAFcvAHA4di/,Class with Rabbi Moshe Shamah #SCALearningNeverStops
18020276617274678,2020-05-11,IMAGE,N/A (not video),False,https://www.instagram.com/p/CAEMQaXgdl1/,@safra_synagogue_nyc Shahrit on Zoom
18103751662085566,2020-05-11,IMAGE,N/A (not video),False,https://www.instagram.com/p/CADQ82dJ99_/,Class with Mrs. Vivien Hidary #SCALearningNeverStops
17858268097909480,2020-05-11,CAROUSEL_ALBUM,N/A (not video),False,https://www.instagram.com/p/CAC7PNkAy5M/,Swipe 👉🏻👉🏻 to see SCA Affiliate Lag LaOmer events!
17842662650169690,2020-05-10,IMAGE,N/A (not video),False,https://www.instagram.com/p/B__R09OA9Bg/,Shahrit on Zoom
17851755158027511,2020-05-07,IMAGE,N/A (not video),False,https://www.instagram.com/p/B_4xs5egPc_/,Class with @rabbishlomofarhi  #SCALearningNeverStops
17845769057104592,2020-05-06,CAROUSEL_ALBUM,N/A (not video),False,https://www.instagram.com/p/B_24O0lp76O/,"RePosted • @ujafedny What you're about to read is difficult, but even amid these unimaginable circumstances, we must continue to provide dignity and respect to those around us — including those we have lost.⠀ -⠀ We've suffered tremendous loss due to this crisis and many have passed away alone, without family or friends to kiss them goodbye and whisper words of love. So when we can no longer sustain life, how do we help those who are desperately seeking to honor the dead?⠀ -⠀ Faced with this deep"
17921972167398763,2020-05-06,IMAGE,N/A (not video),False,https://www.instagram.com/p/B_2edG6Jh3o/,Class with Rabbi Richard Tobias #SCALearningNeverStops
17885997583549167,2020-05-05,CAROUSEL_ALBUM,N/A (not video),False,https://www.instagram.com/p/B_0tPWlJzyp/,Today is Giving Tuesday Now!  Please help SCA continue serving the community.  Send us a donation today by Venmo @ SephardicCommunityAlliance or by visiting our website at SCAupdates.org/donate. Every donation helps. Big or small!  If you’d like to dedicate a week ($3600) or a day ($1000) of programming please email us the dedication details info@scaupdates.org and we will include on our site and posts.  Thanks to all who have supported and continue to support!
18087103063198602,2020-05-03,VIDEO,N/A,False,https://www.instagram.com/p/B_vRWnrJ3Ex/,[SWIPE 👉🏻👉🏻] “The follow up visit” of our doctors answering all your COVID 19 Questions tomorrow night @ 8:00pm in partnership with @ujafedny @sbh_updates @thecenterscc
18054297217231629,2020-05-03,CAROUSEL_ALBUM,N/A (not video),False,https://www.instagram.com/p/B_u4FSjJKcC/,[SWIPE 👉🏻👉🏻] “The follow up visit” of our doctors answering all your COVID 19 Questions tomorrow night @ 8:00pm in partnership with @ujafedny @sbh_updates @thecenterscc
17875493563652511,2020-05-03,CAROUSEL_ALBUM,N/A (not video),False,https://www.instagram.com/p/B_uor0Fp0IP/,[SWIPE 👉🏻👉🏻] “The follow up visit” of our doctors answering all your COVID 19 Questions tomorrow night @ 8:00pm in partnership with @ujafedny @sbh_updates @thecenterscc
17852900933008282,2020-05-03,CAROUSEL_ALBUM,N/A (not video),False,https://www.instagram.com/p/B_tUlLVJwZI/,[SWIPE 👉🏻👉🏻] “The follow up visit” of our doctors answering all your COVID 19 Questions this Monday night @ 8:00pm in partnership with @ujafedny @sbh_updates @thecenterscc
17870820136728186,2020-05-03,CAROUSEL_ALBUM,N/A (not video),False,https://www.instagram.com/p/B_tUJjoJEQC/,[SWIPE 👉🏻👉🏻] “The follow up visit” of our doctors answering all your COVID 19 Questions this Monday night @8:00pm in partnership with @ujafedny @sbh_updates @thecenterscc
17866794385745180,2020-05-03,IMAGE,N/A (not video),False,https://www.instagram.com/p/B_tPsfvp9-8/,“The follow up visit” of our doctors answering all your COVID 19 Questions this Monday night @8:00pm in partnership with @ujafedny @sbh_updates @thecenterscc
17881165330592741,2020-04-30,IMAGE,N/A (not video),False,https://www.instagram.com/p/B_nye5mJ8K6/,MishnaStudy.com starting a new Masechet tomorrow in loving memory of Sharon Wahba A”H
17892994342493467,2020-04-29,CAROUSEL_ALBUM,N/A (not video),False,https://www.instagram.com/p/B_kpWokpgWd/,"Get the most updated, accurate and crucial information on COVID-19 with the Doctors Speak Webinar. They'll touch upon COVID-19 misconceptions, obtaining treatment, plasma testing, further prevention and more. Join TONIGHT  @7:30pm for a virtual session you won't want to miss, thanks to organizations that we partnered with on this event: @ujafedny @thecenterscc @sbh_updates"
18109049893126621,2020-04-29,IMAGE,N/A (not video),False,https://www.instagram.com/p/B_kJj8_pSsJ/,Happy Yom Haasmaut! Join us for a day of celebration by visiting SCAtorah.org all day!
17871023308699496,2020-04-28,IMAGE,N/A (not video),False,https://www.instagram.com/p/B_iyt81pywJ/,Special Day of Celebration Tomorrow in Honor of Yom Haasmaut 2020! SCATorah.org
17871361228711408,2020-04-28,IMAGE,N/A (not video),False,https://www.instagram.com/p/B_hu4vSJPkY/,Very special conversation tonight between @rabbishlomofarhi of @safra_synagogue_nyc & his father Rabbi Isaac Farhi of Hathaway who served in the IDF
17862918679830400,2020-04-27,IMAGE,N/A (not video),False,https://www.instagram.com/p/B_gGCtjJgyK/,Yom hazikaron & Yom Haasmaut @larchwood_shul
17844818300110619,2020-04-27,IMAGE,N/A (not video),False,https://www.instagram.com/p/B_fung7JDfk/,Virtually Celebrate Yom Haasmaut this Wednesday morning @bethtorahbk @kolisraelcongregation @tanachstudy
18102308179090892,2020-04-27,VIDEO,N/A,False,https://www.instagram.com/p/B_fm-8yJWuf/,We’re proud to partner with so many community organizations tomorrow night in celebration of Yom Haasmaut!  @thecenterscc @aipac @dealdsn @hillelyeshiva @welovemdy @welovemdyhs @magendavidofficial @barkaiyeshiva
17869966714727522,2020-04-27,IMAGE,N/A (not video),False,https://www.instagram.com/p/B_fQmoCJJHG/,Supporting each other & supporting ourselves @magendavidmanhattan
17864337475770300,2020-04-27,IMAGE,N/A (not video),False,https://www.instagram.com/p/B_fCsecpNEn/,Class with Mrs. Vivien Hidary #SCALearningNeverStops
17913700783421069,2020-04-26,CAROUSEL_ALBUM,N/A (not video),False,https://www.instagram.com/p/B_ckNgSpqvF/,[Swipe] Today’s the big day! Over 60 Yom Haasmaut classes is teachers from across the community! All classes are donated in memory of Mr. Stanley Chera A”H by the Chera Family. Full schedule and links to all classes can be found on SCATorah.org! 🇮🇱🇮🇱🇮🇱
17859237835893395,2020-04-26,VIDEO,N/A,False,https://www.instagram.com/p/B_bMVPaJE0n/,Rabbi Joseph Beyda is going to be a part of Sunday’s Yom Haasmaut Day of Learning! For full schedule visit SCAtorah.org!
17854094476943140,2020-04-26,VIDEO,N/A,False,https://www.instagram.com/p/B_bMSMOJgvX/,Ms. Cynthia Benun is going to be a part of Sunday’s Yom Haasmaut Day of Learning! For full schedule visit SCAtorah.org!
17853720178973213,2020-04-26,VIDEO,N/A,False,https://www.instagram.com/p/B_bLarRJonv/,Mrs. Danielle Hazan is going to be a part of Sunday’s Yom Haasmaut Day of Learning! For full schedule visit SCAtorah.org!
17884670767544828,2020-04-26,VIDEO,N/A,False,https://www.instagram.com/p/B_bKLyVJ82-/,Mrs. Rachel Abraham is going to be a part of Sunday’s Yom Haasmaut Day of Learning! For full schedule visit SCAtorah.org!
18092910529160512,2020-04-26,VIDEO,N/A,False,https://www.instagram.com/p/B_bKH0YJE01/,Captain Yaakov Selavan is going to be a part of Sunday’s Yom Haasmaut Day of Learning! For full schedule visit SCAtorah.org!
18085843468195727,2020-04-24,VIDEO,N/A,False,https://www.instagram.com/p/B_YQ5VtJwDC/,Mr. Michael Franco is going to be a part of Sunday’s Yom Haasmaut Day of Learning! For full schedule visit SCAtorah.org!
18059901247221782,2020-04-24,VIDEO,N/A,False,https://www.instagram.com/p/B_YHM1-pllD/,Mrs. Doris Cohen is going to be a part of Sunday’s Yom Haasmaut Day of Learning! For full schedule visit SCAtorah.org!
17918150770408804,2020-04-24,VIDEO,N/A,False,https://www.instagram.com/p/B_YBByEJ1Ft/,Rabbi Moshe Shamah is going to be a part of Sunday’s Yom Haasmaut Day of Learning! For full schedule visit SCAtorah.org!
18085524919195773,2020-04-24,VIDEO,N/A,False,https://www.instagram.com/p/B_X7Ci0JKdX/,Rabbi Nathan & Mrs. Clarice Zaboulani are going to be a part of Sunday’s Yom Haasmaut Day of Learning! For full schedule visit SCAtorah.org!
17863814623787742,2020-04-24,VIDEO,N/A,False,https://www.instagram.com/p/B_X2GIzJ7-v/,Mr. Joey Mosseri is going to be a part of Sunday’s Yom Haasmaut Day of Learning! For full schedule visit SCAtorah.org!
17880267562597431,2020-04-24,VIDEO,N/A,False,https://www.instagram.com/p/B_XvoYHJj3d/,Ms. Adele Chabot is going to be a part of Sunday’s Yom Haasmaut Day of Learning! For full schedule visit SCAtorah.org!
17844850004096969,2020-04-24,VIDEO,N/A,False,https://www.instagram.com/p/B_XsrMXJb_j/,Rabbi David Tawil is going to be a part of Sunday’s Yom Haasmaut Day of Learning! For full schedule visit SCAtorah.org!
18139191181047902,2020-04-24,VIDEO,N/A,False,https://www.instagram.com/p/B_XoV2WpsSu/,Ms. Charlotte Harary is going to be a part of Sunday’s Yom Haasmaut Day of Learning! For full schedule visit SCAtorah.org!
17854819648932302,2020-04-24,VIDEO,N/A,False,https://www.instagram.com/p/B_XnmDrJp0I/,Rabbi Yohai Cohen is going to be a part of Sunday’s Yom Haasmaut Day of Learning! For full schedule visit SCAtorah.org!
17874364105650138,2020-04-24,VIDEO,N/A,False,https://www.instagram.com/p/B_Xlpr0Joe_/,Mr. Paul Kopyt is going to be a part of Sunday’s Yom Haasmaut Day of Learning! For full schedule visit SCAtorah.org!
17856236029929577,2020-04-24,IMAGE,N/A (not video),False,https://www.instagram.com/p/B_XjC6WplT1/,Special Israel Day program today @our_synagogues !
17842911614136673,2020-04-24,VIDEO,N/A,False,https://www.instagram.com/p/B_XifhvJryT/,Mrs. Vivien Hidary is going to be a part of Sunday’s Yom Haasmaut Day of Learning! For full schedule visit SCAtorah.org!
17905157473445369,2020-04-24,VIDEO,N/A,False,https://www.instagram.com/p/B_XTcaEJWCK/,Rabbi Naftali Besser is going to be a part of Sunday’s Yom Haasmaut Day of Learning! For full schedule visit SCAtorah.org!
17843389466121319,2020-04-24,IMAGE,N/A (not video),False,https://www.instagram.com/p/B_XH9b6JlQa/,Class with Hakham Shimon Alouf #SCALearningNeverStops
17936530594363653,2020-04-24,VIDEO,N/A,False,https://www.instagram.com/p/B_WK08AJEvV/,@nachliel_selavan is going to be a part of Sunday’s Yom Haasmaut Day of Learning! For full schedule visit SCAtorah.org!
18116769508099251,2020-04-24,VIDEO,N/A,False,https://www.instagram.com/p/B_V9LZ5JniZ/,Rabbi Ike Hanon is going to be a part of Sunday’s Yom Haasmaut Day of Learning! For full schedule visit SCAtorah.org!
17855090854947147,2020-04-23,IMAGE,N/A (not video),False,https://www.instagram.com/p/B_VzAh-pR_3/,"Join us this Sunday as we Celebrate the State of Israel as a community, through classes ALL. DAY. LONG. Classes will be streamed at SCATorah.org!"
17924852677389698,2020-04-23,CAROUSEL_ALBUM,N/A (not video),False,https://www.instagram.com/p/B_VxcSEpzRR/,"SCA founders Mr. Morris Bailey, Mr. Joe Cayre & Mr. Stanley Chera A""H being honored as part of our 10 year anniversary celebration in summer 2018 #SmileForPapa"
17912653060413383,2020-04-23,VIDEO,N/A,False,https://www.instagram.com/p/B_VtIYpJe_N/,Mrs. Miriam Tawil is going to be a part of Sunday’s Yom Haasmaut Day of Learning! For full schedule visit SCAtorah.org!
17882112046577024,2020-04-23,VIDEO,N/A,False,https://www.instagram.com/p/B_VoFzZp7UF/,You’re going to want to watch this one till the very end 😂😂😂 .... Rabbi Ikey & Mrs. Rachelle Tawil are going to be a part of Sunday’s Yom Haasmaut Day of Learning! For full schedule visit SCAtorah.org!
17847774506070907,2020-04-23,VIDEO,N/A,False,https://www.instagram.com/p/B_VbR3cJwin/,Mrs. Norma Chehabar is going to be a part of Sunday’s Yom Haasmaut Day of Learning! For full schedule visit SCAtorah.org!
17860656505852068,2020-04-23,IMAGE,N/A (not video),False,https://www.instagram.com/p/B_VWTQMJyON/,We encourage all to sign up for this world wide event of learning Torah together!
17849688803014621,2020-04-23,IMAGE,N/A (not video),False,https://www.instagram.com/p/B_VSUXAJvj3/,Class with Rabbi Ikey Tawil #SCALearningNeverStops
17917127155410458,2020-04-23,VIDEO,N/A,False,https://www.instagram.com/p/B_VOFU7Jtsb/,Mr. Joey Soffer is going to be a part of Sunday’s Yom Haasmaut Day of Learning! For full schedule visit SCAtorah.org!
17873285707656974,2020-04-23,VIDEO,N/A,False,https://www.instagram.com/p/B_U60Csp-LK/,Rabbi Moses Haber is going to be a part of Sunday’s Yom Haasmaut Day of Learning! For full schedule visit SCAtorah.org!
18100446112133230,2020-04-23,CAROUSEL_ALBUM,N/A (not video),False,https://www.instagram.com/p/B_U6lOXJmVy/,"Swipe for 60+ morning, afternoon & night classes this Sunday in honor of Yom Haasmaut! To download full schedule visit SCAtorah.org!"
18017717974278616,2020-04-22,IMAGE,N/A (not video),False,https://www.instagram.com/p/B_S0zRtAuub/,Class with Rabbi Jack Bassoul #SCALearningNeverStops
17876257543621053,2020-04-22,CAROUSEL_ALBUM,N/A (not video),False,https://www.instagram.com/p/B_SXqClJ3Kr/,[SWIPE 👉🏻👉🏻] This Sunday is going to be amazing...full day of learning about Yom Haasmaut!
18101915950185832,2020-04-22,IMAGE,N/A (not video),False,https://www.instagram.com/p/B_SKrsLJz2h/,Class with Rabbi Richard Tobias #SCALearningNeverStops
17895139426486633,2020-04-21,CAROUSEL_ALBUM,N/A (not video),False,https://www.instagram.com/p/B_QJPQ0ptnO/,FROM THE DOCTORS OF OUR COMMUNITY- Reaffirmation of Current Social Distancing Practices in NY/NJ. To download this letter many many other visit SCAtorah.org
17872819213660430,2020-04-21,IMAGE,N/A (not video),False,https://www.instagram.com/p/B_P4cT8JbqE/,Class with Rabbi Isaac Farhi (please note that new code is: 378-890-4976) #SCALearningNeverStops
17864342146762778,2020-04-21,IMAGE,N/A (not video),False,https://www.instagram.com/p/B_PoYERpffB/,Commemorate Yom Hashoah with @larchwood_shul
17849164754037450,2020-04-20,IMAGE,N/A (not video),False,https://www.instagram.com/p/B_N9rKTpjxZ/,Class with Mr. Joseph Salem #SCALearningNeverStops
17882071612566353,2020-04-20,IMAGE,N/A (not video),False,https://www.instagram.com/p/B_NnKyCJ0q6/,Tomorrow at 10am please join us as we zoom with Holocaust survivor Manny Lindenbaum
17948820073329189,2020-04-20,IMAGE,N/A (not video),False,https://www.instagram.com/p/B_M_6fbpJJs/,Class with Rabbi Joseph Beyda #SCALearningNeverStops
18101361505080597,2020-04-20,IMAGE,N/A (not video),False,https://www.instagram.com/p/B_M29UhpUYO/,Celebrating the State of Israel as a Community 🇮🇱 🇮🇱 🇮🇱
17933834854368015,2020-04-20,IMAGE,N/A (not video),False,https://www.instagram.com/p/B_LpPbvpCaB/,Class with Rabbi Mimone Mamane #SCALearningNeverStops
17875896499625047,2020-04-19,CAROUSEL_ALBUM,N/A (not video),False,https://www.instagram.com/p/B_LfLj1prk0/,[SWIPE 👉🏻👉🏻] If you’re a woman passionate about learning Torah then the newly structured Allegra Franco Bet Midrash & Career Fellowship is for you!  Join us for a zoom session this Weds 4/22 @8pm to learn about this incredible new program and how you can be a part of it!
18102147067084726,2020-04-19,IMAGE,N/A (not video),False,https://www.instagram.com/p/B_KzJvnJdyI/,Commemorate Yom Hashoah with @yofhs
18030502201260524,2020-04-19,IMAGE,N/A (not video),False,https://www.instagram.com/p/B_Kmw_TpUqk/,Commemorate Yom Hashoah with @welovemdyhs
18093063505165540,2020-04-19,IMAGE,N/A (not video),False,https://www.instagram.com/p/B_KM-TeJk2L/,Commemorate Yom Hashoah with @bethtorahbk tomorrow night
17845705646081643,2020-04-19,IMAGE,N/A (not video),False,https://www.instagram.com/p/B_JZ-OZp4w6/,Class with Rabbi Dr. Richard Hidary #SCALearningNeverStops
18137911081028675,2020-04-19,IMAGE,N/A (not video),False,https://www.instagram.com/p/B_JY7jiJ8cY/,Class with Rabbi Yehuda A. Azancot #SCALearningNeverStops
17877352522609685,2020-04-19,IMAGE,N/A (not video),False,https://www.instagram.com/p/B_JYsyEpI5S/,Class with Rabbi Avi Harari #SCALearningNeverStops
17872515232631984,2020-04-19,CAROUSEL_ALBUM,N/A (not video),False,https://www.instagram.com/p/B_JGyr3Jjvq/,Incredible Community-Wide Yom Ha’asmaut program happening next week!
18095617831153798,2020-04-17,IMAGE,N/A (not video),False,https://www.instagram.com/p/B_FwQltJt16/,A Man Who Made a Difference
18128857300068721,2020-04-13,VIDEO,N/A,False,https://www.instagram.com/p/B-8JPf6Jos9/,MishnaStudy.com
17848685954025164,2020-04-13,IMAGE,N/A (not video),False,https://www.instagram.com/p/B-6-IB-psDj/,"Join us tonight as we kick off a new serious, continuing the tradition of learning Pirqe Abot on the Omer!"
17931591178371950,2020-04-12,IMAGE,N/A (not video),False,https://www.instagram.com/p/B-5dkqBpHSG/,Barukh Dayan HaEmet Hakham Eliyahu Bakshi Doron
17854521919927918,2020-04-12,IMAGE,N/A (not video),False,https://www.instagram.com/p/B-3SeG0JlfT/,"It is with tremendous sorrow that we mourn the loss of one of our founders, Mr Stanley I. Chera. His great love for our community was matched only by his tireless work on behalf of it. He will be greatly missed as a leader, a visionary, a benefactor, and a beloved friend."
17868762952711709,2020-04-08,IMAGE,N/A (not video),False,https://www.instagram.com/p/B-uzNvOJD3E/,FWD: “Thank you SCA for helping me make the most of my Seder all alone in quarantine this year.”
17853838759934218,2020-04-08,IMAGE,N/A (not video),False,https://www.instagram.com/p/B-uaPVXJIGE/,Double tap! Comment something nice about the health care professionals! Let’s show our gratitude to the real heroes and make this post go viral!
17887564972505327,2020-04-08,VIDEO,N/A,False,https://www.instagram.com/p/B-uPyyCJiyO/,We just got the following message: “My aunt took the Hebrew/English Abridged Haggadah and added all family pics throughout and sent it to the entire family. How cool is that? Thank you guys for helping make it happen!”
17904517258435992,2020-04-08,IMAGE,N/A (not video),False,https://www.instagram.com/p/B-t7d5rpCFz/,APPRECIATE #SCAQuote
18024028642264505,2020-04-08,IMAGE,N/A (not video),False,https://www.instagram.com/p/B-s9MvFJ4Vf/,NEW PESAH LETTER FROM THE DOCTORS OF OUR COMMUNITY
18136985800022846,2020-04-07,IMAGE,N/A (not video),False,https://www.instagram.com/p/B-rWwc2Jh_b/,"Through the generosity of The Gindi family, we’ve printed a limited number of these abridged Hebrew-English Hagadot for people in extenuating circumstances this year.  If you or someone you know would like a copy or copies, please text or call Norman ASAP at (917) 922-8499"
17880248788570280,2020-04-07,IMAGE,N/A (not video),False,https://www.instagram.com/p/B-rWNfupYkL/,EDUCATION #SCAQuote
18123252187079505,2020-04-06,IMAGE,N/A (not video),False,https://www.instagram.com/p/B-otCnKJ6wP/,UNCERTAINTY #SCAQuote
17851920541962943,2020-04-06,IMAGE,N/A (not video),False,https://www.instagram.com/p/B-n4ImUJXfW/,A new series beginning soon!
17874146809627594,2020-04-05,IMAGE,N/A (not video),False,https://www.instagram.com/p/B-m3JScpD7T/,RELATIONSHIP #SCAQuote
17857333990876761,2020-04-05,IMAGE,N/A (not video),False,https://www.instagram.com/p/B-l9eQ7p9V8/,The Seder: Halachot & Insights. Pesah Q&A with Rabbi Harold Sutton- Part 2! Submit questions on our story!
17860505650790974,2020-04-05,IMAGE,N/A (not video),False,https://www.instagram.com/p/B-lCmiWJ6E-/,SPIRIT #SCAQuote
18006785044283299,2020-04-03,IMAGE,N/A (not video),False,https://www.instagram.com/p/B-iMx9KJsHY/,Important message to the community
17851592209953516,2020-04-03,IMAGE,N/A (not video),False,https://www.instagram.com/p/B-hxFp6pzcD/,"Special Passover Haggadah 2020. To download, see link in bio."
17861248945784707,2020-04-03,IMAGE,N/A (not video),False,https://www.instagram.com/p/B-hR2L3JiuZ/,FREEDOM #SCAQuote
18094545841151662,2020-04-03,IMAGE,N/A (not video),False,https://www.instagram.com/p/B-f9_hgJz87/,Letter from Rabbi Shimon Alouf & Rabbi Harold Sutton Clarifying Laws of Nidda & Mikveh
17848078241013076,2020-04-02,IMAGE,N/A (not video),False,https://www.instagram.com/p/B-foalgJai1/,“Thoughts on the 4 sons” with @rabbidweck this Sunday night!
17889767440491876,2020-04-02,VIDEO,N/A,False,https://www.instagram.com/p/B-fX0DvJHTi/,Thank you to Rabbi David Tawil for shooting for us a model seder for all who is running a seder for the very first time! Link in bio for full video!
17886269584523421,2020-04-02,VIDEO,N/A,True,https://www.instagram.com/p/B-fGPYepqgY/,"""Tefilla Be'sibbur- Qaddish Nosah"" by Joseph Harari #SCAMinhagoftheWeek"
17873730958623384,2020-04-02,IMAGE,N/A (not video),False,https://www.instagram.com/p/B-e5iNOpOAC/,CELEBRATE #SCAquote
17856873922870532,2020-04-02,VIDEO,N/A,False,https://www.instagram.com/p/B-exKyjJ1k2/,To continue watching Rabbi Aloufs “Pesah 2020 Q&A” see link in bio!
18096508849180836,2020-04-01,IMAGE,N/A (not video),False,https://www.instagram.com/p/B-b_qvIJcqi/,OPPORTUNITY #SCAquote
17855884309880650,2020-03-31,IMAGE,N/A (not video),False,https://www.instagram.com/p/B-aUAOtp9vZ/,This Thursday we’re partnering with @welovemdyhs for a special one time class with Rabbi Leibtag!
17888391424507896,2020-03-31,IMAGE,N/A (not video),False,https://www.instagram.com/p/B-ZuP9OJtRv/,We’re in for a very special treat this Thursday afternoon!
18060984460200941,2020-03-31,IMAGE,N/A (not video),False,https://www.instagram.com/p/B-ZnhWXp9KD/,RISE #SCAquote
17867445535699411,2020-03-31,IMAGE,N/A (not video),False,https://www.instagram.com/p/B-ZjQddJJX_/,All classes from Sunday’s spectacular day of learning that we’re recorded are now up and can be found by visiting SCAtorah.org!
17867295715692940,2020-03-30,IMAGE,N/A (not video),False,https://www.instagram.com/p/B-YBm8dJA5f/,Practical Pesah Halakha Q&A with Rabbi Harold Sutton! Submit questions on our story!
17852942710904932,2020-03-30,IMAGE,N/A (not video),False,https://www.instagram.com/p/B-X5DC0J8M-/,UPDATED PASSOVER SELF-ISOLATION/QUARANTINE GUIDELINES
18006810112280450,2020-03-30,IMAGE,N/A (not video),False,https://www.instagram.com/p/B-XyNnZpvRz/,HOPE #SCAQuote
17860971352806457,2020-03-30,IMAGE,N/A (not video),False,https://www.instagram.com/p/B-XUourJUie/,👏👏👏
17876261173600070,2020-03-30,VIDEO,N/A,False,https://www.instagram.com/p/B-XST4RJSZz/,"Do you need Mahzorim or Haggadot? Please listen to the message below from David Catton, president of SCA member affiliate organization Sephardic Heritage Foundation. Mr. Sam Cohen can be reached at 347-268-0892"
18049433425226799,2020-03-29,CAROUSEL_ALBUM,N/A (not video),False,https://www.instagram.com/p/B-VNIT2JfUf/,"Thank you so much @yddesigns !! . . . Reposted @withregram • @yddesigns This piece was made in honor of the Sephardic Community Alliance. In a time when there are lots of uncertainties, it is up to us to keep our composure. To find the best of a bad situation. We all owe a huge hakarat hatov to the SCA for the amazing program they have put together today. May these programs continue today, tomorrow, in the bad and the good times. @sca_updates"
18120922891075518,2020-03-29,IMAGE,N/A (not video),False,https://www.instagram.com/p/B-UqfFdJOxx/,*Important Notice*
18110873599118941,2020-03-29,CAROUSEL_ALBUM,N/A (not video),False,https://www.instagram.com/p/B-UbYs6pRaD/,"It’s not even 9:30am and already HUNDREDS of community members are learning Torah! Beyond many of the “adult” classes going on throughout today, there are many classes targeting kids- swipe 👉🏻👉🏻 to see some cute picture of the next generation glued to their screens...LEARNING! For all classes today visit SCApesah.org"
18097061758131348,2020-03-29,IMAGE,N/A (not video),False,https://www.instagram.com/p/B-TacFvJCyT/,SCAPesah.org
17863376926746393,2020-03-29,VIDEO,N/A,False,https://www.instagram.com/p/B-THIOeJGOh/,Ms. Charlotte Harary will be part of our Pre-Pesah Day of Learning this Sunday! Find the full schedule on SCAPesah.org
17906154151432173,2020-03-29,VIDEO,N/A,False,https://www.instagram.com/p/B-TG4QtpH7W/,Rabbi Abe Faur will be part of our Pre-Pesah Day of Learning this Sunday! Find the full schedule on SCAPesah.org
17850029572979379,2020-03-29,VIDEO,N/A,False,https://www.instagram.com/p/B-TGx2gJK3e/,Mrs. Shani Taragin will be part of our Pre-Pesah Day of Learning this Sunday! Find the full schedule on SCAPesah.org
17860148800809818,2020-03-29,IMAGE,N/A (not video),False,https://www.instagram.com/p/B-TAmBwJGNE/,Tomorrow’s Day of Learning includes many classes that are targeting specific demographics and ages- check it out! For our complete schedule visit SCAPesah.org
17849821882961031,2020-03-28,VIDEO,N/A,False,https://www.instagram.com/p/B-S-87Epkys/,Mrs. Vivien Hidary will be part of our Pre-Pesah Day of Learning this Sunday! Find the full schedule on SCAPesah.org
17921696677391045,2020-03-28,VIDEO,N/A,False,https://www.instagram.com/p/B-S-a7UJ5As/,Mr. (Soon to be Dr !) Mickey Abraham & his wife Mrs. Rachel Abraham will be part of our Pre-Pesah Day of Learning this Sunday! Find the full schedule on SCAPesah.org
17845583054032575,2020-03-27,VIDEO,N/A,False,https://www.instagram.com/p/B-P8Og_Jx_c/,Mr. Jesse Sutton will be part of our Pre-Pesah Day of Learning this Sunday *at 3:30 (not 3:00 as he mistakenly said in the video) ! Find the full schedule on SCAPesah.org
17845829177052002,2020-03-27,CAROUSEL_ALBUM,N/A (not video),False,https://www.instagram.com/p/B-P7Ss8JQcv/,*Updated* Guidelines for Sephardic Community Mikvaot in NY and NJ
17942747785341574,2020-03-27,IMAGE,N/A (not video),False,https://www.instagram.com/p/B-PykL2JK_l/,We blocked out 2:00-3:30 on Sunday for “Culture Corner”. For full list of classes visit SCAPesah.org
17859570583792665,2020-03-27,VIDEO,N/A,False,https://www.instagram.com/p/B-PsrVrJB7p/,Ms. Danielle Hazan will be part of our Pre-Pesah Day of Learning this Sunday! Find the full schedule on SCAPesah.org
17849613922952433,2020-03-27,VIDEO,N/A,False,https://www.instagram.com/p/B-PnAM5JDe0/,Mr. Joey Soffer will be part of our Pre-Pesah Day of Learning this Sunday! Find the full schedule on SCAPesah.org
17849705884974377,2020-03-27,IMAGE,N/A (not video),False,https://www.instagram.com/p/B-Pisjtph2c/,"This Sunday, join the entire community in a day of learning, in preparation for Pesah!"
17855352262894776,2020-03-27,VIDEO,N/A,False,https://www.instagram.com/p/B-PhopOpMx5/,Rabbi Ike Hanon will be part of our Pre-Pesah Day of Learning this Sunday! Find the full schedule on SCAPesah.org
18135974092020241,2020-03-27,VIDEO,N/A,False,https://www.instagram.com/p/B-Phj5WJHfj/,Mrs. Miriam Tawil will be part of our Pre-Pesah Day of Learning this Sunday! Find the full schedule on SCAPesah.org
18047887342228142,2020-03-27,VIDEO,N/A,False,https://www.instagram.com/p/B-PaO-nJlwT/,Mr. Michael Franco will be part of our Pre-Pesah Day of Learning this Sunday! Find the full schedule on SCAPesah.org
17886940543516051,2020-03-27,VIDEO,N/A,False,https://www.instagram.com/p/B-PWqS-pyHd/,Mr. Jeffrey Dweck will be part of our Pre-Pesah Day of Learning this Sunday! Find the full schedule on SCAPesah.org
18091999696153809,2020-03-27,VIDEO,N/A,False,https://www.instagram.com/p/B-PTC6bpGd2/,Ms. Adele Chabot will be part of our Pre-Pesah Day of Learning this Sunday! Find the full schedule on SCAPesah.org
17853735787895754,2020-03-27,VIDEO,N/A,False,https://www.instagram.com/p/B-N7kU6Jqwk/,Mr. Morris Kishk will be part of our Pre-Pesah Day of Learning this Sunday! Find the full schedule on SCAPesah.org
17849779237979524,2020-03-26,VIDEO,N/A,False,https://www.instagram.com/p/B-NrkzJpPkR/,Rabbi David Tawil will be part of our Pre-Pesah Day of Learning this Sunday! Find the full schedule on SCAPesah.org
17878610482571617,2020-03-26,VIDEO,N/A,False,https://www.instagram.com/p/B-NmBpkJtRk/,Rabbi Richard Tobias will be part of our Pre-Pesah Day of Learning this Sunday! Find the full schedule on SCAPesah.org
17852095807933434,2020-03-26,VIDEO,N/A,False,https://www.instagram.com/p/B-Nakg9p5eA/,@fransbalancedkitchen will be part of our Pre-Pesah Day of Learning this Sunday! Find the full schedule on SCAPesah.org
18004107400304840,2020-03-26,VIDEO,N/A,False,https://www.instagram.com/p/B-NSzjvpr0f/,Mr. Nachliel Selavan will be part of our Pre-Pesah Day of Learning this Sunday! Find the full schedule on SCAPesah.org
17845842062044511,2020-03-26,VIDEO,N/A,False,https://www.instagram.com/p/B-NMRj9JDcX/,Rabbi Ikey & Mrs. Rachelle Tawil will be part of our Pre-Pesah Day of Learning this Sunday! Find the full schedule on SCAPesah.org
17868924442670274,2020-03-26,VIDEO,N/A,False,https://www.instagram.com/p/B-NHSY9pV96/,Mrs. Doris Cohen will be part of our Pre-Pesah Day of Learning this Sunday! Find the full schedule on SCAPesah.org
18080055466198168,2020-03-26,VIDEO,N/A,False,https://www.instagram.com/p/B-M65YHJs2I/,Rabbi Yohai Cohen will be part of our Pre-Pesah Day of Learning this Sunday! Find the full schedule on SCAPesah.org
17878431019574207,2020-03-26,VIDEO,N/A,False,https://www.instagram.com/p/B-Mzd5UJWIW/,Mrs. Ariella Falack will be part of our Pre-Pesah Day of Learning this Sunday! Find the full schedule on SCAPesah.org
17866906036712499,2020-03-26,VIDEO,NOT_FETCHED,False,https://www.instagram.com/p/B-Mqd_RJ8VS/,Mrs. Kady Harari will be part of our Pre-Pesah Day of Learning this Sunday! Find the full schedule on SCAPesah.org
18014548144276782,2020-03-25,VIDEO,NOT_FETCHED,False,https://www.instagram.com/p/B-LLT4NJuxi/,Visit this new site for all SCA member affiliate organization classes and virtual minyanim
17906994082428212,2020-03-25,VIDEO,NOT_FETCHED,False,https://www.instagram.com/p/B-LFq7sJahy/,Rabbi Nathan Dweck will be part of our Pre-Pesah Day of Learning this Sunday! Find the full schedule on SCAPesah.org
17860628098799932,2020-03-25,IMAGE,N/A (not video),False,https://www.instagram.com/p/B-K1u2Vp9kH/,Pre-Pesah Day of Learning: Night Schedule. For full schedule visit SCApesah.org
18098587669188099,2020-03-25,IMAGE,N/A (not video),False,https://www.instagram.com/p/B-K1qoepFVF/,Pre-Pesah Day of Learning: Afternoon Schedule. For full schedule visit SCApesah.org
17946064825332462,2020-03-25,IMAGE,N/A (not video),False,https://www.instagram.com/p/B-K1nQlJYw7/,Pre-Pesah Day of Learning: Morning Schedule. For full schedule visit SCApesah.org
17877040216586781,2020-03-24,IMAGE,N/A (not video),False,https://www.instagram.com/p/B-Iriiip1Ps/,Pre-Pesah Day of Learning this Sunday!
18029032072253736,2020-03-24,IMAGE,N/A (not video),False,https://www.instagram.com/p/B-IlKEfJI5O/,Class with Rabbi Naftali Besser! #SCALearningNeverStops
17866832701715619,2020-03-24,IMAGE,N/A (not video),False,https://www.instagram.com/p/B-IlDwAJ4ux/,Class with Mrs. Annie Savdie! #SCALearningNeverStops
17918244811377629,2020-03-24,IMAGE,N/A (not video),False,https://www.instagram.com/p/B-Ik_InpKIX/,Class with Rabbi Abe Faur #SCALearningNeverStops
17849426572980144,2020-03-24,IMAGE,N/A (not video),False,https://www.instagram.com/p/B-IOw4bJr60/,Go to tinyurl.com/SYCOVIDSURVEY if you have COVID-19 or are exhibiting symptoms to help the doctors of our community help you. Please share!
18134343973051286,2020-03-24,IMAGE,N/A (not video),False,https://www.instagram.com/p/B-H1lOWpTgF/,Releasing Full Schedule Very Soon... #StayTuned
17850830209913695,2020-03-24,IMAGE,N/A (not video),False,https://www.instagram.com/p/B-H1bQ6p6YF/,"As early as Sunday, the Senate could vote on a new COVID-19 spending bill.  We're urging Congress to include $60 billion of emergency relief for social service organizations and other nonprofits, many of which are on the front lines of this crisis. We must ensure that their work continues unabated.  On behalf of our community, let's make sure your voice is heard. This is critically time sensitive.  Please add your name right now and we'll pass it along to our elected representatives before they "
18096738976132022,2020-03-24,IMAGE,N/A (not video),False,https://www.instagram.com/p/B-GIrT9JFdC/,Class with Mrs. Miriam Wielgus! #SCALearningNeverStops
18082060351197592,2020-03-24,IMAGE,N/A (not video),False,https://www.instagram.com/p/B-GIHDYJTwg/,Daily Class with @rabbidweck ! #SCALearningNeverStops
17851782262936251,2020-03-23,IMAGE,N/A (not video),False,https://www.instagram.com/p/B-GHC0RJQz7/,Class with Rabbi Moses Haber ! #SCALearningNeverStops
17866336288701344,2020-03-23,IMAGE,N/A (not video),False,https://www.instagram.com/p/B-FpMyoJvcX/,RELEASE FROM SELF-ISOLATION/QUARANTINE GUIDELINES
17853478687885906,2020-03-22,IMAGE,N/A (not video),False,https://www.instagram.com/p/B-Db-MdpjTF/,One week away- Let’s learn like never before! #SCALearningNeverStops
17849095120972909,2020-03-22,IMAGE,N/A (not video),False,https://www.instagram.com/p/B-DDeUPpg5i/,Stay safe!
18135188119055939,2020-03-22,IMAGE,N/A (not video),False,https://www.instagram.com/p/B-C9kluJxYL/,Class with Rabbi Joseph Beyda! #SCALearningNeverStops
18062464165207972,2020-03-22,IMAGE,N/A (not video),False,https://www.instagram.com/p/B-C16buprXJ/,Class with Rabbi Albert Setton ! #SCALearningNeverStops
17849102968979934,2020-03-22,IMAGE,N/A (not video),False,https://www.instagram.com/p/B-CzRhjJ38U/,Women’s Spring 2020 Learning Program- class with Mrs. Vivian Hidary! #SCALearningNeverStops
17865081457729657,2020-03-22,CAROUSEL_ALBUM,N/A (not video),False,https://www.instagram.com/p/B-Co5RZpDKJ/,Guidelines for Sephardic Community Mikvaot in NY and NJ
17880527131559091,2020-03-20,CAROUSEL_ALBUM,N/A (not video),False,https://www.instagram.com/p/B99p7xsJciB/,A note on pregnancy
18091996348148962,2020-03-20,IMAGE,N/A (not video),False,https://www.instagram.com/p/B99f63QJGhB/,Urgent update from your community doctors in all NY & NJ hospitals
18028580983251478,2020-03-20,IMAGE,N/A (not video),False,https://www.instagram.com/p/B99YLogJTPX/,Safety Guidelines for Shabbat Gatherings
17906039866429839,2020-03-20,CAROUSEL_ALBUM,N/A (not video),False,https://www.instagram.com/p/B99VrYPJmHx/,"Guidelines for the Mikveh.  Please note that all community doctors have agreed on these guidelines.  Listed are those that specifically had an involvement in the production of these guidelines, though it has been reviewed by your community doctors as a whole prior to distribution."
17842706420066940,2020-03-19,CAROUSEL_ALBUM,N/A (not video),False,https://www.instagram.com/p/B97c40pJufZ/,Important Letter from Rabbis of the Community
17854717438846001,2020-03-19,IMAGE,N/A (not video),False,https://www.instagram.com/p/B97JQGcJt5h/,Safety guidelines for hair and nail salons
18133531492024290,2020-03-19,IMAGE,N/A (not video),False,https://www.instagram.com/p/B965PgHp-HU/,Safety Guidelines for Grocery Stores
17847904675967027,2020-03-19,IMAGE,N/A (not video),False,https://www.instagram.com/p/B96iWudpTAk/,Women’s Spring 2020 Learning Program- Daily class with Rabbi Ikey Tawil! #SCALearningNeverStops
17863551910723975,2020-03-18,IMAGE,N/A (not video),False,https://www.instagram.com/p/B94vmgypgu2/,Emergency Community Announcement
17874245845591073,2020-03-18,CAROUSEL_ALBUM,N/A (not video),False,https://www.instagram.com/p/B94hf1IJvxz/,[SWIPE 👉🏻👉🏻] Wow!!! Overflowing with Torah! 100+ people listening LIVE to Mrs. Esther Hidary’s parasha class right now! Check out SCAupdates.org for list of classes we’re offering through zoom.  @yofhs
17872823278610550,2020-03-18,IMAGE,N/A (not video),False,https://www.instagram.com/p/B931_yNJK0G/,Women’s Spring 2020 Learning Program- class with Mrs. Esther Hidary! #SCALearningNeverStops
17859172714814233,2020-03-18,IMAGE,N/A (not video),False,https://www.instagram.com/p/B92-RrRpJnx/,Link in bio!
17865712456686663,2020-03-17,CAROUSEL_ALBUM,N/A (not video),False,https://www.instagram.com/p/B917cPDJIJi/,Updated Letter from our Community Doctors with many more doctor signatures and clarification regarding exercise recommendations
17913280666405080,2020-03-17,CAROUSEL_ALBUM,N/A (not video),False,https://www.instagram.com/p/B90b5UaJUrI/,[SWIPE 👉🏻👉🏻] Important Updated Guidance from our Community Doctors
17857983049797110,2020-03-16,IMAGE,N/A (not video),False,https://www.instagram.com/p/B9zoJXnpi1D/,A letter from our community doctors. Notice how many new doctors signed on since last night- together we will get through this!
17859747088758232,2020-03-16,IMAGE,N/A (not video),False,https://www.instagram.com/p/B9zML8aJEoX/,Stop what you’re doing and read the article by clicking on link in the bio above.
18133314364024090,2020-03-16,IMAGE,N/A (not video),False,https://www.instagram.com/p/B9xllPEpoQU/,A LETTER FROM OUR COMMUNITY DOCTORS
17861610715741479,2020-03-11,IMAGE,N/A (not video),False,https://www.instagram.com/p/B9m8Uosp1sj/,Get ready for Pesah with Rabbi Avi Harari!
18096776560084199,2020-03-09,IMAGE,N/A (not video),False,https://www.instagram.com/p/B9hf2QbJqls/,Visit SCAupdates.org to find the link to the spreadsheet!
17844744017022830,2020-03-09,IMAGE,N/A (not video),False,https://www.instagram.com/p/B9hQT2XJMIm/,"Beautiful! 3 generations attending SCA Torah class together! Earlier today, family members- Mrs. Carol Levy, Sophia Bildirici & Esther Bildirici posed for a picture at Mrs. Vivien Hidarys weekly parasha class at Mikdash Eliyahu!"
18090517279144074,2020-03-09,CAROUSEL_ALBUM,N/A (not video),False,https://www.instagram.com/p/B9g2nwvJih0/,[SWIPE 👉🏻👉🏻] Reminder: Polls close this Wednesday!!!
18133217758022620,2020-03-08,CAROUSEL_ALBUM,N/A (not video),False,https://www.instagram.com/p/B9fIQGeJR9j/,[SWIPE 👉🏻👉🏻] Dr. Debow’s classes have been postponed due to complications with travel. Please stay tuned for more information.
18005982067301554,2020-03-08,IMAGE,N/A (not video),False,https://www.instagram.com/p/B9ejODNp84z/,Special class this Wednesday on 3 secret miracles on Pesah!
17878442557528544,2020-03-08,VIDEO,NOT_FETCHED,False,https://www.instagram.com/p/B9c-E_9JARY/,DM us for link.... it can also be found on homepage of SCAupdates.org #Purim #Holiday #Jewish #Sephardic
17865669241673724,2020-03-06,CAROUSEL_ALBUM,N/A (not video),False,https://www.instagram.com/p/B9ZgsoGpDxg/,"Great Scott! Yesterday we traveled through time,  partnering with @barkaiyeshiva for a special @torah_intermedia Purim tour at The Met and got to see actual artifacts from the days of Ahashverosh!"
17854284856842795,2020-03-05,IMAGE,N/A (not video),False,https://www.instagram.com/p/B9W12l_J_H8/,See link in bio for recording
18095541346188464,2020-03-05,IMAGE,N/A (not video),False,https://www.instagram.com/p/B9WwTy_pSdP/,Thank you @nina_ringer for opening up your apartment for last night #SCAInspiredLiving class with Mrs. Annie Savdie in NYC!
17986656352293692,2020-03-04,IMAGE,N/A (not video),False,https://www.instagram.com/p/B9UW7NzJPVg/,"Due to high demand we’re bringing this program to Deal, NJ, parenting with Larchwood Synagogue to hear Dr. Debow speak to us on this sensitive topic"
17867666608636081,2020-03-04,IMAGE,N/A (not video),False,https://www.instagram.com/p/B9T_RZvpS-I/,Tonight we have a #SCAInspiredLiving in NYC with Mrs. Annie Savdie!
17924451136372826,2020-03-03,CAROUSEL_ALBUM,N/A (not video),False,https://www.instagram.com/p/B9R4wIoJ2wh/,[SWIPE👉🏻👉🏻] Eric Adams #SCAAffiliate #SCAAffiliateScholarInResidence
17865321394675042,2020-03-02,CAROUSEL_ALBUM,N/A (not video),False,https://www.instagram.com/p/B9PsPOUp0cb/,Wow! 450+ Community members staunchly supporting the State of Israel these past 2 days at the annual @aipac Policy Conference! 🇮🇱🇺🇸🇮🇱🇺🇸🇮🇱🇺🇸
17849367166898091,2020-03-02,IMAGE,N/A (not video),False,https://www.instagram.com/p/B9O99VFJvcS/,She was so good back in December that we partnered with @barkaiyeshiva AGAIN inviting her to speak by the Habert’s on March 16th as a “part 2” to her previous talk. (Note: those who did not attend “part 1” are still highly encouraged to attend!)
18117972073076855,2020-02-26,IMAGE,N/A (not video),False,https://www.instagram.com/p/B9CPt1Rpu_b/,Who do you think are the future leaders of the community? Who you do you look up to? Who has been making the world a better place but never gets recognized? See link in bio to show your Hakarat Hatob to these young adults. Remember: link closes this Saturday night!
17938967485340828,2020-02-26,IMAGE,N/A (not video),False,https://www.instagram.com/p/B9A24g8J-EK/,"Thank you Jacqueline Bailey opening up your apartment for tonight’s #SCAInspiredLiving class and of course to Mrs. Annie Savdie, not only for teaching the class, but for being a great sport about driving through NYC traffic to make it happen!"
17878854913534067,2020-02-25,IMAGE,N/A (not video),False,https://www.instagram.com/p/B8_qubPJMSx/,Don’t forget- special talk tomorrow with Captain Yaakov Selavan @yofhs !
17853070102859862,2020-02-24,CAROUSEL_ALBUM,N/A (not video),False,https://www.instagram.com/p/B89L9_rJEa1/,[SWIPE 👉🏻👉🏻] Join SCA & MDY’s Weekly Parasha class for women with Rabbi Richard Tobias! Every Tuesday @welovemdyhs from 11:30am-12:15pm. See you there!
18094766767185532,2020-02-24,IMAGE,N/A (not video),False,https://www.instagram.com/p/B8862tKp3Ok/,We have another #SCAInspiredLiving tomorrow night in NYC with Mrs. Annie Savdie!
18091224310192365,2020-02-23,IMAGE,N/A (not video),False,https://www.instagram.com/p/B87a7zBJLy-/,"We are saddened to announce the passing of Sara Dorette Farhi bat Zakiye A”H, mother of our community's esteemed Rabbi Isaac Farhi, who currently serves as Head Rabbi of Edmond J. Safra Synagogue of Hathaway in Deal, NJ . . Our thoughts are with the family at this difficult time. . . Children: David Shlomo Farhi, Rabbi Isaac Farhi, Rabbi Jack Farhi & Mrs. Violette Chkouri, Varda Farhi, Liza Bar On, Eva Ron, Leon Farhi, Avi Farhi, Moshe Farhi . . The funeral will take place tomorrow, Monday Febru"
17856706198794296,2020-02-23,CAROUSEL_ALBUM,N/A (not video),False,https://www.instagram.com/p/B860dtkpief/,[SWIPE👉🏻👉🏻] Dr. Yael Ziegler #SCAAffiliate #SCAAffiliateScholarInResidence
18077086330199037,2020-02-23,IMAGE,N/A (not video),False,https://www.instagram.com/p/B846vgIJ1k6/,Still have some spots open- sign up while you still can!
18118234564073652,2020-02-21,IMAGE,N/A (not video),False,https://www.instagram.com/p/B81XIE3Jryn/,Save the date for a very special class @welovemdyhs with Rabbi Leibtag!
17903717986418505,2020-02-20,IMAGE,N/A (not video),False,https://www.instagram.com/p/B8y0zwfptFR/,Remember: Learn to protect yourself this Monday @yofhs
17875770370554284,2020-02-20,CAROUSEL_ALBUM,N/A (not video),False,https://www.instagram.com/p/B8yfLQLJWQ-/,Congrats! #RunForADream
17847968647902986,2020-02-19,IMAGE,N/A (not video),False,https://www.instagram.com/p/B8w6MFxpbMb/,Join us next Wednesday as we partner with @yofhs for a special discussion with IDF Captain Yaakov Selavan! 🇮🇱 🇮🇱 🇮🇱
18094022431085189,2020-02-19,CAROUSEL_ALBUM,N/A (not video),False,https://www.instagram.com/p/B8uktE8J0_c/,[SWIPE 👉🏻👉🏻] In commemoration of Yom Hazikaron SCA will be curating a special media club in April with Rabbi Albert Setton both in Brooklyn AND in Deal to discuss the @netflix original “The Spy” about our community’s hero- Mr. Eli Cohen A”H
17983907434288830,2020-02-18,CAROUSEL_ALBUM,N/A (not video),False,https://www.instagram.com/p/B8t9vW_JIPr/,The one and only- Rabbi Besser! Join us Wednesdays at 1:00pm as we continue to partner with @yofhs for a weekly class on “Staying Inspired”! Pro Tip: Come early if you want to secure a good seat!
17864467186666159,2020-02-18,IMAGE,N/A (not video),False,https://www.instagram.com/p/B8tjN76puu6/,A little less than a month away till we begin offering a Pesah Refresher Series with Rabbi Avi Harari!
17856756553773158,2020-02-16,IMAGE,N/A (not video),False,https://www.instagram.com/p/B8oeFeApZ3i/,"After having seeing how big of a crowd she drew when we had her speak to us this past December we decided to ask Dr. Debow to give us a part 2 on this important topic of speaking to children about intimacy, through the lens of the Torah. Whether or not you heard part 1 of this discussion, we urge you to attend this one! For the recording to part 1, feel free to DM us."
17937610486338539,2020-02-13,IMAGE,N/A (not video),False,https://www.instagram.com/p/B8hqLQ9JJbj/,"Great turnout earlier today, hearing from Beatie Deutsch @yofhs !"
18104205100107008,2020-02-13,CAROUSEL_ALBUM,N/A (not video),False,https://www.instagram.com/p/B8hCnJupSmc/,"🇮🇱 The polls are open! 🇮🇱 . . With dozens of organizations trying to capture YOUR vote for this year’s Word Zionist Congress (WZC), we pulled together a list of the slates that our affiliate organizations have been endorsing and promoting for election. It is imperative that we hit the polls to ensure that we have strong representation in the next WZC. Please carefully review the slides above and find your preference before the deadline closes on March 11, 2020. . . 🇮🇱 About WZC 🇮🇱 . . The 38th W"
18129090214054167,2020-02-13,IMAGE,N/A (not video),False,https://www.instagram.com/p/B8gdNoOJelQ/,#SCAInspiredLiving continues Feb 25th in NYC!
17862024097674536,2020-02-11,CAROUSEL_ALBUM,N/A (not video),False,https://www.instagram.com/p/B8bYHXLJ2-z/,[SWIPE👉🏻👉🏻] Sephardic Synagogue Bet Midrash Program #SCAAffiliate #SCAAffiliateClasses
17853910573794669,2020-02-10,IMAGE,N/A (not video),False,https://www.instagram.com/p/B8Yxe0sJ_d7/,Reminder: Join us this Thursday as we partner with @YOFHS to hear from Beatie Deutsch and see what we can learn from her incredible journey!
18086817013145748,2020-02-09,IMAGE,N/A (not video),False,https://www.instagram.com/p/B8WRwsXJ0G7/,Protect yourself. Prevent an attack. Learn how to stay safe.
18022341814258071,2020-02-07,CAROUSEL_ALBUM,N/A (not video),False,https://www.instagram.com/p/B8Rg538JHbC/,[SWIPE👉🏻👉🏻] Sephardic Heritage Museum #SCAAffiliate #SCAAffiliateScholarInResidence
17930955604345559,2020-02-06,IMAGE,N/A (not video),False,https://www.instagram.com/p/B8PenAoJSbT/,Join us this Sunday night as we memorialize Hakham Matloub Abadi A”H @bethtorahbk
17853942421781060,2020-02-04,IMAGE,N/A (not video),False,https://www.instagram.com/p/B8JtvNTpzki/,Over 200 submissions so far!!! Keep em coming! Visiting SCAupdates.org/twenty to submit names of who you think is making a difference #SCA20InTheirTwenties
17884871158480472,2020-02-03,IMAGE,N/A (not video),False,https://www.instagram.com/p/B8HGOuDpZFb/,"It’s not every day our community gets to hear from someone in the executive office of the president! Come by @thecenterscc this Wednesday night to see what Mr. Greenblatt has to say about “Seaking peace between Israel, its Arab Neighbors and the Palestinians”"
17870781649579907,2020-02-03,IMAGE,N/A (not video),False,https://www.instagram.com/p/B8Gk7lSJi5S/,Aaaaaaand were back! Women’s Spring 2020 Learning Program begins today!
17845856473905899,2020-02-01,IMAGE,N/A (not video),False,https://www.instagram.com/p/B8CsHfaJCp6/,"Amazing woman, chasing her dreams & changing the world! Come get inspired by @marathonmother & hear about what it means to represent Israel and the Jewish nation on the world stage!"
17930975902351989,2020-01-30,CAROUSEL_ALBUM,N/A (not video),False,https://www.instagram.com/p/B79gcL7p5Fw/,[SWIPE👉🏻👉🏻] Rabbi Joshua Berman #SCAAffiliate #SCAAffiliateScholarInResidence
17892255049446982,2020-01-30,IMAGE,N/A (not video),False,https://www.instagram.com/p/B78dBUVpacM/,Don’t forget- new class with @rabbibeyda begins this Monday @yofhs !
17885703244475452,2020-01-29,CAROUSEL_ALBUM,N/A (not video),False,https://www.instagram.com/p/B759PMRJS9N/,[SWIPE 👉🏻👉🏻] Shoutout to Denise Tawil for hosting last night’s #SCAInspiredLiving class and a big thank you to Mrs. Annie Savdie for driving all the way up to NYC to teach Torah to our women!
17858850310713552,2020-01-29,CAROUSEL_ALBUM,N/A (not video),False,https://www.instagram.com/p/B74oftNJGfC/,[SWIPE👉🏻👉🏻] Power Up #SCAAffiliate #SCAAffiliateEvent
17875449001537697,2020-01-28,IMAGE,N/A (not video),False,https://www.instagram.com/p/B73e64PJY8T/,We have another #SCAInspiredLiving tonight in NYC with Mrs. Annie Savdie!
17929336297355978,2020-01-27,IMAGE,N/A (not video),False,https://www.instagram.com/p/B71f-4oJU1p/,Sign up for a special tour with @torah_intermedia !!
17845158976921895,2020-01-27,IMAGE,N/A (not video),False,https://www.instagram.com/p/B7080AupgKG/,Ladies and gentlemen we are excited to officially launch #SCA20InTheirTwenties ! The nomination link is now open so head on over to SCAupdates.org/twenty and start submitting names!! . P.S. See our official launch letter by clicking on link in bio
17980618618292932,2020-01-22,CAROUSEL_ALBUM,N/A (not video),False,https://www.instagram.com/p/B7oGmNRJION/,[SWIPE👉🏻👉🏻] Asian Dinner #SCAAffiliate #SCAAffiliateEvent
17862705427651936,2020-01-20,IMAGE,N/A (not video),False,https://www.instagram.com/p/B7jvu7ApCWE/,"50 years ago today, we lost Hakham Matloub Abadi A”H. . . Feel free to share memories of Hakham Matloub in the comments section below 👇👇👇"
17844123475897689,2020-01-18,IMAGE,N/A (not video),False,https://www.instagram.com/p/B7enK60JU9N/,We got another installment of #SCAInspiredLiving coming up for our NYC ladies 🌃 🌃 🌃
18046219351217467,2020-01-15,CAROUSEL_ALBUM,N/A (not video),False,https://www.instagram.com/p/B7WB-wEp4Do/,[SWIPE 👉🏻👉🏻] Thanks to member affiliate @bethtorahbk for putting this together! Now you can easily know Shabbat times for anywhere you might be over winter vacation but this and next weekend- safe travels!
17883041596489413,2020-01-14,VIDEO,NOT_FETCHED,False,https://www.instagram.com/p/B7UYd7AJUZa/,"🚨Attention all women🚨  Starting Feb 3rd, we’ve partnered with @YOFHS & @RachelAshkenazi_ for a NEW class on women in the workforce! Please DM us or email info@scaupdates.org with any questions you have so we can incorporate them into the curriculum!"
17858298691701130,2020-01-14,IMAGE,N/A (not video),False,https://www.instagram.com/p/B7T8VLwpol7/,Last night we had another amazing class with Mrs. Annie Savdie in NYC as part of #SCAInspiredLiving series! DM us if you’d like to host one in the future!
17881046368499740,2020-01-14,IMAGE,N/A (not video),False,https://www.instagram.com/p/B7Th0YFpCFa/,Stay tuned.... #SCA20InTheirTwenties
17861687572638034,2020-01-12,IMAGE,N/A (not video),False,https://www.instagram.com/p/B7ObLsupkld/,See you tomorrow! #SCAInspiredLiving
17880163660496643,2020-01-08,IMAGE,N/A (not video),False,https://www.instagram.com/p/B7D8UXIpphp/,Our Spring 2020 Women’s Learning Program Schedule!
18010410679263637,2020-01-05,CAROUSEL_ALBUM,N/A (not video),False,https://www.instagram.com/p/B68jIJ4JnOX/,Wow! Fantastic showing from our community and the jewish world at large at this mornings #MarchAgainstAntisemitism that was put together by the @ujafedny on such short notice in response to all of the events that took place these past few weeks. #StandAgainstHate #EnoughIsEnough #StandingTogether (some photos courtesy of @thecenterscc )
18115196563069649,2020-01-03,IMAGE,N/A (not video),False,https://www.instagram.com/p/B63AtCEJnF7/,#SCAInspiredLiving continues Jan 13th!
18099870487112957,2020-01-02,IMAGE,N/A (not video),False,https://www.instagram.com/p/B61cN4ipCCK/,Join us in Foley Square this Sunday as we say no to hate and fear. Enough is enough. #StandTogether #JewishAndProud
18124165147045913,2020-01-02,CAROUSEL_ALBUM,N/A (not video),False,https://www.instagram.com/p/B61RraYJMUT/,The next cycle of Daf Yomi begins this Sunday- SWIPE 👉🏻👉🏻 for details on some of our member affiliate synagogues who plan on learning!
17896793572429012,2020-01-02,CAROUSEL_ALBUM,N/A (not video),False,https://www.instagram.com/p/B61GAJhJsOn/,[SWIPE👉🏻👉🏻] Rabbi Akiva Tatz #SCAAffiliate #SCAAffiliateScholarInResidence
17848331047829246,2020-01-01,IMAGE,N/A (not video),False,https://www.instagram.com/p/B6x88JVpo5J/,...Next cycle begins Sunday!
17977878265291672,2019-12-31,IMAGE,N/A (not video),False,https://www.instagram.com/p/B6vtO50pApB/,Spreading so much Torah in such a short amount of time... it’s a Hanukkah Miracle!
17863549165610997,2019-12-31,IMAGE,N/A (not video),False,https://www.instagram.com/p/B6vTKyEph6x/,"25 years ago today, we lost Chief Rabbi Jacob S. Kassin A”H. . . Feel free to share memories of Rabbi Kassin in the comments section below 👇👇👇"
17899921129419344,2019-12-31,IMAGE,N/A (not video),False,https://www.instagram.com/p/B6vG_MMpWBD/,"7 years ago today, we lost Rabbi Dr. Zevulun Lieberman A”H. . . Feel free to share memories of Rabbi Lieberman in the comments section below 👇👇👇"
18120018586019436,2019-12-30,IMAGE,N/A (not video),False,https://www.instagram.com/p/B6sg1SxJ-Tm/,"6 years ago today, we lost Rabbi Dr. Ezra Labaton A”H. . . Last night @westdealshul commemorated his passing with a special Siyum Tanakh in his memory. . . Today, Dr. Sara Labaton will be giving a class in memory of Rabbi Labaton at 34 West 33rd Street, 11th Floor. Minha/Arbit at 4:00PM, followed by the class. . To listen to many recorded classes of the rabbi, visit RabbiLabaton.com . Feel free to share memories of Rabbi Labaton in the comments section below 👇👇👇"
18018314482252971,2019-12-29,IMAGE,N/A (not video),False,https://www.instagram.com/p/B6q0-QeJOGd/,Our Spring 2020 Women’s Learning Program Schedule!
17883320146472074,2019-12-26,IMAGE,N/A (not video),False,https://www.instagram.com/p/B6jHJnYJqdw/,"SCA Declaration of Values: ____ Our community has Barukh HaShem, a long and proud history of Torah observance and adherence to traditional Sephardic values and customs. In order to perpetuate these values and customs and to help ensure the continuity of the blessings that we have long enjoyed as a Community, we hereby declare the following: —— . Commitment to Halakha . Respect and Tolerance . Interaction With Society . Growth Through Education . Torah and Higher Education . Learning and Earning "
18098981578107927,2019-12-25,CAROUSEL_ALBUM,N/A (not video),False,https://www.instagram.com/p/B6g4nWTJusH/,"[SWIPE 👉🏻👉🏻] Today we welcomed both men and women to our weekly classes at @yofhs and wow- what a crowd we got! In addition to Rabbi Besser’s class we had a special joint class given by Rabbi Dr. Ricky Hidary and his wife, Mrs. Esther Hidary!"
18019113898247633,2019-12-25,CAROUSEL_ALBUM,N/A (not video),False,https://www.instagram.com/p/B6gk__bJu7r/,"SCA Declaration of Values: ____ Our community has Barukh HaShem, a long and proud history of Torah observance and adherence to traditional Sephardic values and customs. In order to perpetuate these values and customs and to help ensure the continuity of the blessings that we have long enjoyed as a Community, we hereby declare the following: —— . Commitment to Halakha . Respect and Tolerance . Interaction With Society . Growth Through Education . Torah and Higher Education . Learning and Earning "
17858421595633718,2019-12-25,CAROUSEL_ALBUM,N/A (not video),False,https://www.instagram.com/p/B6fqMCtp962/,"SCA Declaration of Values: ____ Our community has Barukh HaShem, a long and proud history of Torah observance and adherence to traditional Sephardic values and customs. In order to perpetuate these values and customs and to help ensure the continuity of the blessings that we have long enjoyed as a Community, we hereby declare the following: —— . Commitment to Halakha . Respect and Tolerance . Interaction With Society . Growth Through Education . Torah and Higher Education . Learning and Earning "
18109310560075860,2019-12-24,IMAGE,N/A (not video),True,https://www.instagram.com/p/B6eKjy4JiEG/,"50,000+ views! #SCAMinhagOfTheWeek"
17848167418800785,2019-12-24,CAROUSEL_ALBUM,N/A (not video),False,https://www.instagram.com/p/B6dFPHTpPg7/,"SCA Declaration of Values: ____ Our community has Barukh HaShem, a long and proud history of Torah observance and adherence to traditional Sephardic values and customs. In order to perpetuate these values and customs and to help ensure the continuity of the blessings that we have long enjoyed as a Community, we hereby declare the following: —— . Commitment to Halakha . Respect and Tolerance . Interaction With Society . Growth Through Education . Torah and Higher Education . Learning and Earning "
17855613922687503,2019-12-23,IMAGE,N/A (not video),False,https://www.instagram.com/p/B6bkU3gp2Mb/,Since many may be off of work this Wednesday we decided to open up our weekly classes @yofhs to both men & women!
18086237899081175,2019-12-21,CAROUSEL_ALBUM,N/A (not video),False,https://www.instagram.com/p/B6WdcXzJrr8/,"SCA Declaration of Values: ____ Our community has Barukh HaShem, a long and proud history of Torah observance and adherence to traditional Sephardic values and customs. In order to perpetuate these values and customs and to help ensure the continuity of the blessings that we have long enjoyed as a Community, we hereby declare the following: —— . Commitment to Halakha . Respect and Tolerance . Interaction With Society . Growth Through Education . Torah and Higher Education . Learning and Earning "
18035990080230530,2019-12-18,CAROUSEL_ALBUM,N/A (not video),False,https://www.instagram.com/p/B6NhRZ5JGF9/,Great class yesterday with Rabbi Ikey Tawil @ The Husneys about the lessons of Hanukhah. We learned how we all need to tune in and appreciate the guiding hand that gives us the miracles throughout our daily lives!
17843696881864140,2019-12-17,CAROUSEL_ALBUM,N/A (not video),False,https://www.instagram.com/p/B6MGYfuJns_/,"SCA Declaration of Values: ____ Our community has Barukh HaShem, a long and proud history of Torah observance and adherence to traditional Sephardic values and customs. In order to perpetuate these values and customs and to help ensure the continuity of the blessings that we have long enjoyed as a Community, we hereby declare the following: —— . Commitment to Halakha . Respect and Tolerance . Interaction With Society . Growth Through Education . Torah and Higher Education . Learning and Earning "
18078109897154633,2019-12-17,CAROUSEL_ALBUM,N/A (not video),False,https://www.instagram.com/p/B6LsD9WJiBK/,[SWIPE👉🏻👉🏻] Congressman @maxrose4ny #SCAAffiliate #SCAAffiliateScholarInResidence
18088024675139673,2019-12-17,CAROUSEL_ALBUM,N/A (not video),False,https://www.instagram.com/p/B6LZGc5J24b/,"Talking to our children about intimacy may be uncomfortable- but it is important. Last night we were honored to co-host with @barkaiyeshiva Dr. Debow who masterfully spoke about the “do’s and don’ts“ when talking to our kids about delicate subjects, connecting it all to the Torah. We were happy to see that this talk was so well attended by many community members! For the link to the audio from the night please DM us."
17926272490348514,2019-12-16,CAROUSEL_ALBUM,N/A (not video),False,https://www.instagram.com/p/B6Jqi0JJAmd/,"SCA Declaration of Values: ____ Our community has Barukh HaShem, a long and proud history of Torah observance and adherence to traditional Sephardic values and customs. In order to perpetuate these values and customs and to help ensure the continuity of the blessings that we have long enjoyed as a Community, we hereby declare the following: —— . Commitment to Halakha . Respect and Tolerance . Interaction With Society . Growth Through Education . Torah and Higher Education . Learning and Earning "
17937676765322244,2019-12-16,IMAGE,N/A (not video),False,https://www.instagram.com/p/B6JTL1QpWgY/,👀👀 Sneak peak at classes we have planned for next semester
17975989900291223,2019-12-16,IMAGE,N/A (not video),False,https://www.instagram.com/p/B6I9XEnpTht/,Tomorrow night in NYC!
17992966603280224,2019-12-15,CAROUSEL_ALBUM,N/A (not video),False,https://www.instagram.com/p/B6Erda5pUFx/,"SCA Declaration of Values: ____ Our community has Barukh HaShem, a long and proud history of Torah observance and adherence to traditional Sephardic values and customs. In order to perpetuate these values and customs and to help ensure the continuity of the blessings that we have long enjoyed as a Community, we hereby declare the following: —— . Commitment to Halakha . Respect and Tolerance . Interaction With Society . Growth Through Education . Torah and Higher Education . Learning and Earning "
17907962431382637,2019-12-13,CAROUSEL_ALBUM,N/A (not video),False,https://www.instagram.com/p/B6A4kiepbS4/,[SWIPE👉🏻👉🏻] Lejends Minyan: Hanukka Spin-off #SCAAffiliate #SCAAffiliateEvent
18098349001103651,2019-12-12,IMAGE,N/A (not video),False,https://www.instagram.com/p/B5_RA_rpi8x/,Reminder- Special Hanukkah class with Rabbi Ikey Tawil in Tuesday!
17861208700609231,2019-12-11,CAROUSEL_ALBUM,N/A (not video),False,https://www.instagram.com/p/B57_-O1Jeny/,"[SWIPE👉🏻👉🏻] Total Prize Money: $18,000 Cash #SCAAffiliateRaffle #SCAAffiliate"
17867987269549730,2019-12-10,IMAGE,N/A (not video),False,https://www.instagram.com/p/B55ghq9p9nO/,Join us this Monday night as we partner with @barkaiyeshiva to discuss a very important topic
18086164765142673,2019-12-09,IMAGE,N/A (not video),False,https://www.instagram.com/p/B53UjHuJ5bB/,"Ladies- we got Mrs. Annie Savdie giving a class again in NYC! Join her at the home of Raquel Mosseri, Tuesday, Dec 17th! 🌃🌃🌃📖📖📖"
17993232838280248,2019-12-09,CAROUSEL_ALBUM,N/A (not video),False,https://www.instagram.com/p/B522eF2pHdc/,[SWIPE 👉🏻👉🏻] Thank you Rabbi Albert Setton for launching #SCAMediaClub on “Vengeance on the Torah” based on the HBO Series “Our Boys” by giving these discussions both in Brooklyn (Thank you hosts Miriam & Richard Beyda!) and in Deal (Thank you to hosts Gitta & Danny Kaplan!)
17873784253507670,2019-12-05,IMAGE,N/A (not video),False,https://www.instagram.com/p/B5tMjl_AiPB/,This Monday come hear from Mrs. Mazal Mizrachi for a special class at Mikdash Eliyahu!
17906788978385781,2019-12-05,IMAGE,N/A (not video),False,https://www.instagram.com/p/B5skzqRANUt/,Reminder: Young couples class after Shabbat at the Grazis!
17867203195543423,2019-12-04,CAROUSEL_ALBUM,N/A (not video),False,https://www.instagram.com/p/B5qXDQugH8K/,[SWIPE👉🏻👉🏻] ILEAD Open House #SCAAffiliate #SCAAffiliateEvent
17916729058367506,2019-12-04,IMAGE,N/A (not video),False,https://www.instagram.com/p/B5p0GUzgkun/,Our teachers are the best! Last night Mrs. Annie Savdie drove all the way up to NYC just to give a class to a few of our young married women. Interested in organizing a class at your home/synagogue? DM us and we’ll help make it happen!
18095589826102503,2019-12-03,IMAGE,N/A (not video),False,https://www.instagram.com/p/B5nPgQJAvuT/,Special class with Rabbi Ikey Tawil on Hannukah Lights 🕎🕎🕎
17882707327463061,2019-12-02,CAROUSEL_ALBUM,N/A (not video),False,https://www.instagram.com/p/B5k4ORJgzSg/,[SWIPE👉🏻👉🏻] Annual Holiday Boutique Show #SCAAffiliate #SCAAffiliateEvent
17858384383620368,2019-11-29,IMAGE,N/A (not video),False,https://www.instagram.com/p/B5c393sgdGQ/,This Tuesday night in NYC 🌃🌃🌃
17866428271536565,2019-11-28,IMAGE,N/A (not video),False,https://www.instagram.com/p/B5aClE9Avnc/,Check out our story and let us know what you are thankful for!
18014262517250681,2019-11-27,IMAGE,N/A (not video),False,https://www.instagram.com/p/B5YHllvAz7u/,Join us next week in Deal for SCA Media Club with Rabbi Albert Setton for a discussion on vengeance
17867382601545661,2019-11-26,IMAGE,N/A (not video),False,https://www.instagram.com/p/B5VR7qqAfwa/,Join us next Saturday night at the home of Maurice & Rita Grazi for a young couples class!
18042020929211538,2019-11-25,IMAGE,N/A (not video),False,https://www.instagram.com/p/B5RK9NtAEJ5/,"Join Mrs. Annie Savdie & the room full of eager learners Mondays @ 12:30 at Mikdash Eliyahu, 400 Ave U"
17877610432478205,2019-11-20,IMAGE,N/A (not video),False,https://www.instagram.com/p/B5FrjvJgNHJ/,If you’re coming to Rabbi Bessers weekly class today @yofhs you know you gotta get there early to get a seat! Official start time is 1:00pm but don’t be afraid to come on in a few minutes early 📖📖📖 📖📖📖 Rabbi Naftali Besser’s class this week is sponsored In memory of Jeanne Rahmey A”H By her grandchildren and great-grandchildren
18115658641058688,2019-11-19,IMAGE,N/A (not video),False,https://www.instagram.com/p/B5D5RvgATPS/,Please save the date for a very important conversation with Dr. Yocheved Debow about how to speak to our children about intimacy through the lens of the Torah @barkaiyeshiva
17904866470381772,2019-11-19,CAROUSEL_ALBUM,N/A (not video),False,https://www.instagram.com/p/B5CIGQPgeTX/,[SWIPE 👉🏻👉🏻] Earlier tonight we partnered with @ujafedny @sbh_updates @propelnetwork and @exceednetwork in an event for young adults on how to break into the private equity industry. Attendees got to hear from Co-Head of Newlight Partners LP David Wassong and Partner of ZMC Seymour Sammell
17894571088418622,2019-11-18,IMAGE,N/A (not video),False,https://www.instagram.com/p/B4_Lu8ogjJ9/,Special Ladie’s class with Mrs. Annie Savdie in NYC on Dec 3rd!
17852009122683962,2019-11-17,CAROUSEL_ALBUM,N/A (not video),False,https://www.instagram.com/p/B4-towYA-ge/,"[SWIPE 👉🏻👉🏻] This past Thursday we partnered with @mdypta on organizing a trip to the Museum of Jewish Heritage on an exhibit called “Aushwitz: Not long ago. Not far away” led by Mrs. Sarah Tawil, where 30+ community women attended"
18077097937182409,2019-11-14,CAROUSEL_ALBUM,N/A (not video),False,https://www.instagram.com/p/B427rTJgsV6/,Honored to have had the Rishon Le’Tzion come see our institutions! Swipe 👉🏻👉🏻👉🏻 to see some of our member affiliate organizations and rabbis that he visited during his stay!
17925946453340293,2019-11-14,IMAGE,N/A (not video),False,https://www.instagram.com/p/B41NeRpgkVE/,With the hundreds of rockets being sent into our homeland these past few days we want to let people living in Israel know that our thoughts and prayers are with them! #SCAStandsWithIsrael #WeStandWithIsrael #IsraelUnderFire
17842004374821246,2019-11-12,CAROUSEL_ALBUM,N/A (not video),False,https://www.instagram.com/p/B4xuIitAEe6/,[SWIPE👉🏻👉🏻] Sivan Rahav Meir #SCAAffiliate #SCAAffiliateScholarInResidence
17864548021559356,2019-11-10,IMAGE,N/A (not video),False,https://www.instagram.com/p/B4tDG6BgWR1/,We’re offering you the ability to go somewhere in Brooklyn without having to worry about parking. Just think about that for a second.
17894125564412046,2019-11-08,IMAGE,N/A (not video),False,https://www.instagram.com/p/B4nQgRgA6d-/,Rosh Yeshiva Rabbi Harold Sutton welcomes Rishon Le’tzion Rabbi Yitzhak Yosef to Magen David Yeshiva for a visit and blessing to the student body.
18040160092212989,2019-11-07,IMAGE,N/A (not video),False,https://www.instagram.com/p/B4lIfwKAghI/,Special Young Couples Class This Saturday Night! Screenshot and send it to a newlywed 🙇🏻‍♂️🙇🏻‍♀️
18111849742000272,2019-11-07,CAROUSEL_ALBUM,N/A (not video),False,https://www.instagram.com/p/B4kP_gFAcus/,[SWIPE 👉🏻👉🏻] SCA Media Club discussing the Torahs perspective on Vengeance. DM is for more information
18063649792170825,2019-11-05,CAROUSEL_ALBUM,N/A (not video),False,https://www.instagram.com/p/B4fb0fGAYnX/,A bit of history behind the name of member affiliate organization “Allegra Franco School of Educational Leadership” that has trained so many community teachers over the years! Follow @sephardicheritagemuseum to learn about more amazing people and the history of our community  Posted @withrepost • @sephardicheritagemuseum “I am artistically inclined. I love to sew and make beautiful hats of different shapes from different materials to fit each individual’s face and colors to blend.” - Allegra (As
18010997458248628,2019-11-04,CAROUSEL_ALBUM,N/A (not video),False,https://www.instagram.com/p/B4dC6dRgSGL/,[SWIPE 👉🏻👉🏻] Sephardic Fellowship & Bet Midrash Program roster is out! Join ‘em Tuesday nights 8:30-9:30 at Sephardic Synagogue
17858846995596165,2019-11-04,IMAGE,N/A (not video),False,https://www.instagram.com/p/B4cUoevg9QK/,"Not too late to join this class taught by Mrs. Wielgus, Mondays at 10:45am on “Crisis & Continuity: Selective Themes in Sephardic History” @yofhs @sephardicheritagemuseum"
17880436465458741,2019-11-04,IMAGE,N/A (not video),False,https://www.instagram.com/p/B4bKvwHg2CM/,"You asked, we listened! One less thing to worry about as you go to classes this week. Just use the code for any class(es) you want to go to so that you don’t spend half the class circling around the block again...and again...and again..."
17989091086302082,2019-11-03,CAROUSEL_ALBUM,N/A (not video),False,https://www.instagram.com/p/B4aDlfTAo0g/,[SWIPE👉🏻👉🏻] Hillel Yeshiva HS Open House #SCAAffiliate #SCAAffiliateEvent
17852571325650900,2019-11-01,CAROUSEL_ALBUM,N/A (not video),False,https://www.instagram.com/p/B4UxZN9Ah3t/,[SWIPE👉🏻👉🏻] MDYHS Open House #SCAAffiliate #SCAAffiliateEvent
17846052601737069,2019-11-01,IMAGE,N/A (not video),False,https://www.instagram.com/p/B4TWbkPgaeF/,"Paying Tribute to Hakham Obadiah Yosef  Friday November 1, 2019 , the 3rd of MarHeshvan , marks the 6th anniversary of the passing of our great Rabbi and teacher Hakham Obadiah Yosef.  @ahaba_ve_ahva will be having a special learning program in memory of Hakham Obadiah Yosef  Friday morning 7:10AM--8:00AM  Come listen to words of inspiration given by his student and friend Hakham Shimon Hai Alouf. Followed by Dibre Torah and anecdotes regarding Hakham Obadiah Yosef by other rabbis of the congreg"
18089050792113749,2019-10-31,IMAGE,N/A (not video),False,https://www.instagram.com/p/B4SPm3YAJPz/,"Since the first tour got booked so quickly we worked with @mdypta and @museumjewishheritage to secure a SECOND tour. Please rsvp with us ASAP if interested in attending the tour, by contacting 718-812-4593"
17931319366322680,2019-10-29,CAROUSEL_ALBUM,N/A (not video),False,https://www.instagram.com/p/B4NfcVtgpVp/,[SWIPE👉🏻👉🏻] Women’s Shabbat #SCAAffiliate #SCAAffiliateEvent
17850961570657996,2019-10-28,IMAGE,N/A (not video),False,https://www.instagram.com/p/B4LUoLRAx0r/,"By popular demand were now offering a second edition of our SCA Media Club in Deal, NJ!"
17869130092497856,2019-10-28,IMAGE,N/A (not video),False,https://www.instagram.com/p/B4KWCOEAH66/,Hey Newlyweds! Come learn some “life lessons” from Bereshit and how to practically apply them into your lives in the future
17870081116492214,2019-10-27,IMAGE,N/A (not video),False,https://www.instagram.com/p/B4IajMygMp3/,Rabbi Tobias is starting his weekly Parasha class this Tuesday @welovemdyhs . Be there or be 🔲
17897452063400961,2019-10-27,IMAGE,N/A (not video),False,https://www.instagram.com/p/B4H8ocKgWuB/,"After a nice break for the holidays our fall classes are back in full force this week! Whether it’s your first time coming to one of our classes or you’ve been coming for years, we can’t wait to see you!"
17902022056376341,2019-10-26,IMAGE,N/A (not video),False,https://www.instagram.com/p/B4GU0PwA7GM/,"7 Day Arayat for Buddy Sutton A”H, Ovadia Ben Bahia  When: Tomorrow, Sunday, October 27th, 2019 Where: Ahaba Ve Ahva Tehilim: 2:00pm Speeches: 4:50pm Minha & Arbit: 5:35pm  Family: Wife: Jamille Children: Rabbi Harold Sutton, Richie Sutton, Barbara Abraham Siblings: Michael Sutton, Ruthie Mevorah"
17848002808684567,2019-10-25,IMAGE,N/A (not video),False,https://www.instagram.com/p/B4CiQOQABPb/,#3Giants1Room is this Monday night @thecenterscc !
18007848802259112,2019-10-24,IMAGE,N/A (not video),False,https://www.instagram.com/p/B4A6xyOJ3zQ/,#ShowUpForShabbat
17866818433505557,2019-10-24,IMAGE,N/A (not video),False,https://www.instagram.com/p/B4AE_EqA17n/,DM is if you’d like to receive articles and information about the upcoming event!
17891883190416715,2019-10-23,CAROUSEL_ALBUM,N/A (not video),False,https://www.instagram.com/p/B3-ki4DJqv2/,[SWIPE👉🏻👉🏻] Friday Night Unplugged #SCAAffiliate #SCAAffiliateEvent
17999421235267487,2019-10-16,IMAGE,N/A (not video),False,https://www.instagram.com/p/B3qYi3-gGH6/,"We are saddened to announce the passing of Buddy Sutton A”H, Ovadia Ben Bahia, father of our esteemed Rabbi Harold Sutton, who currently serves as Rosh Yeshivah of Magen David Yeshivah, @moreshet_yerushalayim & @sephardicrabbinicalcollege Our thoughts are with the family at this difficult time.  Wife: Jamille Children: Rabbi Harold Sutton, Richie Sutton, Barbara Abraham Siblings: Michael Sutton, Ruthie Mevorah  Family members will be available for visitors at their respective homes during the Su"
18076338196137437,2019-10-15,CAROUSEL_ALBUM,N/A (not video),False,https://www.instagram.com/p/B3qCSkLAGDh/,UPDATE: Due to weather conditions this event will now be taking place indoors rather than in the sukkah of CMDM. [SWIPE👉🏻👉🏻] Sukkot Lecture & BBQ with Rabbi Ikey Tawil #SCAAffiliate #SCAAffiliateClasses #SCAAffiliateClass
17920461067341613,2019-10-08,CAROUSEL_ALBUM,N/A (not video),False,https://www.instagram.com/p/B3XK1vfg6U1/,(2 of 2) What better way to go into Yom Kippur than HUNDREDS of community members showing up to @bethtorahbk last night learning in groups about Teshubah and launching @tanachstudy ‘s newest division PARASHA PLUS?!
17844664072705618,2019-10-08,CAROUSEL_ALBUM,N/A (not video),False,https://www.instagram.com/p/B3XJX_DgmAF/,(1 of 2) What better way to go into Yom Kippur than HUNDREDS of community members showing up to @bethtorahbk last night learning in groups about Teshubah and launching @tanachstudy ‘s newest division PARASHA PLUS?!
17844311050700712,2019-10-07,CAROUSEL_ALBUM,N/A (not video),False,https://www.instagram.com/p/B3VV35UAJUU/,[SWIPE 👉🏻👉🏻] Great class today with Mrs. Tokayer of @welovemdyhs by the Bawabehs about the necessary self reflection before Yom Kippur!
17889372793414370,2019-10-07,IMAGE,N/A (not video),False,https://www.instagram.com/p/B3UJ_BNgmkp/,"Join us tonight for “Haberim in Learning”, a night where we learn about perspectives of Teshuba, as we prepare for Yom Kippur!"
18033637138208047,2019-10-06,IMAGE,N/A (not video),False,https://www.instagram.com/p/B3Sx-tPA1si/,Don’t forget that tomorrow is our special Aseret Yeme Teshubah Class with Mrs. Esther Toyaker!
17847017017646646,2019-10-03,IMAGE,N/A (not video),False,https://www.instagram.com/p/B3J2T8agKwr/,"Join us this Monday night as we partner with @tanachstudy , @bethtorahbk and 6 other member affiliate organizations on launching “Parasha +”, the newest branch of Tanach Study over a night of group learning."
17859445303534897,2019-10-02,CAROUSEL_ALBUM,N/A (not video),False,https://www.instagram.com/p/B3IPlcugvBn/,[SWIPE 👉🏻👉🏻] Community Wide Sephardic Selihot #SCAAffiliate #SCAAffiliateEvent
17868592210488158,2019-10-02,IMAGE,N/A (not video),False,https://www.instagram.com/p/B3HkmZjA-Hb/,Join us for a special Aseret Yeme Teshubah Class with Mrs. Toyaker as we partner with @mdypta this Monday at the Bawabehs!
17863530442507290,2019-09-27,CAROUSEL_ALBUM,N/A (not video),False,https://www.instagram.com/p/B26f5TLAURe/,[SWIPE👉🏻👉🏻] Shabbat Morning Panels @our_synagogues #SCAAffiliate #SCAAffiliatePanel
18003268273256808,2019-09-25,CAROUSEL_ALBUM,N/A (not video),False,https://www.instagram.com/p/B22GpnCA6pr/,[SWIPE👉🏻👉🏻] Mr. Charlie Harary #SCAAffiliate #SCAScholarInResidence
17925660553322954,2019-09-25,CAROUSEL_ALBUM,N/A (not video),False,https://www.instagram.com/p/B20D-qxgF5h/,"[SWIPE 👉🏻👉🏻] Great class today with Rabbi Tobias, preparing us for the holidays with a message about change @welovemdy @welovemdyhs @mdypta"
18065250289146066,2019-09-23,IMAGE,N/A (not video),False,https://www.instagram.com/p/B2wqiyUAHXU/,Don’t forget to join us tomorrow for a special class with Rabbi Tobias @welovemdy !
17863309498497165,2019-09-23,CAROUSEL_ALBUM,N/A (not video),False,https://www.instagram.com/p/B2u6jiOgRe1/,[SWIPE👉🏻👉🏻] @westdealshul & Larchwood Synagogue Classes Schedule #SCAAffiliate #SCAClassesSchedule
18031952641208120,2019-09-22,IMAGE,N/A (not video),False,https://www.instagram.com/p/B2sVln9AzD_/,Join us on this special tour lead by Sarah Tawil- “Auschwitz: Not Long Ago. Not Far Away”. RSVP required and we only have a few spots left so please reach out to us ASAP if you’d like to attend.
17883088807425304,2019-09-20,IMAGE,N/A (not video),False,https://www.instagram.com/p/B2os2Goge2f/,Congressman coming to the community! Join us this Sunday night @thecenterscc for an opportunity to hear from Congressman Max Rose himself and what his thoughts on his trip to Israel 🇺🇸🇮🇱
17845159933651020,2019-09-18,IMAGE,N/A (not video),False,https://www.instagram.com/p/B2kRFG0Arpa/,"“Our Boys” is based on the true events which led to the outbreak of war in Gaza. The series follows the investigation of the death of 3 Jewish teens and then Mohammed Abu Khdeir’s murder, and tells the story of all those involved, Jews and Arabs alike, whose lives were forever changed by these events. Join us for a lively discussion with Rabbi Albert Setton analyzing the series and the Torah’s perspective on vengeance."
17893090603385233,2019-09-17,CAROUSEL_ALBUM,N/A (not video),False,https://www.instagram.com/p/B2gxJzkgPU-/,[SWIPE👉🏻👉🏻] Pre-Rosh Hashanah Learning Program #SCAAffiliateClasses #SCAAffiliate
17961857320289430,2019-09-16,IMAGE,N/A (not video),False,https://www.instagram.com/p/B2eaZHkgWYv/,Special class with Rabbi Tobias next Tuesday!
17843155888641343,2019-09-11,IMAGE,N/A (not video),False,https://www.instagram.com/p/B2Rw4cLg6Vt/,"Excited to announce our partnership with @sephardicheritagemuseum this semester! Join Mrs. Wielgus on Mondays @yofhs as she goes through “Selected Themes in Sephardic History” based off of film episodes, manuscripts, interviews,  artifacts and all the other treasures the museum has!"
17845691041620214,2019-09-10,CAROUSEL_ALBUM,N/A (not video),False,https://www.instagram.com/p/B2O6aOcAMZQ/,When you open the @imageusa magazine and see half of the pics from the “Community Summer Photo Album” are from SCA events this summer >>>
17843470735645020,2019-09-09,CAROUSEL_ALBUM,N/A (not video),False,https://www.instagram.com/p/B2NDYa1gj2q/,"MUST WATCH! When Past President of Beth Torah, Jeffrey Dweck approached us asking if he can make a video testimonial about our recent initiative ""SCA Minhag of the Week"" we asked him what he had to say about a project that is only a few months old. But when he told us why his 90 year old father got emotional during one of our recent videos, we thought it would be wrong of us not to share this story with the entire community."
17855049937533596,2019-09-09,CAROUSEL_ALBUM,N/A (not video),False,https://www.instagram.com/p/B2MUp9tAKaf/,[SWIPE 👉🏻👉🏻] Haberim in Learning #SCAAffiliate #SCAAffiliateEvent
18099283354014036,2019-09-09,IMAGE,N/A (not video),False,https://www.instagram.com/p/B2K6MQEAAo2/,Some Specialty Classes Schedule This Fall 🍁🍂🍁🍂
18063357490148723,2019-09-08,IMAGE,N/A (not video),False,https://www.instagram.com/p/B2KhaS7gU9e/,🍂 🍁 Updated 🍁 🍂 Fall 2019 Women’s Learning Program Schedule of Weekly Classes!
17867944510466986,2019-09-05,IMAGE,N/A (not video),False,https://www.instagram.com/p/B2CMemNAtJs/,Join us next week as we partner with @our_synagogues for a weekly class with Rabbi Moshe Shamah!
17991368644263217,2019-09-05,IMAGE,N/A (not video),False,https://www.instagram.com/p/B2B25cLAVBc/,SCA & @barkaiyeshiva ’s weekly class with Rabbi Moses Haber starts this Tuesday!
18058056943163471,2019-09-04,IMAGE,N/A (not video),False,https://www.instagram.com/p/B1_nPZPA6oi/,Catch us at 400 Ave U on Mondays for some more classes that are a part of our Fall 2019 Women’s Learning Program!
18077711614104607,2019-09-03,IMAGE,N/A (not video),False,https://www.instagram.com/p/B19IdriAuwF/,SCA & @welovemdyhs Fall 2019 Women’s Learning Program! More classes held at additional member affiliate institutions to follow...
17845459597610461,2019-09-02,IMAGE,N/A (not video),False,https://www.instagram.com/p/B17PcIugJRK/,SCA partners with @yofhs for our fall 2019 women’s learning program! Stay tuned for class schedules at additional locations and institutions that we’re posting in the coming days!
18064034899134485,2019-08-27,CAROUSEL_ALBUM,N/A (not video),False,https://www.instagram.com/p/B1rYAK8A566/,"[SWIPE 👉🏻👉🏻] On behalf of the entire community, we just want to say THANK YOU for another great summer of spreading Torah and educating us all! 👏👏👏"
18014623426240109,2019-08-26,IMAGE,N/A (not video),False,https://www.instagram.com/p/B1pBEKVga4h/,Look out for full schedule coming soon...
17845737397589803,2019-08-23,CAROUSEL_ALBUM,N/A (not video),False,https://www.instagram.com/p/B1ge4JvAGJF/,[SWIPE 👉🏻👉🏻] SCA JCC Shabbat Minyan Schedule This Week!
18062887651190810,2019-08-18,VIDEO,NOT_FETCHED,False,https://www.instagram.com/p/B1SS5CnANY-/,Timelapse footage from a security camera of the thousands of attendees who entered and exited the JCC last Sunday for our annual Rabbi Dr. Ezra Labaton A”h Tish’a BeAb Day of Learning.
18056676850144345,2019-08-16,CAROUSEL_ALBUM,N/A (not video),False,https://www.instagram.com/p/B1OVAD3gkyp/,[SWIPE 👉🏻👉🏻] SCA JCC Shabbat Minyan Schedule This Week!
17888702017375964,2019-08-15,CAROUSEL_ALBUM,N/A (not video),False,https://www.instagram.com/p/B1M2BQfAmMz/,[SWIPE 👉🏻👉🏻] Thank you to the Sakas for hosting Rabbi Bald earlier today for our final #SCAParashaOnThePorch of the season!
17848857082532001,2019-08-15,IMAGE,N/A (not video),False,https://www.instagram.com/p/B1L1Np-A_nR/,"Aaaaand that’s a wrap! A huge thank you to all of our teachers that took place in our men’s summer learning program! Pictured from left to right: Rabbi Nathan Dweck, Rabbi Nathan Zaboulani, Rabbi Avi Harari, Mr. Edward Benjamin, Rabbi Jack Savdie, Rabbi Ikey Tawil, Rabbi Harold Sutton, Rabbi Moses Haber, Rabbi Charles Safdieh, Rabbi Victor Mosseri, Mr. Murray Mizrachi & Rabbi Victor Gheriani (Not pictured: Rabbi Joseph Mizrachi, Rabbi David Tawil, Rabbi Ike Hanon, Mr. Michael Franco, Rabbi Alber"
17845284325570981,2019-08-15,CAROUSEL_ALBUM,N/A (not video),False,https://www.instagram.com/p/B1LAtK2gocO/,"[SWIPE 👉🏻👉🏻] Over 100 boys showed up to Hathaway tonight for our annual end of summer Siyyum! We got to hear Dibre Torah from Rabbi Yitzhak Farhi, Rabbi Harold Sutton, Rabbi Ikey Tawil and be Mesayem Masekhet Bekhorot with Rabbi Charles Safdieh. If that wasn’t enough we got to hear from a “Class MVP” (See swipe # 6!) Additionally we got to publicly thank 2 unsung heroes who helped the program run so smoothly, Michael & Avner. Thank you to @mazzaandmore and Glatt Bite for leaving us all more than"
17906078125342932,2019-08-13,IMAGE,N/A (not video),False,https://www.instagram.com/p/B1HGg46gOBz/,Our Annual End of Summer Learning Program Siyum is taking place tomorrow night at Hathaway!
18047480890173287,2019-08-13,CAROUSEL_ALBUM,N/A (not video),False,https://www.instagram.com/p/B1GYg7BgT51/,"[SWIPE👉🏻👉🏻] Over the past 24 hours, we’ve received an influx of emails, texts, DMs, messages in chats, comments on social media and more about Sunday’s program. We’ve decided to share some of our favorite here."
18024228211212950,2019-08-13,IMAGE,N/A (not video),False,https://www.instagram.com/p/B1FYgNxA7eh/,The final #scaparashaontheporch of the season is this Thursday and features Rabbi Howard Bald!
18051980362165939,2019-08-12,CAROUSEL_ALBUM,N/A (not video),False,https://www.instagram.com/p/B1E2iXMApFA/,(4/4) Thank you to all of rabbis and teachers for sharing their inspiring words with us yesterday at our annual Rabbi Dr. Ezra Labaton A”H Tish’a BeAb at the JCC
18091209859022573,2019-08-12,CAROUSEL_ALBUM,N/A (not video),False,https://www.instagram.com/p/B1E17uPgn8o/,(3/4) Thank you to all of rabbis and teachers for sharing their inspiring words with us yesterday at our annual Rabbi Dr. Ezra Labaton A”H Tish’a BeAb at the JCC
18062394463081966,2019-08-12,CAROUSEL_ALBUM,N/A (not video),False,https://www.instagram.com/p/B1E1mk2AbOo/,(2/4) Thank you to all of rabbis and teachers for sharing their inspiring words with us yesterday at our annual Rabbi Dr. Ezra Labaton A”H Tish’a BeAb at the JCC
18022821697211012,2019-08-12,CAROUSEL_ALBUM,N/A (not video),False,https://www.instagram.com/p/B1E1OtbgTs-/,(1/4) Thank you to all of rabbis and teachers for sharing their inspiring words with us yesterday at our annual Rabbi Dr. Ezra Labaton A”H Tish’a BeAb at the JCC!
18089559328021959,2019-08-12,CAROUSEL_ALBUM,N/A (not video),False,https://www.instagram.com/p/B1DAc26AQdO/,"Rabbi Dr. Ezra Labaton Tish’a BeAb 2019 at the JCC. May we merit to celebrate this day next year in Jerusalem with the new Bet Hamikdash. A day like today would not have been possible without so many people and we want to take a minute to thank them all (in no particular order) . The 4,000+ participants who came today to the JCC . .  Our 35+ Rabbis & teachers who took time out of their day to teach us . . Rabbi Moses Haber, who’s professionalism in coordinating this entire programs makes it what"
17907487309343186,2019-08-11,IMAGE,N/A (not video),False,https://www.instagram.com/p/B1B9AF5gzrK/,All day classes
17855480113495684,2019-08-09,CAROUSEL_ALBUM,N/A (not video),False,https://www.instagram.com/p/B09LfNTgzUx/,[SWIPE 👉🏻👉🏻] SCA JCC Shabbat Minyan Week 8 Schedule!
18081622531073358,2019-08-09,IMAGE,N/A (not video),False,https://www.instagram.com/p/B08M3kuATeb/,"Each year at our Rabbi Dr. Ezra Labaton A""H Tish'a BeAb Program we show a movie that is connected to the message of Tish'a BeAb, focusing on our past struggles as a nation. For the first time ever, we are privileged to have access a @sephardicheritagemuseum film which goes through the history of our very own community less than a century ago- ""Episode 6: The Life & Escape of the Jews of Syria 1930-1967"". The film will begin promptly at 5:15pm and seating will be on a first come first serve basis"
18070843612115782,2019-08-09,IMAGE,N/A (not video),False,https://www.instagram.com/p/B07UzhPAbCw/,"A closer look at our Rabbi Dr. Ezra Labaton A”H Tish’a BeAb Schedule 2019, taking place this Sunday at the JCC"
17903750929347657,2019-08-08,CAROUSEL_ALBUM,N/A (not video),False,https://www.instagram.com/p/B060S1rg6xu/,[SWIPE 👉🏻👉🏻] Another overflowing porch with @rabbidweck in this week’s #scaparashaontheporch by the Malehs!
18072794236128555,2019-08-08,IMAGE,N/A (not video),False,https://www.instagram.com/p/B05ltk3AslC/,Rabbi Dr. Ezra Labaton A”H Tish’a BeAb Schedule 2019
17884468717390075,2019-08-07,IMAGE,N/A (not video),False,https://www.instagram.com/p/B03C5yFAMmx/,Come to Hathaway Wednesdays at 12:15pm to learn “Talmudic Stories Through a New Lens” with Mrs. Emily Labaton!
17848010848527860,2019-08-07,CAROUSEL_ALBUM,N/A (not video),False,https://www.instagram.com/p/B02PooDgzmB/,[SWIPE 👉🏻👉🏻] Another great night! A huge thank you goes out to Regine & Jack Ashkenazie for opening up their home for 75+ community members to come hear @rabbidweck speak about parenting and how to inspire our children to be engaged in Judaism!
18009960703239799,2019-08-06,CAROUSEL_ALBUM,N/A (not video),False,https://www.instagram.com/p/B003hT2AyfH/,[SWIPE 👉🏻👉🏻] Tuesday nights at 8:00 with the one and only Rabbi Besser in Hathaway for High School & College Aged Girls!
18059921251141542,2019-08-06,CAROUSEL_ALBUM,N/A (not video),False,https://www.instagram.com/p/B00f4YagvHa/,[SWIPE 👉🏻👉🏻] MDY Night of Learning & Unity #SCAAffiliate #SCAAffiliateEvent
17857093150481091,2019-08-05,IMAGE,N/A (not video),False,https://www.instagram.com/p/B0zDj_9g8rI/,"Rabbis, Teachers & Educators Teaching this Saturday night & Sunday at the JCC. Full Schedule coming soon."
18060809482138385,2019-08-05,IMAGE,N/A (not video),False,https://www.instagram.com/p/B0yjoQYg8sf/,This week’s #scaparashaontheporch features Rabbi Joseph Dweck!
17881521100399770,2019-08-05,CAROUSEL_ALBUM,N/A (not video),False,https://www.instagram.com/p/B0ySZ58guR2/,"Send in your elementary school aged girls to “Life Lessons From the Parasha” with Mrs. Rayna Cohen, Mondays @6:00 at Hathaway!"
17885908576387491,2019-08-05,IMAGE,N/A (not video),False,https://www.instagram.com/p/B0w64YagCik/,This Tuesday night with @rabbidweck !
17977364029274375,2019-08-04,CAROUSEL_ALBUM,N/A (not video),False,https://www.instagram.com/p/B0v_BiDgwJ1/,"Only 2 weeks left of summer classes but it’s not too late to join! Mrs. Vivien Hidary’s class at Hathaway, Mondays @11:00am is where it’s at!"
17852997109497297,2019-08-02,CAROUSEL_ALBUM,N/A (not video),False,https://www.instagram.com/p/B0qbDw-A3j1/,[SWIPE 👉🏻👉🏻] SCA JCC Minyan Week 7 Schedule!
17875891615411955,2019-08-02,CAROUSEL_ALBUM,N/A (not video),False,https://www.instagram.com/p/B0pb8lmAT0I/,"[SWIPE 👉🏻👉🏻] Some shots from tonight's discussion with @rabbidweck called ""What's on your Mind?"" Thank you to all of our 18-35 year old attendees who supplied us with challenging questions. We enjoyed a lively discussion that thoroughly spanned topics such as halakha, philosophy & current challenges faced by those in our community.  A special thank you to the Harary family for being such gracious hosts."
17858844043472247,2019-08-01,CAROUSEL_ALBUM,N/A (not video),False,https://www.instagram.com/p/B0oeji7gJyj/,"With crowds this big, we’re barely still fitting on porches! 100+ women showed up to this week’s #scaparashaontheporch earlier today to hear @rabbidweck on the Franco porch!"
17870990290429673,2019-07-31,CAROUSEL_ALBUM,N/A (not video),False,https://www.instagram.com/p/B0mGLMsghAn/,"[SWIPE 👉🏻👉🏻] Wow! Over 50 women showed up to our summer book club today! Discussing a very important and meaningful topic. Women of all ages had so much to contribute! Whether they’re starting off their career paths, continuing old passions or advising their daughters headed down this path....Thank you to moderator @rachelashkenazi_ and to Jane & Sammy Sutton for graciously opening up their home... can’t wait for the next one!"
17875822885416971,2019-07-31,CAROUSEL_ALBUM,N/A (not video),False,https://www.instagram.com/p/B0lmP18AacT/,What’s better than learning about the parasha and then doing art projects related to it?! Well Mrs. Michelle Gindi is offering it 6:00-7:00 every Wednesday to elementary school aged girls at Hathaway!
18086530525003637,2019-07-30,CAROUSEL_ALBUM,N/A (not video),False,https://www.instagram.com/p/B0jPBLkA0hK/,"[SWIPE 👉🏻👉🏻] Were so proud of these amazing girls for attending Ms. Charlotte Harary’s class week after week to learn more about “Becoming Your Best Self”. It’s not too late to join in on the action! Tuesdays, 6:00pm at Hathaway!"
17872450828425985,2019-07-30,IMAGE,N/A (not video),False,https://www.instagram.com/p/B0i60T-A8Gh/,THIS THURSDAY NIGHT! It’s not too late to finish submitting your last questions on the form we set up on SCAupdates.org
18059496478186780,2019-07-30,CAROUSEL_ALBUM,N/A (not video),False,https://www.instagram.com/p/B0ie_01AIfQ/,“Stay Inspired” with Rabbi Besser’s weekly class Tuesdays @ 12:30 at Hathaway
18004859665246384,2019-07-29,CAROUSEL_ALBUM,N/A (not video),False,https://www.instagram.com/p/B0hK5VWgPBm/,"[SWIPE 👉🏻👉🏻] Amazing Classes, Incredible Rabbis & Teachers and Delicious Dinners...Hathaway Night Learning Program is the place to be! To see the full schedule of daily classes that we offer, visit SCAupdates.org"
18060064249137232,2019-07-29,CAROUSEL_ALBUM,N/A (not video),False,https://www.instagram.com/p/B0gkoMFAJZl/,"📢📢📢Att High School Aged Girls: If you want to learn about how to build positive relationships through Torah, then this class with Mrs. Rachelle Tawil is for you! Monday nights at Hathaway, 7:00pm-8:00pm"
17850385939516594,2019-07-29,IMAGE,N/A (not video),False,https://www.instagram.com/p/B0gOhxLgi1e/,This week’s #scaparashaontheporch features Rabbi Joseph Dweck!
18079411321074641,2019-07-29,CAROUSEL_ALBUM,N/A (not video),False,https://www.instagram.com/p/B0gCZraAVvh/,Rabbi Dr. Raymond Harari’s class resumes NEXT Monday @ 12:15pm
17975310274277264,2019-07-26,CAROUSEL_ALBUM,N/A (not video),False,https://www.instagram.com/p/B0XF_l4gnoq/,[SWIPE 👉🏻👉🏻] SCA JCC Minyan Week 6 Schedule!
17908591255329396,2019-07-25,IMAGE,N/A (not video),False,https://www.instagram.com/p/B0W3r6ZgcS2/,Thank you to the Shamies for hosting the today’s #scaparashaontheporch with Rabbi Moses Haber!
18066666952112264,2019-07-24,CAROUSEL_ALBUM,N/A (not video),False,https://www.instagram.com/p/B0UF8zqAWti/,[SWIPE 👉🏻👉🏻] “Take a Stand” with @rabbishlomofarhi #SCAAffiliate #SCAAffiliateEvent
17868385210433013,2019-07-24,IMAGE,N/A (not video),False,https://www.instagram.com/p/B0Tqrt_AWLK/,"One week from today! Our Summer book club- a fast and easy beach read, that will lead to a meaningful discussion. We hope you can join us whether you’ve read the book or not!"
17866279117439741,2019-07-24,IMAGE,N/A (not video),False,https://www.instagram.com/p/B0S-YM0ACvR/,"Learn how to harmonize contradictory ideas in Judaism with Rabbi Albert Setton at Hathaway, Wednesdays @ 11:00am!"
18088854439037613,2019-07-23,VIDEO,NOT_FETCHED,True,https://www.instagram.com/p/B0Rgug9AuzM/,"“What is a Minhag?” Find out the answer to this and so many other Minhag topics such as Minhag vs. Halakha, The Value of Preserving Minhagim, How To Deal With a ‘Minhag Taoot’... by searching on YouTube “SCA Minhag of the Week 17 Be’Tammuz Panel 2019” #SCAMinhagoftheWeek"
17853922327485067,2019-07-23,VIDEO,NOT_FETCHED,False,https://www.instagram.com/p/B0RRY2DAk5f/,Men’s Learning Program at Hathaway flourishing morning & night. Check out SCAupdates.org to see the list of our dozens of daily classes that we offer to find one that’s right for you
17907948511335983,2019-07-23,IMAGE,N/A (not video),False,https://www.instagram.com/p/B0Q5gVOANGb/,“How to keep your children inspired &  engaged in their Judaism” with @rabbidweck is just 2 weeks away!
18086406712030017,2019-07-23,CAROUSEL_ALBUM,N/A (not video),False,https://www.instagram.com/p/B0QiY5RAqHG/,Join Mrs. Esther Hidary every Tuesday at 11:15am at Hathaway class on “Topics in Jewish Thought”
17852651992494259,2019-07-22,CAROUSEL_ALBUM,N/A (not video),False,https://www.instagram.com/p/B0O6JA8gy1k/,[SWIPE 👉🏻👉🏻] The Power of Prayer with @rabbishlomofarhi #SCAAffiliate #SCAAffiliateEvent
18084496759043799,2019-07-22,CAROUSEL_ALBUM,N/A (not video),False,https://www.instagram.com/p/B0OdUU0gKx7/,More pictures from yesterday’s day of learning at Hathaway with @tanachstudy !
17863257916446858,2019-07-22,IMAGE,N/A (not video),False,https://www.instagram.com/p/B0OQtAcA7lK/,This week’s #scaparashaontheporch features Rabbi Moses Haber!
17848779550520015,2019-07-22,CAROUSEL_ALBUM,N/A (not video),False,https://www.instagram.com/p/B0N8uIdAs-s/,Yesterday’s 17 Be’Tammuz day of learning at Hathaway had an amazing turnout & we could not have done it without the hard work of member affiliate @tanachstudy - great job guys! Stay tuned for the links to so many of the classes that will be posted on YouTube in the near future!
18050893294158247,2019-07-21,IMAGE,N/A (not video),False,https://www.instagram.com/p/B0KPLsvgldV/,Spend 17 Tammuz fast by Hathaway with learning and classes all day long!
17843462797547766,2019-07-19,CAROUSEL_ALBUM,N/A (not video),False,https://www.instagram.com/p/B0GRuqWgogR/,[SWIPE 👉🏻👉🏻] SCA JCC Minyan Week 5 Schedule!
17973126586277383,2019-07-18,CAROUSEL_ALBUM,N/A (not video),False,https://www.instagram.com/p/B0E7ohSA2DV/,A bit of hot weather isn’t stopping us! Thank you to the Dwecks for hosting the today’s #scaparashaontheporch with Rabbi  Richard Tobias!
17847875683518023,2019-07-18,CAROUSEL_ALBUM,N/A (not video),False,https://www.instagram.com/p/B0EWxxOgKLu/,Add some meaning to your 17 Tammuz fast by coming to Hathaway this Sunday! Swipe 👉🏻👉🏻 for full schedule
18076464301075196,2019-07-17,CAROUSEL_ALBUM,N/A (not video),False,https://www.instagram.com/p/B0BZFbbARtV/,[SWIPE 👉🏻👉🏻] High Heat Tournament #SCAAffiliate #SCAAffiliateEvent
17877273487400289,2019-07-16,CAROUSEL_ALBUM,N/A (not video),False,https://www.instagram.com/p/Bz_wiFFpxDa/,So much going on that we couldn’t fit it in one picture! Keep on swiping to see some of our highlights from the past week!
17846631280514728,2019-07-16,IMAGE,N/A (not video),False,https://www.instagram.com/p/Bz_h2TTpslD/,This Sunday at Hathaway- stay tuned for release of full schedule coming shortly!
17916682168310291,2019-07-16,CAROUSEL_ALBUM,N/A (not video),False,https://www.instagram.com/p/Bz-jVybA9AJ/,[SWIPE 👉🏻👉🏻] Movie Night Under The Stars #SCAAffiliate #SCAAffiliateEvent
18016514014211076,2019-07-15,IMAGE,N/A (not video),False,https://www.instagram.com/p/Bz8eMFVAMXH/,This week’s #scaparashaontheporch features Rabbi Richard Tobias!
18083903101005262,2019-07-15,CAROUSEL_ALBUM,N/A (not video),False,https://www.instagram.com/p/Bz8FNL7gCFi/,"“Tefilah Time” with Mrs. Barbara Blanco for elementary school girls, Mondays @6pm at Hathaway!"
17948179276288356,2019-07-15,IMAGE,N/A (not video),False,https://www.instagram.com/p/Bz6uEtugAap/,SCA Summer Book Club ☀️🌴 📖
18053589673186687,2019-07-12,CAROUSEL_ALBUM,N/A (not video),False,https://www.instagram.com/p/Bz0S3aEgpCm/,[SWIPE 👉🏻👉🏻] SCA Shabbat Minyanim at JCC Welcomes Hakham Shimon Alouf!
18006243256224875,2019-07-11,CAROUSEL_ALBUM,N/A (not video),False,https://www.instagram.com/p/Bzyd2K5JW89/,Thank you to the Hanons for hosting the summers first #scaparashaontheporch with Rabbi Dr. Raymond Harari!
17843732461524769,2019-07-11,IMAGE,N/A (not video),False,https://www.instagram.com/p/BzwvjOCAzIJ/,A jam packed room at our Hathaway Learning Program
17971175980278862,2019-07-08,IMAGE,N/A (not video),False,https://www.instagram.com/p/BzqLLUAAhfv/,Parasha on the Porch this Thursday is with Rabbi Dr. Raymond Harari!
18087156592035485,2019-07-07,IMAGE,N/A (not video),False,https://www.instagram.com/p/BzntFf-ALoB/,Starts this Thursday with Rabbi Dr. Raymond Harari! Details to follow...
18003791620233880,2019-07-05,CAROUSEL_ALBUM,N/A (not video),False,https://www.instagram.com/p/BzidzdAgwOn/,[SWIPE 👉🏻👉🏻] SCA JCC Minyan Week 3 Schedule!
17865847738425533,2019-07-04,IMAGE,N/A (not video),False,https://www.instagram.com/p/BzftKg_A5bb/,🇺🇸🇺🇸🇺🇸
17896419232348280,2019-07-03,VIDEO,NOT_FETCHED,False,https://www.instagram.com/p/BzeKGQzAr37/,Rabbi Dr. Richard Hidary on “The Rabbi Who Inspired Lincoln’s Address” #SCAHolidayMessage
17945226916291036,2019-07-03,VIDEO,NOT_FETCHED,False,https://www.instagram.com/p/BzdK-t4HwpD/,Rabbi Avi Harari’s Halakha Class last night...just one of our 25+ DAILY men’s classes we offer at Hathaway
17998110823246191,2019-07-02,IMAGE,N/A (not video),False,https://www.instagram.com/p/BzbVMFIA29-/,Continue sending in your questions that you’d like addressed at this event by filling out the form we set up on the homepage of our website SCAupdates.org !
17860960639435620,2019-07-02,CAROUSEL_ALBUM,N/A (not video),False,https://www.instagram.com/p/BzaiR4YA4A8/,[SWIPE 👉🏻👉🏻] Canasta & Mahjong Tournament & Chinese Auction #SCAAffiliate #SCAAffiliateEvent
17860802011441366,2019-07-01,IMAGE,N/A (not video),True,https://www.instagram.com/p/BzZKOIIgiR0/,And this is only just the beginning...#SCAMinhagOfTheWeek
18077460160032905,2019-06-27,CAROUSEL_ALBUM,N/A (not video),False,https://www.instagram.com/p/BzOsXdAgK-F/,[SWIPE 👉🏻👉🏻] SCA JCC Minyan Week 2 Schedule!
18079243036043260,2019-06-27,CAROUSEL_ALBUM,N/A (not video),False,https://www.instagram.com/p/BzNsjqpgkTO/,[SWIPE👉🏻👉🏻] Magen David of West Deal Summer Classes Schedule #SCAAffiliate #SCAAffiliateClasses
17999621440242284,2019-06-26,CAROUSEL_ALBUM,N/A (not video),False,https://www.instagram.com/p/BzLXVD9AkTQ/,"[SWIPE 👉🏻👉🏻] Check out our new Habrutah Program At Hathaway! In addition to our multitude of classes going each night, you can come with a friend and we’ll give you materials to learn together (with Rabbis walking around to help when needed) or you can stop in alone and we’ll set you up with a rabbi to learn with, one-on-one!"
18046088185179436,2019-06-25,IMAGE,N/A (not video),False,https://www.instagram.com/p/BzI6lIIgfj3/,Congratulations @thecenterscc ! #TikkunOlam #KiddushHashem
18044778088183720,2019-06-25,CAROUSEL_ALBUM,N/A (not video),False,https://www.instagram.com/p/BzIk0aogTEk/,[SWIPE 👉🏻👉🏻] Last night we kicked off our 10th summer of SCA learning at Hathaway! In 2009 only a handful of kids showed up during the beginning weeks but were proud to say that last night’s “opening night of classes” was attended by over 80 people and were only going up from... here’s to another great summer full of Torah!
17892797524351016,2019-06-23,CAROUSEL_ALBUM,N/A (not video),False,https://www.instagram.com/p/BzD6-LlAEZY/,[SWIPE👉🏻👉🏻] Al & Sonny Gindi A”H Tehilim Benefactor Campaign at Bnei Yitzhak #SCAAffiliatePublication #SCAAffiliate
17850142891463295,2019-06-23,IMAGE,N/A (not video),False,https://www.instagram.com/p/BzDcLx2Anr4/,Sign up for our new Advanced Womens Learning Program!
17941625389292814,2019-06-20,CAROUSEL_ALBUM,N/A (not video),False,https://www.instagram.com/p/By8b2WLAm6d/,[SWIPE 👉🏻👉🏻] SCA JCC Minyan Week 1 Schedule!
17846862424479616,2019-06-19,CAROUSEL_ALBUM,N/A (not video),False,https://www.instagram.com/p/By6PNDqglZJ/,[SWIPE👉🏻👉🏻] Bet Rachel of Larchwood Summer Classes Schedule #SCAAffiliate #SCAAffiliateClasses
17865340009411863,2019-06-19,CAROUSEL_ALBUM,N/A (not video),False,https://www.instagram.com/p/By5TxC1gfd2/,[SWIPE 👉🏻👉🏻] HOT OFF THE PRESS 🔥🔥🔥! We have brochures waiting for everyone at all of our Affiliate Synagogues on the Jersey Shore! This year we ALSO put a bunch in stores as well! You’re gonna want to grab em before they run out...
17891140429351054,2019-06-18,CAROUSEL_ALBUM,N/A (not video),False,https://www.instagram.com/p/By2wHjVAelF/,[SWIPE 👉🏻👉🏻] Making the move to NJ this week and want to find out the morning times of a SCA Member Affiliate Synagogue near you? Look no further because we’ve got you covered!
17869704295402847,2019-06-17,CAROUSEL_ALBUM,N/A (not video),False,https://www.instagram.com/p/Byz1CeUAVsQ/,"[SWIPE 👉🏻👉🏻] A closer look at our 13 weekly classes that are tailored specifically towards elementary school aged kids, which are just a small fraction of our 75+ weekly classes we are offering this summer at Hathaway!"
17973562276271823,2019-06-16,IMAGE,N/A (not video),False,https://www.instagram.com/p/Byx2PsrAo6j/,This summer will mark the 10th year since the opening of our JCC Minyan featuring Scholars in Residence from across the community and across the globe! Join us this upcoming Shabbat for our first Scholar in Residence of the summer: Rabbi Harold Sutton. Details to follow...
18041771782177214,2019-06-12,CAROUSEL_ALBUM,N/A (not video),False,https://www.instagram.com/p/BynvAHBgPY7/,[SWIPE 👉🏻👉🏻] Zooming in (quite literally) to our women’s daytime classes this summer at Hathaway!
17998681798230651,2019-06-11,CAROUSEL_ALBUM,N/A (not video),False,https://www.instagram.com/p/BylGXKBgyTF/,[SWIPE 👉🏻👉🏻] SO 👏MANY 👏SUMMER👏CLASSES👏
18045519727138037,2019-06-07,CAROUSEL_ALBUM,N/A (not video),False,https://www.instagram.com/p/BybGusqAl5O/,[SWIPE 👉🏻👉🏻] On the Jersey Shore this holiday and staying up all night? Check out the multitude of classes our affiliates are offering!
18074747092033996,2019-06-07,IMAGE,N/A (not video),False,https://www.instagram.com/p/ByakL6BgkxD/,"[2 of 2] ...And at nights we have a schedule dedicated to Elementary, High School and College aged women as well! Hag Sameah!"
17884802200359609,2019-06-07,IMAGE,N/A (not video),False,https://www.instagram.com/p/Byaj9APAClZ/,"[1 of 2] What better way to celebrate receiving the Torah than officially drop our summer women’s learning program today?! Don’t worry, we’re working on creating fliers with BIGGER fonts in the coming days focusing on each day’s schedule, but we were just too excited to wait to post these! Happy holiday!"
17845950289463993,2019-06-07,IMAGE,N/A (not video),False,https://www.instagram.com/p/ByaOS-NA9HB/,Schedule for Parasha on the Porch Summer #2 is 🔥 🔥 🔥
17850106564450546,2019-06-07,IMAGE,N/A (not video),False,https://www.instagram.com/p/ByY6UwlAefU/,****Pencil in your calendars**** Start submitting your questions by filling out the form on SCAupdates.org (or by shooting us over a DM!)
18006238033215748,2019-06-05,IMAGE,N/A (not video),False,https://www.instagram.com/p/ByVjYoUA9Wl/,"Wednesdays @ 11:00, Hathaway Learning Program is the place to be"
18074586505041762,2019-06-05,CAROUSEL_ALBUM,N/A (not video),False,https://www.instagram.com/p/ByVWZpEgr2i/,[SWIPE 👉🏻👉🏻] Congratulations Sally Grazi-Shatzkes!
17842468651481958,2019-06-05,IMAGE,N/A (not video),False,https://www.instagram.com/p/ByVNHcPgdhy/,"Ahh, nothing like attending great classes on nice summer nights..."
18038716879150188,2019-06-04,IMAGE,N/A (not video),False,https://www.instagram.com/p/ByTBDo6goiM/,Be there or be square! Full schedule coming shortly
17846521951461888,2019-06-04,IMAGE,N/A (not video),False,https://www.instagram.com/p/ByStlthgjP9/,Flying in from Israel just to be a part of our learning program! Full schedule coming soon...
18053988970111931,2019-06-03,IMAGE,N/A (not video),False,https://www.instagram.com/p/ByQVcx0AoFl/,Rabbi Besser’s class is officially set in stone for the summer! Tuesdays @ 12:30. Stay tuned for complete schedule coming very shortly!!
17913134050306203,2019-06-02,CAROUSEL_ALBUM,N/A (not video),False,https://www.instagram.com/p/ByN9gfZAz3N/,"We are so proud of our community staunchly supporting the state of Israel both in NY and in Israel!!! #SCAStandsWithIsrael #TogetherOnFifth #AmYisraelHai 🇮🇱 🇮🇱 Slide 1- Rabbi Richard Tobias, principal of Magen David Joe & Celia Esses High School and rabbi at Beth Torah marching proudly with students of @welovemdyhs !! 🇮🇱 🇮🇱 Slide 2- Rabbi Moses Haber, principal of Barkai Yeshivah marching proudly with students of @barkaiyeshivah !! 🇮🇱 🇮🇱 Slide 3- Mrs. Esther Hidary, assistant principal of Yeshiv"
18038628700178810,2019-06-02,IMAGE,N/A (not video),False,https://www.instagram.com/p/ByNLbJNAx7Y/,Happy Yom Yerushalayim!
17900922034320639,2019-05-31,CAROUSEL_ALBUM,N/A (not video),False,https://www.instagram.com/p/ByIiSHfg5Og/,"[SWIPE 👉🏻👉🏻] Rabbi Dr. Ronnie Hasson answers ""This question follows @RabbiDweck ’s comment on connection with God through the study and true wisdom: When we say that connection to God is built through true wisdom of God and his world, what would be the course of such study? Should one limit his course of study to only the Torah? Or And can we say that all knowledge leads to the keeping of the Torah and mitzvot due to the deeper connection and love that is brought about by that deep wisdom?” . . "
17878972321368732,2019-05-31,CAROUSEL_ALBUM,N/A (not video),False,https://www.instagram.com/p/ByIM-dWgsAA/,[SWIPE👉🏻👉🏻] A Taste of Israel Souk #SCAAffiliate #SCAAffiliateEvent
18041202460189490,2019-05-30,CAROUSEL_ALBUM,N/A (not video),False,https://www.instagram.com/p/ByF4OT6gy_a/,"[SWIPE👉🏻👉🏻] Annual Gala Dinner #SCAAffiliate #SCAAffiliateEvent . . Please join Congregation Magen David of Manhattan for its Annual Gala Dinner on Tuesday, June 18 at Union Park (5 East 17th St, Manhattan). This year's theme is ""Hai"" - commemorating the 18th birthday of the CMDM community.  We are honoring individuals who played instrumental roles throughout the years since our founding.  This year, we will be honoring Eli Dweck, Sharon and Jimmy Kassab, Abe Safdie and Ephraim Setton.  As Congr"
18036071377154321,2019-05-28,IMAGE,N/A (not video),False,https://www.instagram.com/p/ByBIIn_Aifz/,Great season of classes with Rabbi Moses Haber @barkaiyeshiva !
17935058230291667,2019-05-28,CAROUSEL_ALBUM,N/A (not video),False,https://www.instagram.com/p/ByAcaoqgoAe/,"[SWIPE 👉🏻👉🏻] *TONIGHT* @btorah ""Haberim in Learning"" is inviting the ALL LADIES  to a Special Pre-Shabuot learning program ""KO TOMAR LE’BET YAACOB"" (And you shall say to the House of Jacob ‘ Rashi: House of Jacob – refers to the Women). The program will take place this tonight, Tuesday Night May 28th in the social hall from 8pm to 9pm (SHARP). Topic: The Ten Commandments - Reasons & Relevance  The format will be small group learning tables with women from the Qehal. You will find a comprehensive"
18047244247120133,2019-05-26,VIDEO,NOT_FETCHED,False,https://www.instagram.com/p/Bx7mf5XgqA4/,Rabbi Moshe Shamah on the importance of Memorial Day 🇺🇸🇺🇸🇺🇸 #SCAHolidayMessage
18038317732192637,2019-05-26,CAROUSEL_ALBUM,N/A (not video),False,https://www.instagram.com/p/Bx7SgMtgWAQ/,[SWIPE👉🏻👉🏻] Cooking For A Cause | Youth Edition #SCAAffiliate #SCAAffiliateClasses
18037786528176078,2019-05-23,CAROUSEL_ALBUM,N/A (not video),False,https://www.instagram.com/p/Bx0AYMhgXki/,"Dr. Mijal Bitton Setton answers ""If HaRambam were to visit us today and observe the Jewish world at large, what area of Jewish life today would most closely resemble his core principles and  where would he see the largest opportunity for improvement?"" . . SCA recently held a panel on the theme of Maimonides. To close out the night we collected questions from the crowd about HaRambam but due to time constraints, we were only able to answer a few of them. We took the list of questions and approach"
18022412941199580,2019-05-22,IMAGE,N/A (not video),False,https://www.instagram.com/p/BxxhYdkApoC/,What’s a summer in Deal without our Scholar in Residence program at the JCC?!
17965774432264220,2019-05-21,IMAGE,N/A (not video),False,https://www.instagram.com/p/BxvWdkbgd74/,Our #TorahTalks @yofhs series concluded with a special class from Rabbi Alex Israel about returning to Gan Eden
18040677808138996,2019-05-21,CAROUSEL_ALBUM,N/A (not video),False,https://www.instagram.com/p/BxvBHdvgTOY/,[SWIPE 👉🏻👉🏻] SCA Affiliate Lag LaOmer events!
17890944973327885,2019-05-20,CAROUSEL_ALBUM,N/A (not video),False,https://www.instagram.com/p/BxswckgJ0py/,[SWIPE 👉🏻👉🏻] Season Finale of #TorahTalks @yofhs is tomorrow with Rabbi Alex Israel!
18030858994164189,2019-05-20,IMAGE,N/A (not video),False,https://www.instagram.com/p/BxsY1Mcp6Yz/,"Bnei Yitzhak invites everyone to their third Havruta Night, tonight at 8 PM! . . All participants in the program study the same material, with the help of a packet prepared by the rabbis of the synagogue. Participants pair up with on another to study the topic while the rabbis circulate through the room and are available to support the learners as they themsleves grapple with the words or our Sages z""l. This program is meets the needs of the experienced as well as the novice learner and everyone"
17871949681373776,2019-05-20,CAROUSEL_ALBUM,N/A (not video),False,https://www.instagram.com/p/Bxr_9akJqli/,[SWIPE 👉🏻👉🏻] Another summer learning at Hathaway in the works! Whose class are you most excited for?
18050279812101031,2019-05-19,CAROUSEL_ALBUM,N/A (not video),False,https://www.instagram.com/p/BxqBt6ZAai_/,"[SWIPE 👉🏻👉🏻] Lunch for tomorrow’s classes at @yofhs is sponsored in memory of חיה זלטא בת שאול ואיידל ע""ה by Toba Goldberg"
17886026647339105,2019-05-19,CAROUSEL_ALBUM,N/A (not video),False,https://www.instagram.com/p/BxphXaCJH0R/,[SWIPE👉🏻👉🏻] Rabbi Richard Tobias Shabuot Lecture #SCAAffiliate #SCAAffiliateClasses
17850919243431505,2019-05-19,VIDEO,NOT_FETCHED,False,https://www.instagram.com/p/Bxn_XckAXuV/,Mrs. Vivien Hidary on Compassion & Pesah Sheni #SCAHolidayMessage
18065850742050850,2019-05-17,CAROUSEL_ALBUM,N/A (not video),False,https://www.instagram.com/p/BxkB2KgA6u1/,"Rabbi Ikey Tawil answers “According to Maimonides, is there any sense of Rabbinic authority in post Talmudic times? Is the Shulhan Arukh binding, or may one follow the opinion that a person’s reason tends to most, as Maimonides writes in his introduction to the Mishneh Torah?” . . SCA recently held a panel on the theme of Maimonides. To close out the night we collected questions from the crowd about HaRambam but due to time constraints, we were only able to answer a few of them. We took the list"
18039680890087648,2019-05-16,VIDEO,NOT_FETCHED,False,https://www.instagram.com/p/Bxhi-n2AZIA/,"1️⃣,0️⃣0️⃣0️⃣,0️⃣0️⃣0️⃣ ❗️ We are so proud of member affiliate @tanachstudy for reaching this milestone! 👏👏👏 Check out their classes on tanachstudy.com and mishnastudy.com or search for their podcasts on iTunes, Google Play and Spotify!"
18066052096016822,2019-05-15,CAROUSEL_ALBUM,N/A (not video),False,https://www.instagram.com/p/BxfitNhAPiY/,Today’s weather’s got us in that summer mood 🌞🌴😎 and season 2 of #SCAParashaOnThePorch planning is in the works! Swipe 👉🏻👉🏻👉🏻 to see some of our favorite pictures from last summer!
18002167294202209,2019-05-15,VIDEO,NOT_FETCHED,False,https://www.instagram.com/p/Bxe9Z-lAguG/,So👏much👏Torah👏learning! Last night’s Haberim program @btorah had a packed house with Torah buzzing through the building! חזק וברוך to all who helped make the night happen!
17908087987306649,2019-05-14,CAROUSEL_ALBUM,N/A (not video),False,https://www.instagram.com/p/BxdkK87ApKI/,[SWIPE👉🏻👉🏻] Rabbi Alex Israel #SCAAffiliateScholarInResidence #SCAAffiliate
18065237719015610,2019-05-13,CAROUSEL_ALBUM,N/A (not video),False,https://www.instagram.com/p/Bxa3tjxj9wk/,"[SWIPE 👉🏻👉🏻] ""Haberim in Learning"", congregation Beth Torah’s Largest Learning Event Yet! Tomorrow night, Tuesday May 14th - from 8:00 - 9:00 PM in the social hall @btorah . One hour #learning, one on one with your Haber (learning partner). At your learning #table will be copies of the #comprehensive booklet with all the sources needed for the evenings “Sugya” - Lag La’Omer. Everything is clearly translated into English with a summary at the end of each section.  To receive the booklet via email"
17930320045293333,2019-05-10,VIDEO,NOT_FETCHED,False,https://www.instagram.com/p/BxSFyVKj_ah/,"Rabbi Joseph Beyda answers “If HaRambam we’re alive today would he advocate to returning to animal sacrifices when the temple is rebuilt?” . . SCA recently held a panel on the theme of Maimonides. To close out the night we collected questions from the crowd about HaRambam but due to time constraints, we were only able to answer a few of them. We took the list of questions and approached rabbis and educators in our affiliate base to answer some of those them, to be posted on our social media feed"
17953405195272111,2019-05-09,CAROUSEL_ALBUM,N/A (not video),False,https://www.instagram.com/p/BxPNjADDz-U/,🇮🇱 [SWIPE 👉🏻👉🏻] Rabbi Yehuda A. Azancot on the obligation to say Hallel and praise Hashem on Yom Ha’asmaut! 🇮🇱#SCAHolidayMessage
18063042640018156,2019-05-08,VIDEO,NOT_FETCHED,False,https://www.instagram.com/p/BxNTED3FWUa/,A short message from Ms. Adele Chabot about Yom HaZikaron and the city of Gamla #SCAHolidayMessage
17877963973356570,2019-05-08,IMAGE,N/A (not video),False,https://www.instagram.com/p/BxM5brJDGcw/,We urge everyone to take a moment out of their day & remember those who have fallen to defend our country.
17858068720402161,2019-05-08,CAROUSEL_ALBUM,N/A (not video),False,https://www.instagram.com/p/BxLpna8gUlP/,[SWIPE 👉🏻👉🏻] Spring Shabbat Dinner #SCAAffiliateEvent #SCAAffiliate
17969980000250592,2019-05-07,IMAGE,N/A (not video),False,https://www.instagram.com/p/BxLZCfLgz3I/,Great #TorahTalk today with Steve Gar @yofhs !
17884132075338902,2019-05-07,IMAGE,N/A (not video),False,https://www.instagram.com/p/BxKVHOZDXsH/,Join @yofhs this Wednesday night in celebrating Yom Ha’atzmaut!
18022381747175008,2019-05-06,CAROUSEL_ALBUM,N/A (not video),False,https://www.instagram.com/p/BxI1R1GDO-4/,[SWIPE 👉🏻👉🏻] Celebrate Israel @ 71 #SCAAffiliateEvent #SCAAffiliate
17953189630274286,2019-05-06,CAROUSEL_ALBUM,N/A (not video),False,https://www.instagram.com/p/BxIIrjFDynb/,[SWIPE 👉🏻👉🏻] Tomorrows #TorahTalks @yofhs is with Mr. Steve Gar!
18053866960072758,2019-05-06,IMAGE,N/A (not video),False,https://www.instagram.com/p/BxHig51D2q5/,DM us to secure a spot.
18063620578012882,2019-05-05,CAROUSEL_ALBUM,N/A (not video),False,https://www.instagram.com/p/BxGLlyij4sg/,[SWIPE 👉🏻👉🏻] Israel @ 71 Family Celebration #SCAAffiliateEvent #SCAAffiliate
17959538929263277,2019-05-05,CAROUSEL_ALBUM,N/A (not video),False,https://www.instagram.com/p/BxFkNOUD_Uq/,[SWIPE 👉🏻👉🏻] Mrs. Aura Sutton continues her series tomorrow on “The Oldest Diet: Developing Healthy Eating Habits Based on HaRambams Teachings”
18022097761171318,2019-05-05,IMAGE,N/A (not video),False,https://www.instagram.com/p/BxD6aFTj2VA/,Join @thecenterscc in celebrating Yom Ha’atzmaut this Wednesday night!
18036399184090616,2019-05-03,CAROUSEL_ALBUM,N/A (not video),False,https://www.instagram.com/p/BxAawDZDAuP/,[SWIPE👉🏻👉🏻] Rabbi Shalom Hammer #SCAAffiliateScholarInResidence #SCAAffiliate
18028268632152579,2019-05-03,VIDEO,NOT_FETCHED,False,https://www.instagram.com/p/Bw_ytbQDUC-/,"Rabbi Albert Setton answers “How does the Rambam reconcile the debate between creationism and evolution?” . . SCA recently held a panel on the theme of Maimonides. To close out the night we collected questions from the crowd about HaRambam but due to time constraints, we were only able to answer a few of them. We took the list of questions and approached rabbis and educators in our affiliate base to answer some of those them, to be posted on our social media feed on a weekly basis. Of course the"
18062281018034569,2019-05-02,CAROUSEL_ALBUM,N/A (not video),False,https://www.instagram.com/p/Bw-bx1IDbOA/,"[SWIPE 👉🏻👉🏻] Today we had the honor of partnering with @barkaiyeshiva in hearing from Ruth Rosenfeld, a child survivor, about her experiences in the Holocaust.  The program was recorded, DM for link #neveragain"
17885325769329159,2019-05-02,CAROUSEL_ALBUM,N/A (not video),False,https://www.instagram.com/p/Bw97cp2jhov/,[SWIPE👉🏻👉🏻] Rabbi Boaz Mori #SCAAffiliateScholarInResidence #SCAAffiliate
17846912500429999,2019-05-02,VIDEO,NOT_FETCHED,False,https://www.instagram.com/p/Bw862CWjGQe/,Rabbi Nathan Dweck about how Yom HaShoah is not just a day of memorial but a day to notice the resiliency of Jews #NeverAgain #NeverForget #SCAHolidayMessage
17992992808223727,2019-05-01,CAROUSEL_ALBUM,N/A (not video),False,https://www.instagram.com/p/Bw8DDXzjZuU/,[SWIPE 👉🏻👉🏻] This Tuesday our #TorahTalks in partnership with @yofhs will be hearing from Steve Gar!
18029896975182496,2019-05-01,CAROUSEL_ALBUM,N/A (not video),False,https://www.instagram.com/p/Bw7kdYujvDP/,"[SWIPE 👉🏻👉🏻] Thursday is Yom HaShoah.  Never Forget!  @safra_synagogue_nyc will be hosting a special screening of the remarkable film ""Hidden"" released by Project Witness. Join @rabbishlomofarhi afterwards for a Q & A with the film's director Gi Orman.  Not to be missed!  This film takes the audience on a fascinating, harrowing, and emotional journey through the fateful years of the war when tens of thousands of children took on new, unfamiliar identities in hope of surviving the German onslaugh"
18055185832069962,2019-05-01,CAROUSEL_ALBUM,N/A (not video),False,https://www.instagram.com/p/Bw7PNi0j8ww/,[SWIPE 👉🏻👉🏻] Pictures from yesterday’s Book Club
17984532280235252,2019-05-01,IMAGE,N/A (not video),False,https://www.instagram.com/p/Bw7B00JDxIt/,#NeverAgain
18034787128089813,2019-04-30,CAROUSEL_ALBUM,N/A (not video),False,https://www.instagram.com/p/Bw45cztDIQW/,[SWIPE👉🏻👉🏻] Rav Yosef Tzvi Rimon #SCAAffiliateScholarInResidence #SCAAffiliate
17860051879380636,2019-04-30,IMAGE,N/A (not video),False,https://www.instagram.com/p/Bw4NOCYDof0/,"With each year that passes, we lose more and more survivors. It’s our job to pass on their stories to the next generation. We urge you to go to @barkaiyeshiva this Thursday to hear Ruth Rosenfeld’s story before it’s too late. #NeverAgain"
18061059769041522,2019-04-29,IMAGE,N/A (not video),False,https://www.instagram.com/p/Bw2pXszD6e7/,What should be our response to yet ANOTHER horrific act of Anti-Semitism that took a life and injured others this passed Shabbat? Join @ujafedny for an important discussion with Hindy Poupko next week. #StopTheHate
17876776201351048,2019-04-29,CAROUSEL_ALBUM,N/A (not video),False,https://www.instagram.com/p/Bw2LNG_DhzU/,[SWIPE 👉🏻👉🏻] Yom Hashoah Program #SCAAffiliateEvent #SCAAffiliate
17978604391245212,2019-04-29,IMAGE,N/A (not video),False,https://www.instagram.com/p/Bw1xsa7DwBv/,Mrs. Ilana Alouf is kicking off this week’s learning with her new series on Tehilim @welovemdy !
18060788905007404,2019-04-28,IMAGE,N/A (not video),False,https://www.instagram.com/p/Bw0DLDnDxXy/,SCA Stands With Chabad of Poway
18042142957113587,2019-04-28,CAROUSEL_ALBUM,N/A (not video),False,https://www.instagram.com/p/BwzrUtODq2U/,[SWIPE 👉🏻👉🏻] Film Festival #SCAAffiliateEvent #SCAAffiliate
17894345632312157,2019-04-28,IMAGE,N/A (not video),False,https://www.instagram.com/p/BwzY6n5DJMn/,"Women’s Classes Resume tomorrow! Mrs. Ilana Alouf will be starting her Tehilim series at 11:30am, Mrs. Aura Sutton will be teaching healthy eating habits as taught by HaRambam, both @ MDY.  Mrs. Vivien Hidary’s, Mr. Ronnie Benun and Mrs. Emily Labaton’s classes are canceled this week."
18051055189072298,2019-04-28,IMAGE,N/A (not video),False,https://www.instagram.com/p/Bwx_hJnDdtb/,Reminder: Book Club in honor of Yom Hashoah is this Tuesday @ 11:30 #neverforget
18026262409148651,2019-04-25,CAROUSEL_ALBUM,N/A (not video),False,https://www.instagram.com/p/Bwr5qVpDW-p/,[SWIPE 👉🏻👉🏻] Witness Theater Documentary#SCAAffiliateEvent #SCAAffiliate
18030699031143795,2019-04-25,CAROUSEL_ALBUM,N/A (not video),False,https://www.instagram.com/p/BwrlsdMjT2u/,[SWIPE 👉🏻👉🏻] A message from Rabbi Ikey Tawil about miracles & Shebii Shel Pesah! #SCAHolidayMessage
17949595432276110,2019-04-24,CAROUSEL_ALBUM,N/A (not video),False,https://www.instagram.com/p/Bwp01WrjX22/,[SWIPE 👉🏻👉🏻] Rabbi Moses Haber on how the Jews inspired so much of the fundamentals of what America was built on! #SCAHolidayMessage
18031068928188910,2019-04-24,CAROUSEL_ALBUM,N/A (not video),False,https://www.instagram.com/p/BwpOVypjFAJ/,[SWIPE 👉🏻👉🏻] Rabbi Jack Savdie on the what the Omer is all about & how we can achieve holiness ! #SCAHolidayMessage
17849796403410489,2019-04-23,VIDEO,NOT_FETCHED,False,https://www.instagram.com/p/BwmzCUfjFAp/,"Rabbi Albert Setton tells us about the importance of not viewing Pesah as the end of a journey, but the beginning of one... a journey of receiving the Torah #SCAHolidayMessage"
18032245303093561,2019-04-22,CAROUSEL_ALBUM,N/A (not video),False,https://www.instagram.com/p/BwkzAy2jxI1/,[SWIPE 👉🏻👉🏻] A short Pesah message from Rabbi Harold Sutton #SCAHolidayMessage
18039455644108009,2019-04-19,CAROUSEL_ALBUM,N/A (not video),False,https://www.instagram.com/p/BwcN8pCjeqk/,[SWIPE 👉🏻👉🏻] Rabbi David Tawil gives us a beautiful message as to what  the importance of staying up late on Pesah is all about! #SCAHolidayMessage
18057513439052020,2019-04-19,VIDEO,NOT_FETCHED,False,https://www.instagram.com/p/Bwaq4MujqiH/,❓👨‍👩‍👧‍👦 @rabbibeyda on “Essential Questions for the Family” this Pesah #SCAHolidayMessage
17846854825415498,2019-04-18,CAROUSEL_ALBUM,N/A (not video),False,https://www.instagram.com/p/BwZqNtZDDXp/,"[SWIPE 👉🏻👉🏻] Enjoy this short message from Rabbi Richard Tobias on Pesah, “The Holiday of Hope”. #SCAHolidayMessage"
18034664059124167,2019-04-14,CAROUSEL_ALBUM,N/A (not video),False,https://www.instagram.com/p/BwP8PlNjFWB/,[SWIPE 👉🏻👉🏻] Rabbi Joseph Dweck on HaRambam’s mission to make the Torah accessible to all and how we should follow today in learning his works regularly. . . . To watch the panel in its entirety search “SCA Maimonides Panel 2019” on YouTube!
17847794560406860,2019-04-14,IMAGE,N/A (not video),False,https://www.instagram.com/p/BwPbDcLDYWU/,There’s a reason we have hundreds of community members subscribed to our weekly Shabbat Shalom emails...there’s just so much to choose from! Checkout SCAupdates.org and click on any and all articles you’re interested in receiving on a regular basis to print and read on Shabbats & Holidays
17868063553357801,2019-04-14,VIDEO,NOT_FETCHED,False,https://www.instagram.com/p/BwN2GcYjLOz/,Rabbi Harold Sutton on HaRambams approach to texts that preceded him . . . To watch the panel in its entirety search “SCA Maimonides Panel 2019” on YouTube!
18028513063092887,2019-04-12,IMAGE,N/A (not video),False,https://www.instagram.com/p/BwKFoa2D1q8/,#NeverForget
17888640163310569,2019-04-11,VIDEO,NOT_FETCHED,False,https://www.instagram.com/p/BwHicPRDBX1/,Rabbi Joseph Dweck on HaRambam’s definition of “Da’at Hashem” . . . To watch the panel in its entirety search “SCA Maimonides Panel 2019” on YouTube!
17849256109397840,2019-04-10,CAROUSEL_ALBUM,N/A (not video),False,https://www.instagram.com/p/BwFa6p9DZR-/,[SWIPE👉🏻👉🏻] Sarina Roffe #SCAAffiliateScholarInResidence #SCAAffiliate
17960732710251427,2019-04-10,VIDEO,NOT_FETCHED,False,https://www.instagram.com/p/BwFVWUFD-tJ/,Dr. Mijal Bitton Setton asking about what we can learn from how HaRambam’s dealt with controversy in his days and how we can apply it in modern times . . . . . To watch the panel in its entirety search “SCA Maimonides Panel 2019” on YouTube!
18054640561038534,2019-04-10,IMAGE,N/A (not video),False,https://www.instagram.com/p/BwFKiWTjwPN/,Have you subscribed to MishnaStudy.com yet? In just a few clicks you can sign up for daily emails where you’ll get a 20 minute recording of Mishnayot with Perush HaRambam.
17875154263339395,2019-04-09,VIDEO,NOT_FETCHED,False,https://www.instagram.com/p/BwDUX-SjsEJ/,Dr. Moshe Halbertal on HaRambam’s approach to science and philosophy as a way to deepen ones faith. . . . To watch the panel in its entirety search “SCA Maimonides Panel 2019” on YouTube!
18028062451090745,2019-04-09,IMAGE,N/A (not video),False,https://www.instagram.com/p/BwCe6IcjkWS/,Tomorrow *April 10th* we have one of our last #scagoodreads of the season and it’s not too late to reach out to us for a copy of this month’s article!
17987935384211739,2019-04-08,VIDEO,NOT_FETCHED,False,https://www.instagram.com/p/BwA25rdDzR7/,Rabbi Joseph Dweck on HaRambam’s views towards superstition . . . To watch the panel in its entirety search “SCA Maimonides Panel 2019” on YouTube!
17858987236374206,2019-04-08,IMAGE,N/A (not video),False,https://www.instagram.com/p/BwAVBcDDhZk/,Rabbi Moses Haber is continuing his weekly class tomorrow on “Reasons and Revelation” with the theme of Pesah @barkaiyeshiva
17877823243331094,2019-04-08,VIDEO,NOT_FETCHED,False,https://www.instagram.com/p/Bv__bXBjmnC/,Rabbi Harold Sutton on contradictions in the works of HaRambam . . To watch the panel in its entirety search “SCA Maimonides Panel 2019” on YouTube!
17869799506353973,2019-04-07,CAROUSEL_ALBUM,N/A (not video),False,https://www.instagram.com/p/Bv-N91PDAce/,[SWIPE 👉🏻👉🏻] Special class tomorrow with Mrs. Esther Hidary on Pesah @yofhs !
18020197327153216,2019-04-07,CAROUSEL_ALBUM,N/A (not video),False,https://www.instagram.com/p/Bv8C6ZKDVio/,"[SWIPE 👉🏻👉🏻] What a night! Thank you to all who helped make our Maimonides Panel a success! Because of our dedicated board members and volunteers, our panelists and moderator, the awesome team @museumjewishheritage and so many of you, we were able to pull off an event that had 275+ community members leaving inspired and just that much more knowledge about the life, works and philosophy of HaRambam. If you haven’t watched it yet, search “SCA Maimonides Panel 2019 on YouTube! . . Photos taken by @"
17848142011391969,2019-04-07,CAROUSEL_ALBUM,N/A (not video),False,https://www.instagram.com/p/Bv8ABM8DMem/,[SWIPE 👉🏻👉🏻] Pictures from our incredible panel this past Wednesday night! . . Photos taken by @mayshlo_photography
18052217251059357,2019-04-04,VIDEO,NOT_FETCHED,False,https://www.instagram.com/p/Bv1Z4nijQG_/,Excerpt of the @vids_by_vic introduction video we showed at last night’s Rambam event. . . Missed it live? We’re working with @massryphotography to get up the video as soon as possible!
17857054603375579,2019-04-02,IMAGE,N/A (not video),False,https://www.instagram.com/p/BvxJm7vjcdF/,Save the Date for an important Book Club about the Holocaust in honor of Yom Hashoah #neverforget
18050951692014041,2019-04-02,IMAGE,N/A (not video),False,https://www.instagram.com/p/BvwcDydjblu/,Final reminder about tomorrow nights Maimonides event in NYC...visit SCAupdates.org to secure your seat!
17989656508203556,2019-04-01,CAROUSEL_ALBUM,N/A (not video),False,https://www.instagram.com/p/BvubheWDRIW/,[SWIPE 👉🏻👉🏻] Seder El-Tawhid #SCAAffiliateEvent #SCAAffiliate
17850616033377683,2019-04-01,IMAGE,N/A (not video),False,https://www.instagram.com/p/BvsUEHPjJFx/,Launching in just a few days.
17850652828379523,2019-03-31,CAROUSEL_ALBUM,N/A (not video),False,https://www.instagram.com/p/BvrrzO7D5uf/,[SWIPE 👉🏻👉🏻] Come learn about what YOU can do to help Israel through @aipac and how to make a difference at this week’s #TorahTalks @yofhs
17878735300325485,2019-03-29,CAROUSEL_ALBUM,N/A (not video),False,https://www.instagram.com/p/Bvl7SPZjy4d/,[SWIPE 👉🏻👉🏻] SCA Maimonides Event is THIS Wednesday and we still have seat available! Visit SCAupdates.org to sign up!
18048150895006648,2019-03-28,IMAGE,N/A (not video),False,https://www.instagram.com/p/BvkPTEtD6Gt/,Rosh Hodesh is right around the corner which means... time for another #scagoodreads !
18050360932013665,2019-03-28,CAROUSEL_ALBUM,N/A (not video),False,https://www.instagram.com/p/BviEqsZjaO0/,[SWIPE 👉🏻👉🏻] Congratulations Rabbi Tobias!
17939819089279907,2019-03-27,IMAGE,N/A (not video),False,https://www.instagram.com/p/BvhvpBsjgfF/,Great #TorahTalk @yofhs yesterday with Rabbi Dr. Hasson! Join us next week for one about @aipac ... details to follow!
18005483125197717,2019-03-26,CAROUSEL_ALBUM,N/A (not video),False,https://www.instagram.com/p/BveGpnXDk0H/,"[SWIPE 👉🏻👉🏻] SCA Maimonides Event: April 3rd, 2019. SCAupdates.org to sign up!"
17973404836239924,2019-03-25,CAROUSEL_ALBUM,N/A (not video),False,https://www.instagram.com/p/BvcmviaD6aD/,[SWIPE👉🏻👉🏻] Rabbi Richard Tobias Passover Lecture #SCAAffiliate #SCAAffiliateClasses
17929937437280227,2019-03-25,IMAGE,N/A (not video),False,https://www.instagram.com/p/BvcIIQ2jgHx/,Find a class or two that’s right for you!
18020555659141086,2019-03-25,CAROUSEL_ALBUM,N/A (not video),False,https://www.instagram.com/p/BvaYYcgjq4K/,[SWIPE 👉🏻👉🏻] This Tuesday’s #TorahTalks @yofhs is with Rabbi Dr. Ronnie Hasson and it’s gonna be a great one! 👨‍⚕️🏨
18015028630147904,2019-03-22,CAROUSEL_ALBUM,N/A (not video),False,https://www.instagram.com/p/BvSs9n5D2nU/,"[SWIPE 👉🏻👉🏻] SCA Maimonides Event: April 3rd, 2019. SCAupdates.org to sign up!"
17968678750242631,2019-03-19,CAROUSEL_ALBUM,N/A (not video),False,https://www.instagram.com/p/BvMr_lNjnyI/,[SWIPE 👉🏻👉🏻] Member Affiliate Purim Schedules- Part 2!
18016237168192731,2019-03-19,IMAGE,N/A (not video),False,https://www.instagram.com/p/BvMnbhBj-H5/,"Almost 2 weeks away! To get a seat, visit SCAupdates.org"
18046646197001710,2019-03-18,CAROUSEL_ALBUM,N/A (not video),False,https://www.instagram.com/p/BvKda-bjt0s/,[SWIPE 👉🏻👉🏻] Tomorrows #TorahTalks @yofhs is with Rabbi Avi Harari!
18029444308128123,2019-03-17,VIDEO,NOT_FETCHED,False,https://www.instagram.com/p/BvH81QqDSzb/,Visit SCAupdates.org to secure your seat at the event!
18021330373084204,2019-03-17,CAROUSEL_ALBUM,N/A (not video),False,https://www.instagram.com/p/BvHxGq3DaoA/,[SWIPE 👉🏻👉🏻] Member Affiliate Purim Schedules- Part 1!
18013893253150101,2019-03-17,CAROUSEL_ALBUM,N/A (not video),False,https://www.instagram.com/p/BvF8rpsjekj/,[SWIPE👉🏻👉🏻] Purim Celebration  #SCAAffiliateEvent #SCAAffiliate
17845066078385576,2019-03-15,CAROUSEL_ALBUM,N/A (not video),False,https://www.instagram.com/p/BvCWxbKjJsg/,"[SWIPE 👉🏻👉🏻] SCA Maimonides Event: April 3rd, 2019. Link in bio to sign up!"
17860185664355879,2019-03-14,CAROUSEL_ALBUM,N/A (not video),False,https://www.instagram.com/p/BvAaLoejEX2/,[SWIPE 👉🏻👉🏻] From the classroom to the artifacts themselves! These lucky ladies were given the opportunity to learn about “Art & Idolatry in the Ancient World” with none other than @torah_intermedia !
18001673794197892,2019-03-14,CAROUSEL_ALBUM,N/A (not video),False,https://www.instagram.com/p/BvAP0o1DKs1/,[SWIPE👉🏻👉🏻] Lejends Minyan: Purim at Kids N’ Action  #SCAAffiliateEvent #SCAAffiliate
18045169150037291,2019-03-14,CAROUSEL_ALBUM,N/A (not video),False,https://www.instagram.com/p/Bu_xMggDDQK/,[SWIPE 👉🏻👉🏻] Welcome @manhattanbeachmikveh !
17968274293232450,2019-03-14,CAROUSEL_ALBUM,N/A (not video),False,https://www.instagram.com/p/Bu_B4PiD3fr/,[SWIPE 👉🏻👉🏻] Great class with Rabbi Harari yesterday!
17850257125373237,2019-03-12,CAROUSEL_ALBUM,N/A (not video),False,https://www.instagram.com/p/Bu68IcZjGDD/,[SWIPE👉🏻👉🏻] Hamentash Wars #SCAAffiliate #SCAAffiliateEvent
18018808579091304,2019-03-10,CAROUSEL_ALBUM,N/A (not video),False,https://www.instagram.com/p/Bu104NwDUf5/,[SWIPE 👉🏻👉🏻] #TorahTalks  continues this Tuesday with Rabbi Etan Tokayer @yofhs !
17949916012254784,2019-03-10,IMAGE,N/A (not video),False,https://www.instagram.com/p/Bu1VxpRj5Rp/,“Raising Heath Conscious Kids” with Mrs. Norma Saff begins tomorrow @welovemdy !
17910478648289321,2019-03-10,CAROUSEL_ALBUM,N/A (not video),False,https://www.instagram.com/p/Buz7tkdDjaZ/,[SWIPE👉🏻👉🏻] Class with Mrs. Vivien Hidary #SCAAffiliate #SCAAffiliateClasses
17977840369211614,2019-03-08,IMAGE,N/A (not video),False,https://www.instagram.com/p/BuwgtSFDBR2/,Pesah is right around the corner... join us as we begin a 4 part class series on “Pesah Prep” with Rabbi Sutton on Monday!
17948161477260319,2019-03-08,CAROUSEL_ALBUM,N/A (not video),False,https://www.instagram.com/p/Buu9Ko-DpXF/,[SWIPE 👉🏻👉🏻] Nothing like #SCAGoodReads by the Sitts to welcome in the month of Adar!
17947121545260626,2019-03-06,IMAGE,N/A (not video),False,https://www.instagram.com/p/BurafDiDCAa/,Reminder: #SCAGoodReads is tomorrow night!
17856913513358390,2019-03-06,IMAGE,N/A (not video),False,https://www.instagram.com/p/Buq1069D29I/,"Sign up link is officially live! To purchase seats, click on link in bio or visit scaupdates.org."
18042357448005452,2019-03-05,CAROUSEL_ALBUM,N/A (not video),False,https://www.instagram.com/p/BupOeMFjcoe/,[SWIPE👉🏻👉🏻] Dr. Henry Abramson #SCAAffiliateScholarInResidence #SCAAffiliate
17850127300370322,2019-03-05,CAROUSEL_ALBUM,N/A (not video),False,https://www.instagram.com/p/Buok8_XDzGo/,[SWIPE 👉🏻👉🏻] Join is for Mrs. Annie Savdie’s class at Mikdash Eliyahu on Wednesdays
17964355876234947,2019-03-04,CAROUSEL_ALBUM,N/A (not video),False,https://www.instagram.com/p/BukNf-3j4xF/,[SWIPE 👉🏻👉🏻] We’re kicking off our first #TorahTalk this Tuesday with Rabbi Yahel Tsaidi @yofhs !
17872938205317215,2019-03-03,CAROUSEL_ALBUM,N/A (not video),False,https://www.instagram.com/p/BujMbtYDTDt/,"[SWIPE 👉🏻👉🏻] Tomorrow @simonehidary is finishing up her last class in the series “Parenting- There’s No App For That”, join her!"
17875705552315721,2019-03-03,CAROUSEL_ALBUM,N/A (not video),False,https://www.instagram.com/p/Buhopd7j3ey/,[SWIPE👉🏻👉🏻] Purim Marketplace #SCAAffiliateEvent #SCAAffiliate
18023008678105434,2019-02-28,IMAGE,N/A (not video),False,https://www.instagram.com/p/BucGxX-jna6/,"We are honored to collaborate with @aipac and 12 other community organizations, for “Innovation Nation Night”, highlighting Israel’s cutting edge technology in various fields. Four Israeli companies will showcase their life changing products. Come experience firsthand the miracles that are taking place in Israel right here in Brooklyn, NY @thecenterscc !"
18007648705181350,2019-02-28,CAROUSEL_ALBUM,N/A (not video),False,https://www.instagram.com/p/BuaEHsJDcME/,"[SWIPE 👉🏻👉🏻] We regret to announce the passing of David ""DJ"" Cohen. DJ was diagnosed 4 years ago today with stage 4 cancer. Despite it all, DJ’s trademark smile and upbeat attitude were never dimmed. He became determined to inspire and uplift all those he would come in contact with. He would show up to treatment sessions dressed up in funny costumes, turning the tables and cheering up his doctors, nurses and multitudes of visitors. He frequently spent time visiting other sick patients, lending a"
18032249338070461,2019-02-27,IMAGE,N/A (not video),False,https://www.instagram.com/p/BuZsEb2D6xQ/,We’re excited to launch a new program called #TorahTalks in partnership with @yofhs ! #TorahWorthSpreading
18003076366163540,2019-02-26,CAROUSEL_ALBUM,N/A (not video),False,https://www.instagram.com/p/BuWcxYXDOWg/,"[SWIPE 👉🏻👉🏻] Welcome aboard, Sephardic Heritage Project"
18037156915058456,2019-02-25,CAROUSEL_ALBUM,N/A (not video),False,https://www.instagram.com/p/BuUgjr9gOVb/,[SWIPE👉🏻👉🏻] Tefillah Learning Program #SCAAffiliateClasses #SCAAffiliate
18037617205056918,2019-02-25,IMAGE,N/A (not video),False,https://www.instagram.com/p/BuUSc7yj0JW/,Join us for #SCAGoodReads March 7th (please note date change) to learn about “The Most Fundamental Ritual”
18037487215000539,2019-02-21,IMAGE,N/A (not video),False,https://www.instagram.com/p/BuJdXgTDV8H/,Congrats! @teamsbh @sbh_updates
18031280608075048,2019-02-20,CAROUSEL_ALBUM,N/A (not video),False,https://www.instagram.com/p/BuH03tOgwZy/,[SWIPE 👉🏻👉🏻] Rabbi Moshe Shamah’s class on Thursdays at Sephardic Synagogue is the place to be!
18003960811183548,2019-02-19,CAROUSEL_ALBUM,N/A (not video),False,https://www.instagram.com/p/BuFIbBKjBcG/,[SWIPE 👉🏻👉🏻] Come to @thecenterscc this Monday night to hear Ambassador Danny Danon!
17903651716290380,2019-02-19,IMAGE,N/A (not video),False,https://www.instagram.com/p/BuEGpytjqyk/,Only a few spots left! We need all confirmations by end of the week so please get in touch with @aimeebailey or @yvettehid ASAP to confirm your spot in this AMAZING program with @torah_intermedia !
18034792861024996,2019-02-18,CAROUSEL_ALBUM,N/A (not video),False,https://www.instagram.com/p/BuCSZVHDrWP/,[SWIPE👉🏻👉🏻] 7th Annual Art Fair #SCAAffiliateEvent #SCAAffiliate
18033851539052795,2019-02-18,IMAGE,N/A (not video),False,https://www.instagram.com/p/BuBUXVXAw5d/,🇺🇸🎩🇺🇸🎩🇺🇸🎩
17958381013238806,2019-02-14,CAROUSEL_ALBUM,N/A (not video),False,https://www.instagram.com/p/Bt34zsjgrZb/,Welcome aboard!
18005327542135071,2019-02-14,IMAGE,N/A (not video),False,https://www.instagram.com/p/Bt3hVF4DpCe/,Save the Date!
17970581140205596,2019-02-13,CAROUSEL_ALBUM,N/A (not video),False,https://www.instagram.com/p/BtzXyWIDjLk/,[SWIPE👉🏻👉🏻] Chinese Auction #SCAAffiliateEvent #SCAAffiliate
18032574082050392,2019-02-11,IMAGE,N/A (not video),False,https://www.instagram.com/p/Btwc6ChjLPG/,Come learn about the early days of 🇮🇱🇮🇱🇮🇱 with Mrs. Emily Labaton Tuesdays @yofhs !
18031665292050499,2019-02-11,IMAGE,N/A (not video),False,https://www.instagram.com/p/BtwE07ZjlA6/,"Explore the strange and fascinating world of the Ancient Near East and Greco-Roman period through the eyes of Torah and our Tradition. Revisit the verses you thought you knew, and share the excitement of it coming to life at the Met!"
18008217052085725,2019-02-10,CAROUSEL_ALBUM,N/A (not video),False,https://www.instagram.com/p/BtuDDVqDVzG/,[SWIPE 👉🏻👉🏻] Mrs. Rachelle Tawil continues her series on “Shalom Bayit” tomorrow!
18031025719050642,2019-02-07,CAROUSEL_ALBUM,N/A (not video),False,https://www.instagram.com/p/Btlp7brDgKl/,[SWIPE👉🏻👉🏻] Rabbi Yitzhak Etshalom #SCAAffiliate #SCAScholarInResidence
17854422925340862,2019-02-06,CAROUSEL_ALBUM,N/A (not video),False,https://www.instagram.com/p/BtjXXJWDsHX/,[SWIPE 👉🏻👉🏻] Another great Rabbi Besser class today @yofhs !
18000406477150709,2019-02-04,CAROUSEL_ALBUM,N/A (not video),False,https://www.instagram.com/p/BtePx6njBpm/,[SWIPE 👉🏻👉🏻] Rabbi Moses Haber kicks off a new semester of weekly classes @barkaiyeshiva tomorrow at 11:00AM!
17850736108344182,2019-01-31,CAROUSEL_ALBUM,N/A (not video),False,https://www.instagram.com/p/BtTVbG_DkLJ/,[SWIPE 👉🏻👉🏻] Last night we collaborated with @thecenterscc and @sbh_careers on an event put together by @ujafedny featuring the one and only- Jeff Blau!
17953085449224586,2019-01-30,CAROUSEL_ALBUM,N/A (not video),False,https://www.instagram.com/p/BtQyVGNj6-A/,[SWIPE 👉🏻👉🏻] It may be freezing these next few days but these classes will warm your soul. Kicking off our Women‘s Brooklyn Spring Program this Monday!
18027383695036896,2019-01-29,IMAGE,N/A (not video),False,https://www.instagram.com/p/BtN_kqijYdk/,Tomorrow @yoflatbush come hear Rav Yosef Zvi Rimon!
18026922145057653,2019-01-28,IMAGE,N/A (not video),False,https://www.instagram.com/p/BtMNzUZDltK/,"Join UJA’s Young Sephardic division for an exclusive evening with Jeff Blau -- the man behind the largest private real estate development in the history of the United States, Hudson Yards. Limited space available. Reservation required. Email elpsephardic@ujafedny.org to secure your spot today!"
17915309902275460,2019-01-16,IMAGE,N/A (not video),False,https://www.instagram.com/p/BstVcPvDyQS/,Logos change. Our values do not. #10yearchallenge
17914954939272519,2019-01-15,IMAGE,N/A (not video),False,https://www.instagram.com/p/BsqKmV5DMWm/,Reach out ASAP to get your free copies to bring with you on vacation!
18004839304106119,2019-01-08,CAROUSEL_ALBUM,N/A (not video),False,https://www.instagram.com/p/BsYEMbBDEV0/,[SWIPE👉🏻👉🏻] Thank you to the Haberts for hosting another amazing #SCAGoodReads last night.
17946676702227615,2019-01-07,CAROUSEL_ALBUM,N/A (not video),False,https://www.instagram.com/p/BsVmwgfDYAp/,[SWIPE 👉🏻👉🏻] Official Spring 2019 Women’s Brooklyn Schedule!
17846583103327731,2019-01-06,CAROUSEL_ALBUM,N/A (not video),False,https://www.instagram.com/p/BsTl86Gj7Hv/,[👉🏻👉🏻 SWIPE] Thanks @yofhs for featuring us as the cover story in your school paper! Read all about it by clicking on link in bio
17987178070149840,2019-01-01,IMAGE,N/A (not video),False,https://www.instagram.com/p/BsGxREqDCw9/,Tomorrow at @yofhs instead of Mrs. Esther Hidarys class!
17972563576199391,2018-12-27,IMAGE,N/A (not video),False,https://www.instagram.com/p/Br5xE8xjLzz/,We have one more #SCAGoodReads before winter break. Reach out to Yvette or Aimee to get the readings of Rosh Hodesh Shebat to print and read over the weekend so you can be prepared for it!
17846014018321064,2018-12-19,CAROUSEL_ALBUM,N/A (not video),False,https://www.instagram.com/p/BrlUZLBADno/,"[SWIPE 👉🏻👉🏻] When Rabbi Tawil flies in from Israel to speak to us, you better believe we’re gonna fill the room! Great class today @yofhs"
18012095956002865,2018-12-18,IMAGE,N/A (not video),False,https://www.instagram.com/p/Bri70g-jMS8/,"Tomorrow (Wednesday, Dec 19th) we have the honor and privilege of hearing from Rabbi Ralph Tawil @yofhs, replacing Mrs. Esther Hidary’s usual class"
17936974639234322,2018-12-16,CAROUSEL_ALBUM,N/A (not video),False,https://www.instagram.com/p/BrdlaRqDD5o/,[👉🏻👉🏻 SWIPE] Mondays with Mrs. Vivien Hidary at Mikdash Eliyahu
17847762760310569,2018-12-14,CAROUSEL_ALBUM,N/A (not video),False,https://www.instagram.com/p/BrXxscxDhns/,[SWIPE👉🏻👉🏻] Panel Discussion  #SCAAffiliateEvent #SCAAffiliate
18008562859041265,2018-12-12,CAROUSEL_ALBUM,N/A (not video),False,https://www.instagram.com/p/BrTHeyKDq0J/,[SWIPE 👉🏻👉🏻] Thank you to the Dweck family for hosting yesterdays season finale of #SCAIsraelAwareness
17935549759237334,2018-12-11,CAROUSEL_ALBUM,N/A (not video),False,https://www.instagram.com/p/BrQCHvNjVRU/,"[SWIPE 👉🏻👉🏻] Another great event put on by the SCA Young Leadership committee! Thanks to our speakers- @rhidary , @mijalbitton & @sahcoh_ , those who helped organize and brought last night to fruition (special shoutout to event chairs @sasaar & Merle Cohen), the members of the @sephardicheritagemuseum for allowing us to show clips from their episodes (especially @thejewishhostess ) and for all those who were in attendance to discuss the important issue of Antisemitism. Check back soon for more e"
17967323755199171,2018-12-10,IMAGE,N/A (not video),False,https://www.instagram.com/p/BrN2cKTDJLr/,Tonight!
17930573950244190,2018-12-09,VIDEO,NOT_FETCHED,False,https://www.instagram.com/p/BrLvG3IjUl8/,Don’t forget- Tomorrow night at Beth Torah!
17933792788237886,2018-12-09,IMAGE,N/A (not video),False,https://www.instagram.com/p/BrLRHjPDe_3/,Rabbi Ikey Tawil begins his refresher class on Shabbat 101 tomorrow @welovemdy
17918665003253322,2018-12-09,IMAGE,N/A (not video),False,https://www.instagram.com/p/BrLIQjmD-I_/,Season finale of #SCAIsraelAwareness !
17985155062088432,2018-12-07,IMAGE,N/A (not video),False,https://www.instagram.com/p/BrF22YcDbAc/,Reach out to Yvette or Aimee to get the readings of Rosh Hodesh Tebet’s #SCAGoodReads to print and read over Shabbat so you can be prepared for tomorrow night!
18006921163031229,2018-12-06,CAROUSEL_ALBUM,N/A (not video),False,https://www.instagram.com/p/BrED5SiDdUe/,[SWIPE👉🏻👉🏻] Friday Night Lights #SCAAffiliateEvent #SCAAffiliate
17944069162215522,2018-12-06,IMAGE,N/A (not video),False,https://www.instagram.com/p/BrDYHldDq9Q/,"Due to the unfortunate passing of Mrs. Frances Eckstein, Rabbi Raymond Harari's class today at YOFHS is canceled and Mrs. Vicky Harari's upcoming class at Barkai Yeshivah is canceled as well. May the family be comforted with the mourners for Zion and Jerusalem."
17876438482292798,2018-12-05,CAROUSEL_ALBUM,N/A (not video),False,https://www.instagram.com/p/BrBZKLSAb14/,This happened less than a week ago in New York . . . Join us this Monday night at Beth Torah for a night on Anti-Semitism.
17889654856280813,2018-12-05,CAROUSEL_ALBUM,N/A (not video),False,https://www.instagram.com/p/BrBFyJmA_2p/,[SWIPE 👉🏻👉🏻]Thank you to the Suttons for hosting #SCAIsraelAwareness class yesterday!
17981835976137331,2018-12-05,IMAGE,N/A (not video),False,https://www.instagram.com/p/BrAveUdATxJ/,"Click on link in bio a list of 100+ weekly classes that our member affiliates  offer, weeknights from 5:00PM to 10:00PM for men, women and children! #SCAAffiliateClasses"
18008822239040093,2018-12-03,IMAGE,N/A (not video),False,https://www.instagram.com/p/Bq7rmoUjWQE/,#SCAIsraelAwareness Week 8
17975900389181080,2018-12-02,CAROUSEL_ALBUM,N/A (not video),False,https://www.instagram.com/p/Bq5X907AeGp/,[SWIPE 👉🏻👉🏻] A night on Anti-Semitism. Beth Torah. Dec 10th @7:30.
17932162750226708,2018-12-02,IMAGE,N/A (not video),False,https://www.instagram.com/p/Bq3ii8VAKBX/,It is with tremendous sorrow that we inform you of the passing of Chief Rabbi Shaul Kassin A”H. Funeral can be viewed by visiting syhebra.com/live-stream
18006546283012784,2018-12-01,CAROUSEL_ALBUM,N/A (not video),False,https://www.instagram.com/p/Bq3JaR9APRt/,"[SWIPE👉🏻👉🏻] Win $18,000 Cash #SCAAffiliateRaffle #SCAAffiliate . . @magendavidsynagogue raffle where you can win a cash prize of............... $18,000  Here’s how the raffle works: - Visit the following link to purchase your raffle ticket http://360.magendavidsynagogue.com - Upon visiting the website you enter your credit card information and consent to being charged an amount between $1 and $360. - The website then randomly assigns you a number between 1 and 360 and that is the amount you are "
18007546420036289,2018-11-30,CAROUSEL_ALBUM,N/A (not video),False,https://www.instagram.com/p/Bqzft7oj0PD/,"[SWIPE 👉🏻👉🏻] Today, November 30th, is annual “Jewish Refugee Day”. . . On November 29, 1947 the UN resolution on the partition of Palestine was announced. The following day, anti Zionistic riots spread throughout Arab lands, burning homes, businesses, synagogues and Jewish artifacts. Many Jews were murdered, forced to hide, or escaped permanently. These families had been in these lands for hundreds and even thousands have years prior. Life in the Middle East was never the same for Jews since the"
17944897909202165,2018-11-29,IMAGE,N/A (not video),False,https://www.instagram.com/p/Bqx9QLHAXbF/,Check out link in bio for all the classes and PDFs! . . Not on our email list? DM is your email to be added
17976599332177456,2018-11-29,CAROUSEL_ALBUM,N/A (not video),False,https://www.instagram.com/p/BqwA2r4D8OC/,[SWIPE👉🏻👉🏻] Lejends Minyan: Hanukkah Spin-off #SCAAffiliateEvent #SCAAffiliate
17906709088266873,2018-11-28,IMAGE,N/A (not video),False,https://www.instagram.com/p/BqucZW4Dk8g/,Partnering with @sephardicheritagemuseum on December 10th to bring to you some clips from their episodes about Anti-Semitism over a discussion that is essential to hear in order navigate our future.
17977318978130173,2018-11-28,CAROUSEL_ALBUM,N/A (not video),False,https://www.instagram.com/p/BqtHltrDU_D/,[SWIPE👉🏻👉🏻] Walmart Scavenger Hunt  #SCAAffiliateEvent #SCAAffiliate
17981916613089025,2018-11-27,CAROUSEL_ALBUM,N/A (not video),False,https://www.instagram.com/p/Bqs4jCIDogn/,[SWIPE 👉🏻👉🏻] What a day for our Israel Awareness Program! Thank you to the Hidarys for hosting both Mr. Dan Illouz AND Mr. Aaron Koller’s back to back classes #SCAIsraelAwareness
17989072150097990,2018-11-27,CAROUSEL_ALBUM,N/A (not video),False,https://www.instagram.com/p/BqqmtCEjDUw/,[SWIPE 👉🏻👉🏻] Join Mr. Ronald Benun @ 1PM on Tuesdays at Sephardic Synagogue
18005771101048717,2018-11-26,IMAGE,N/A (not video),False,https://www.instagram.com/p/Bqp5wIeDHtD/,Enough is enough. We must come together to combat anti-semitism. Details to follow.
17981330545080264,2018-11-25,IMAGE,N/A (not video),False,https://www.instagram.com/p/Bqm8E1PjA06/,Rosh Hodesh Tebet is right around the corner which means #SCAGoodReads is coming up! Come hear about ‘Religious Violence’ at the Dwecks December 8th
18001198960038559,2018-11-22,IMAGE,N/A (not video),False,https://www.instagram.com/p/BqeKf1ODMAT/,Happy Thanksgiving! 🦃🍽🍁
17884398139284432,2018-11-21,IMAGE,N/A (not video),False,https://www.instagram.com/p/BqcLMJKjHxG/,"*Special Israel Awareness Program on Tuesday!* . . Before concluding Dr. Koller’s final class of his series on “The Diaspora”, we have the privilege to hear from a member of the Jerusalem City council member about the beauty of modern day Jerusalem & what it takes to run one of the worlds most complex cities! . . This day is not one you‘ll want to miss out on so clear your schedules from now! #SCAIsraelAwareness"
17880503848287456,2018-11-19,CAROUSEL_ALBUM,N/A (not video),False,https://www.instagram.com/p/BqXD4JcjdYi/,[SWIPE 👉🏻👉🏻] Join @rabbibeyda on Mondays at 11:30am discussing ”Influential Jewish Personalities & What We Can Learn From Their Lives” @yofhs
17937475765223403,2018-11-18,IMAGE,N/A (not video),False,https://www.instagram.com/p/BqVaWI-DkCc/,#SCAIsraelAwareness Week 6
17966349709165302,2018-11-14,CAROUSEL_ALBUM,N/A (not video),False,https://www.instagram.com/p/BqLb0CSjUQv/,[SWIPE 👉🏻👉🏻] Join Rabbi Moshe Shamah @ 1PM on Thursdays at Sephardic Synagogue
17984644360112753,2018-11-14,CAROUSEL_ALBUM,N/A (not video),False,https://www.instagram.com/p/BqLXG62jJAI/,"[SWIPE👉🏻👉🏻] So. Many. Classes!!! Click on link in bio for the comprehensive list of 100+ weekly classes that our member affiliates are currently offering weeknights from 5:00PM to 10:00PM for men, women and children! #SCAAffiliateClasses"
17892384454274223,2018-11-14,CAROUSEL_ALBUM,N/A (not video),False,https://www.instagram.com/p/BqKnR7CDnSG/,[SWIPE👉🏻👉🏻] ILEAD Open House  #SCAAffiliateEvent #SCAAffiliate
17881938151282389,2018-11-14,CAROUSEL_ALBUM,N/A (not video),False,https://www.instagram.com/p/BqJU29yjV29/,[SWIPE 👉🏻👉🏻] Mrs. Annie Savdie @ 1PM on Wednesdays
17983803844096662,2018-11-12,CAROUSEL_ALBUM,N/A (not video),False,https://www.instagram.com/p/BqFiYu5DB8w/,[SWIPE👉🏻👉🏻] Hanukah Gala & Toy Sale #SCAAffiliateEvent #SCAAffiliate
17999450470011815,2018-11-12,CAROUSEL_ALBUM,N/A (not video),False,https://www.instagram.com/p/BqFGsPUjymj/,[SWIPE👉🏻👉🏻] Meet Rabbi Joseph Dana! . #MeetARabbi #SCARabbi #Sephardic #Community #Alliance #SCAupdates #SCA #Rabbi #Jewish #Judaism #SephardicRabbi #Torah #SCAMeetARabbi
17991246037078325,2018-11-11,IMAGE,N/A (not video),False,https://www.instagram.com/p/BqDaeZGDCUm/,#SCAIsraelAwareness Week 5
17975662318084089,2018-11-08,CAROUSEL_ALBUM,N/A (not video),False,https://www.instagram.com/p/Bp7b-gWDYV4/,"[SWIPE👉🏻👉🏻] Last night’s #SCAGoodReads was awesome- thanks to our gracious hosts, board members, teachers and attendees"
17996855080027180,2018-11-08,CAROUSEL_ALBUM,N/A (not video),False,https://www.instagram.com/p/Bp5iJLPgHu1/,[SWIPE 👉🏻👉🏻] Join Rabbi Raymond Harari @YOFHS on Thursday at 11:30 . Tomorrow’s class is sponsored in memory of Devorah Mindel bat Ze'ev Dovid
17982698260129082,2018-11-07,CAROUSEL_ALBUM,N/A (not video),False,https://www.instagram.com/p/Bp4wqTvDhYn/,[SWIPE👉🏻👉🏻] Rabbi Rafi Eis #SCAAffiliate #SCAScholarInResidence
17978649895125069,2018-11-06,CAROUSEL_ALBUM,N/A (not video),False,https://www.instagram.com/p/Bp2krOaDtLh/,[SWIPE👉🏻👉🏻] Great class with Mrs. Vicky Harari this morning @barkaiyeshiva
17989298464073666,2018-11-06,IMAGE,N/A (not video),False,https://www.instagram.com/p/Bp2UaOIj6ke/,#SCAGoodReads at the Hanan‘s tomorrow. Oh and we got valet parking so safe to say we’ll be seeing you there
17996907142001884,2018-11-05,IMAGE,N/A (not video),False,https://www.instagram.com/p/BpzTbuTDVqP/,Starting today!
17981722153107327,2018-11-05,CAROUSEL_ALBUM,N/A (not video),False,https://www.instagram.com/p/BpzTLIWDSlP/,[SWIPE👉🏻👉🏻] Meet Rabbi Victor Gheriani! . #MeetARabbi #SCARabbi #Sephardic #Community #Alliance #SCAupdates #SCA #Rabbi #Jewish #Judaism #SephardicRabbi #Torah #SCAMeetARabbi
17982395845102777,2018-11-05,IMAGE,N/A (not video),False,https://www.instagram.com/p/Bpx8W1GDV7E/,This Tuesday Mrs. Vicky Harari will be teaching instead of Rabbi Moses Haber @barkaiyeshiva
17998743637045131,2018-11-04,CAROUSEL_ALBUM,N/A (not video),False,https://www.instagram.com/p/BpxafMBj3ZA/,[SWIPE👉🏻👉🏻] Class with Mrs. Vivien Hidary #SCAAffiliate #SCAAffiliateClasses
17997624835055819,2018-11-04,IMAGE,N/A (not video),False,https://www.instagram.com/p/Bpw8vndjWLP/,#SCAIsraelAwareness Week 5
17959314409172507,2018-11-01,VIDEO,NOT_FETCHED,False,https://www.instagram.com/p/Bpp11vJj77n/,Community members representing @btorah @welovemdyhs @yofhs @hillelyeshiva @thecenterscc @sca_updates @barkaiyeshiva @sbh_updates @westdealshul visited Pittsburgh today to show that we are #StrongerThanHate 🎥 by @vids_by_vic
17979506641114935,2018-11-01,IMAGE,N/A (not video),False,https://www.instagram.com/p/BppofMDjneB/,"This Shabbat the SCA encourages everyone to make an extra effort to attend Shabbat services in your synagogue. Eleven of our Jewish brethren were murdered in Pittsburgh last Shabbat simply because they were Jews and were attending synagogue.  We, along with Jewish groups around this country and around the world, are encouraging all who are able, to participate in some part of the Shabbat services this week.  Whether you are a man, woman or child, we ask that you try to attend somewhere as a show"
17979615157099295,2018-10-31,CAROUSEL_ALBUM,N/A (not video),False,https://www.instagram.com/p/BpmUw3eg9SM/,[SWIPE👉🏻👉🏻] Barkai Yeshivah Literacy Day #SCAAffiliateEvent #SCAAffiliate
17903786308256300,2018-10-31,IMAGE,N/A (not video),False,https://www.instagram.com/p/Bpk7XItjA6I/,When the only camera capable of capturing the entire crowd is the security camera... Rabbi Bessers class on Wednesdays at 1pm @YOFHS
17934866269204634,2018-10-30,IMAGE,N/A (not video),False,https://www.instagram.com/p/BpkpD09Aop2/,New class with Rabbi Raymond Harari Thursdays @YOFHS
17993835505059086,2018-10-29,CAROUSEL_ALBUM,N/A (not video),False,https://www.instagram.com/p/BphSUmZHYvq/,[SWIPE 👉🏻👉🏻] Never too late to join a class this year! Try Dr. Simone Hidary’s class on ”The Art of Parenting”. Takes place @ MDY Elementary School Torah Center at 1:00PM on Mondays
17971497673095654,2018-10-29,CAROUSEL_ALBUM,N/A (not video),False,https://www.instagram.com/p/Bpg-m0NHPB1/,[SWIPE👉🏻👉🏻] Meet Rabbi Saul Kassin! . #MeetARabbi #SCARabbi #Sephardic #Community #Alliance #SCAupdates #SCA #Rabbi #Jewish #Judaism #SephardicRabbi #Torah #SCAMeetARabbi
17964343096153004,2018-10-28,IMAGE,N/A (not video),False,https://www.instagram.com/p/Bpfp2eFnOLE/,All SCA classes this week will be given in loving memory of the 11 Jews who were murdered yesterday in the Tree of Life Synagogue in Pittsburgh.  We extend our sincere and heartfelt condolences to the families who lost loved ones and to the Pittsburgh community.  #prayforpittsburgh
17989680034069888,2018-10-28,IMAGE,N/A (not video),False,https://www.instagram.com/p/BpfRHD_n4rc/,#SCAIsraelAwareness Week 4
17965368586182700,2018-10-28,CAROUSEL_ALBUM,N/A (not video),False,https://www.instagram.com/p/BpfFKexHwS-/,[SWIPE👉🏻👉🏻] Class with Rabbi Mimone Mamane #SCAAffiliate #SCAAffiliateClasses
17993097895007269,2018-10-25,CAROUSEL_ALBUM,N/A (not video),False,https://www.instagram.com/p/BpXCNEeHOoL/,"[SWIPE 👉🏻👉🏻] Yesterday’s Rabbi Besser class @yofhs was donated by Evelyn Serure in memory of her brother Ezra Ben Nizha (Isadore Izzy Gindi). For future sponsorship opportunities, email us at info@scaupdates.org!"
17949718783198502,2018-10-25,CAROUSEL_ALBUM,N/A (not video),False,https://www.instagram.com/p/BpVyepRHZMX/,[SWIPE 👉🏻👉🏻] Rabbi Tobias’s Monday class at MDY continues tomorrow (Thursday) where he will be teaching part 3/4 of his series on “Kashrut 101”
17861679472290588,2018-10-24,CAROUSEL_ALBUM,N/A (not video),False,https://www.instagram.com/p/BpVFog-nVei/,[SWIPE 👉🏻👉🏻] Last week Rabbi Albert Setton started off his course on “Media Club: Exploring our Reality” that we partnered with @dsnacademyforwomen to provide for our community members on the Jersey Shore!
17973565084125499,2018-10-24,IMAGE,N/A (not video),False,https://www.instagram.com/p/BpUTmGInD5m/,“How to Lead a Meaningful Life” is the theme if next months #SCAGoodReads at the Hanan household- see you there!
17933183722207684,2018-10-24,CAROUSEL_ALBUM,N/A (not video),False,https://www.instagram.com/p/BpS_4xmn7J2/,[SWIPE👉🏻👉🏻] Thanks to the Novick’s for hosting week 3 of #SCAisraelawareness program! Stay tuned for details on next weeks hosts and address
17982973600077531,2018-10-22,CAROUSEL_ALBUM,N/A (not video),False,https://www.instagram.com/p/BpO3P6Fng09/,[SWIPE👉🏻👉🏻] Meet Rabbi Yosef Bitton! . #MeetARabbi #SCARabbi #Sephardic #Community #Alliance #SCAupdates #SCA #Rabbi #Jewish #Judaism #SephardicRabbi #Torah #SCAMeetARabbi
17918193703228058,2018-10-21,IMAGE,N/A (not video),False,https://www.instagram.com/p/BpNTCgRn7E9/,#SCAIsraelAwareness Week 3
17991569590039509,2018-10-21,IMAGE,N/A (not video),False,https://www.instagram.com/p/BpMvHADHivA/,** @welovemdy class update** Mrs. Annie Savdie subbing in for at R Tobias’s Monday 11:30am class
17960518825154261,2018-10-21,IMAGE,N/A (not video),False,https://www.instagram.com/p/BpLTr4kHBs4/,Sign up for an online learning program with @tanachstudy
17872719661284076,2018-10-19,CAROUSEL_ALBUM,N/A (not video),False,https://www.instagram.com/p/BpHstfPnobo/,[SWIPE👉🏻👉🏻] Rabbi Aharon Kahn #SCAAffiliate #SCAScholarInResidence
17959281607159430,2018-10-17,CAROUSEL_ALBUM,N/A (not video),False,https://www.instagram.com/p/BpB7mFjno29/,[SWIPE👉🏻👉🏻] Rabbi Naftali Besser  Wednesdays at 1 @yofhs
17871498691304431,2018-10-16,CAROUSEL_ALBUM,N/A (not video),False,https://www.instagram.com/p/BpAaxORHMFk/,[SWIPE👉🏻👉🏻] Thanks to the Horovits’ for hosting week 2 of #SCAisraelawareness program! Stay tuned for details on next weeks hosts and address
17890607254266118,2018-10-16,CAROUSEL_ALBUM,N/A (not video),False,https://www.instagram.com/p/Bo_geS4n1Fe/,[SWIPE👉🏻👉🏻] Rabbi Moses Haber Tuesdays at 11 @barkaiyeshiva
17914493731240722,2018-10-15,CAROUSEL_ALBUM,N/A (not video),False,https://www.instagram.com/p/Bo9g1TonfhH/,[SWIPE👉🏻👉🏻] Bnei Yitzhak Classes Schedule #SCAAffiliate #SCAClassesSchedule
17981338432076671,2018-10-15,CAROUSEL_ALBUM,N/A (not video),False,https://www.instagram.com/p/Bo9Czm1HlVH/,[SWIPE👉🏻👉🏻] Meet Rabbi Daniel Kahana! . #MeetARabbi #SCARabbi #Sephardic #Community #Alliance #SCAupdates #SCA #Rabbi #Jewish #Judaism #SephardicRabbi #Torah #SCAMeetARabbi
17966879668088571,2018-10-14,IMAGE,N/A (not video),False,https://www.instagram.com/p/Bo6r2h2nJPP/,#SCAIsraelAwareness Week 2
17988617278035396,2018-10-12,CAROUSEL_ALBUM,N/A (not video),False,https://www.instagram.com/p/Bo1xPc_HQoh/,[SWIPE👉🏻👉🏻] Rabbi Menachem Liebtag #SCAAffiliate #SCAScholarInResidence
17969559001120438,2018-10-11,CAROUSEL_ALBUM,N/A (not video),False,https://www.instagram.com/p/Box7SPtHeAe/,[SWIPE👉🏻👉🏻] The first #SCAGoodReads earlier tonight had a great turnout! 40+ showed to up discuss this month’s article with Rabbi Dr. Richard Hidary!
17925305629210002,2018-10-09,CAROUSEL_ALBUM,N/A (not video),False,https://www.instagram.com/p/BoueIt8h97I/,[SWIPE👉🏻👉🏻] Thanks to the Francos for hosting week 1 of #SCAisraelawareness program! Stay tuned for details on next weeks hosts and address
17959821250189284,2018-10-09,IMAGE,N/A (not video),False,https://www.instagram.com/p/Botk-9-n4vl/,SCA @ Mikdash Eliyahu
17913340933226873,2018-10-08,CAROUSEL_ALBUM,N/A (not video),False,https://www.instagram.com/p/Bor0aZSHXMY/,[SWIPE👉🏻👉🏻] Midreshet Eshel’s 10 Year Reunion #SCAAffiliateEvent #SCAAffiliate
17961430225136666,2018-10-08,IMAGE,N/A (not video),False,https://www.instagram.com/p/BorStt3Hg7O/,SCA @ Barkai Yeshivah
17962427590188160,2018-10-08,CAROUSEL_ALBUM,N/A (not video),False,https://www.instagram.com/p/BoquUsAHzb-/,[SWIPE👉🏻👉🏻] Meet Rabbi Naftali Besser! . #MeetARabbi #SCARabbi #Sephardic #Community #Alliance #SCAupdates #SCA #Rabbi #Jewish #Judaism #Torah #SCAMeetARabbi
17986667710011518,2018-10-07,IMAGE,N/A (not video),False,https://www.instagram.com/p/BopksQVHMkM/,"Affiliate organization @tanachstudy, an online platform to learn Tanach, recently completed recordings of the entire Tanach! Tomorrow- Monday, October 8th 2018- the second cycle begins and they’d love for you to join and share with your close friends. They learn a perek a day (roughly 20 minutes recordings) with the best rabbis and teachers in the world- for free! For more information on how to join the movement visit TanachStudy.com"
17924108707212838,2018-10-07,IMAGE,N/A (not video),False,https://www.instagram.com/p/Boo_NyBngzl/,#SCAIsraelAwareness Week 1
17969021074124644,2018-10-06,IMAGE,N/A (not video),False,https://www.instagram.com/p/BonDoTVnAfC/,Reminder: Classes start this Monday! 😃 Make sure to look it over carefully 👀 as there have been a few small changes
17999699515002905,2018-10-05,IMAGE,N/A (not video),False,https://www.instagram.com/p/BojqYLPnGqY/,Inaugural #SCAGoodReads this Wednesday night. Stop by to see what it’s all about.
17868184177283471,2018-10-05,IMAGE,N/A (not video),False,https://www.instagram.com/p/Bojd9SKnKlt/,SCA @ Sephardic Synagogue
17964419212091614,2018-10-04,IMAGE,N/A (not video),False,https://www.instagram.com/p/BohOT1enxMD/,Calling college students and grads! @sbh_youngprofessionals is hosting this kickoff networking event featuring tons of community professionals in a variety of careers. Learn more about different industries and get tips on navigating your career.
17985377593041055,2018-10-04,IMAGE,N/A (not video),False,https://www.instagram.com/p/BogrOF3HIum/,SCA @ YOFHS
17956642801179333,2018-10-03,CAROUSEL_ALBUM,N/A (not video),False,https://www.instagram.com/p/BoeorxknBJh/,[SWIPE👉🏻👉🏻] Launch of Sephardic Institute Fellowship Program #SCAAffiliateEvent #SCAAffiliate
17984882365022121,2018-10-03,IMAGE,N/A (not video),False,https://www.instagram.com/p/BoeHmMBHcsP/,SCA @ MDY
17949379477171869,2018-10-02,CAROUSEL_ALBUM,N/A (not video),False,https://www.instagram.com/p/BocvQt-ne9b/,[SWIPE👉🏻👉🏻] Meet Rabbi Mimone Mamane! . #MeetARabbi #SCARabbi #Sephardic #Community #Alliance #SCAupdates #SCA #Rabbi #Jewish #Judaism #SephardicRabbi #Torah #SCAMeetARabbi
17962345420083741,2018-09-28,CAROUSEL_ALBUM,N/A (not video),False,https://www.instagram.com/p/BoR7lsmHF15/,[SWIPE👉🏻👉🏻] Class Schedule #SCAAffiliateEvent #SCAAffiliate
17955089935178226,2018-09-27,IMAGE,N/A (not video),False,https://www.instagram.com/p/BoPvVo3HMw1/,"Enhance your Sukkot this year with Tebah's All-New Sukkot RTC Torah Readings Booklet. It includes all the Torah readings for all of Yom Tob and Shabbat Hol Hamo'ed in Hebrew-English, with commentary on the bottom. It is made up of excerpts from Recalling the Covenant, edited to fit the nature of this publication, and newly written comments for the purpose of this publication. Copies are available in many community synagogues. For your own personal copy, contact Rabbi Nathan Dweck at nathan@tebah"
17961667552085092,2018-09-26,CAROUSEL_ALBUM,N/A (not video),False,https://www.instagram.com/p/BoMOwBGHacM/,[SWIPE👉🏻👉🏻] A Disney Character Breakfast #SCAAffiliateEvent #SCAAffiliate
17957186386136148,2018-09-22,CAROUSEL_ALBUM,N/A (not video),False,https://www.instagram.com/p/BoDBI3JHCjj/,"[SWIPE👉🏻👉🏻] As the first official weekend of autumn is coming to an end, we want to take a moment to show some appriciation to all of these rabbis teachers educators and lay leaders for taking time out of their busy summers to teach in our learning program. Whether it was a one time lecture or a daily class, we want to say THANK YOU!"
17981212486031664,2018-09-21,CAROUSEL_ALBUM,N/A (not video),False,https://www.instagram.com/p/Bn_FsX4Hoxa/,[SWIPE👉🏻👉🏻] Sukkot Lecture & BBQ #SCAAffiliateEvent #SCAAffiliate
17964188575123657,2018-09-20,IMAGE,N/A (not video),False,https://www.instagram.com/p/Bn9ZOzUHGaM/,Have you emailed Aimee or Yvette yet for the article? Well...What are you waiting for?! Inaugural #SCAGoodReads is just a few weeks away! What better time to read this month’s article than over the upcoming holidays?
17939940943195846,2018-09-20,IMAGE,N/A (not video),False,https://www.instagram.com/p/Bn80r9iHDaF/,"Still a few spots left in R Albert Setton’s @dsnacademyforwomen 4 class course...sign up while you still can! . . Gain a deeper appreciation of current issues with American Judaism with a focused on Jewish education, the state of Jewish observance and affiliation, challenges American Jewry faces and their contribution to American society. . . . For more information visit dsnlive.org/event/academy-for-women-media-club-exploring-our-reality-through-writings-film/"
17950371619154466,2018-09-17,CAROUSEL_ALBUM,N/A (not video),False,https://www.instagram.com/p/Bn2BUb2n74l/,[SWIPE👉🏻👉🏻] Brooklyn Jam #SCAAffiliateEvent #SCAAffiliate
17964677866114824,2018-09-17,CAROUSEL_ALBUM,N/A (not video),False,https://www.instagram.com/p/Bn1GctSH3Yi/,[SWIPE👉🏻👉🏻] Meet Rabbi Sion Setton! . #MeetARabbi #SCARabbi #Sephardic #Community #Alliance #SCAupdates #SCA #Rabbi #Jewish #Judaism #SephardicRabbi #Torah #SCAMeetARabbi
17954255314190635,2018-09-16,IMAGE,N/A (not video),False,https://www.instagram.com/p/BnzTmnlnNvA/,See link in bio to listen to some Yom Kippur classes
17881606060267699,2018-09-16,IMAGE,N/A (not video),False,https://www.instagram.com/p/Bnym_sWnGWq/,Coming soon
17979564649010428,2018-09-14,CAROUSEL_ALBUM,N/A (not video),False,https://www.instagram.com/p/BntcSGUHrDP/,[SWIPE👉🏻👉🏻] Shabbat Shuba Classes with Rabbi Joey Haber #SCAAffiliateEvent #SCAAffiliate
17950822177146471,2018-09-13,IMAGE,N/A (not video),False,https://www.instagram.com/p/BnrgK0wnYnT/,📖🍂Women’s Brooklyn Fall 2018 Program 🍂 📖
17943999835168813,2018-09-13,CAROUSEL_ALBUM,N/A (not video),False,https://www.instagram.com/p/BnrcGIanjzc/,"[SWIPE👉🏻👉🏻] Great turnout today at our Fall Women’s Learning Program Kickoff Luncheon! Thanks to our hosts, speakers, those who helped organize it and to all for attending!"
17982032986043645,2018-09-13,CAROUSEL_ALBUM,N/A (not video),False,https://www.instagram.com/p/BnrJkyODVUp/,[SWIPE👉🏻👉🏻] Sephardic Selihot #SCAAffiliateEvent #SCAAffiliate
17952976180143291,2018-09-12,IMAGE,N/A (not video),False,https://www.instagram.com/p/BnoaVCwHATX/,"Reminder: Join us tomorrow for our kickoff luncheon! . . Tsofia Nahon was born in Jerusalem and studied law at Kiryat Ono College and statesmanship at the Jewish Statemanship Center. Previously, she served as the Chief of Staff to the Deputy Minister of Foreign Affairs & Deputy Minister of Transportation. She was then the political adviser to the Vice Prime Minister and the Minister of Interior, specializing in Judea and Samaria. She currently holds the position of CEO and Founder of Nahon Strat"
17964836623114481,2018-09-12,CAROUSEL_ALBUM,N/A (not video),False,https://www.instagram.com/p/BnmwhdIH7JQ/,[SWIPE👉🏻👉🏻] Meet Rabbi Meyer Laniado! . #MeetARabbi #SCARabbi #Sephardic #Community #Alliance #SCAupdates #SCA #Rabbi #Jewish #Judaism #SephardicRabbi #Torah #SCAMeetARabbi
17962537696118017,2018-09-09,IMAGE,N/A (not video),False,https://www.instagram.com/p/BnhG4-VnU64/,Sca would like to wish everyone a happy new year!
17979504280009909,2018-09-09,CAROUSEL_ALBUM,N/A (not video),False,https://www.instagram.com/p/Bngk19sn6wI/,Going into the new year knowing that SCA has a new Israel Awareness Program >>> #SCAIsraelAwareness
17904031276240632,2018-09-09,CAROUSEL_ALBUM,N/A (not video),False,https://www.instagram.com/p/BnfCGsJHdwT/,[SWIPE👉🏻👉🏻] Back to School Picnic #SCAAffiliateEvent #SCAAffiliate
17942590225172289,2018-09-07,IMAGE,N/A (not video),False,https://www.instagram.com/p/Bnbn4CRHB-Y/,Tuesday schedule for our Fall 2018 Women’s Learning Program
17955946675090451,2018-09-06,CAROUSEL_ALBUM,N/A (not video),False,https://www.instagram.com/p/BnZygUaB-q9/,"This Rosh Hashanah, we want to thank UJA for supporting us, our affiliates and so many community organizations. To donate to @UJAfedny visit www.ujafedny.org/i-commit-to-uja/"
17977692265012069,2018-09-06,IMAGE,N/A (not video),False,https://www.instagram.com/p/BnZThYohm_r/,Very excited to announce the launch of “Good Reads”! Join us on October 10th for our inaugural Good Reads Article club. Contact us anytime beforehand to receive this month’s article for discussion via email. #SCAGoodReads
17977609819004447,2018-09-06,IMAGE,N/A (not video),False,https://www.instagram.com/p/BnY1v2IH-9Y/,The holidays present us with a lot of free time to catch up our family and read Dibre Torah- join the hundreds of other community members who signed up for our Shabbat Shalom Reader for the easiest way to get all of your readings in one place!
17942027467172554,2018-09-05,IMAGE,N/A (not video),False,https://www.instagram.com/p/BnW8NIanu7n/,"Join us next week as we kick off our Women Fall Learning Program and release our full schedule! . . Lunch Catered by Jaclyn Marcos, Peace Love & Cooking . . Starting at 12:45 with Mrs. Simone Hidary, followed by Mrs. Tsofia Nahon . . Tsofia Nahon was born in Jerusalem and studied law at Kiryat Ono College and statesmanship at the Jewish Statemanship Center. Previously, she served as the Chief of Staff to the Deputy Minister of Foreign Affairs & Deputy Minister of Transportation. She was then the"
17955747337091909,2018-09-05,CAROUSEL_ALBUM,N/A (not video),False,https://www.instagram.com/p/BnWjjIPnAcK/,[SWIPE👉🏻👉🏻] Sports and Halacha #SCAAffiliateEvent #SCAAffiliate
17859308749301645,2018-09-04,CAROUSEL_ALBUM,N/A (not video),False,https://www.instagram.com/p/BnUnyGqHmHo/,"[SWIPE👉🏻👉🏻] Check out our summer recap article in the IMAGE Magazine: September 2018 Issue! If you can’t wait to get your physical copy, you can check it out on our website SCAupdates.org"
17943807379162457,2018-09-04,IMAGE,N/A (not video),False,https://www.instagram.com/p/BnSPyVNHwNu/,Wednesday schedule for our Fall 2018 Women’s Learning Program
17955118180087652,2018-09-04,CAROUSEL_ALBUM,N/A (not video),False,https://www.instagram.com/p/BnSJMUlnL-2/,[SWIPE👉🏻👉🏻] Blood Drive #SCAAffiliateEvent #SCAAffiliate
17970193147069587,2018-08-30,CAROUSEL_ALBUM,N/A (not video),False,https://www.instagram.com/p/BnHdNU6HRCo/,[SWIPE👉🏻👉🏻] This Shabbat at the JCC
17959603486117582,2018-08-29,IMAGE,N/A (not video),False,https://www.instagram.com/p/BnEqTIzHKLq/,"Att community members of the Jersey Shore, we’ve got some big news! For the first time ever, we’ve partnered with @dsnacademyforwomen to bring to you a special 4 class course this upcoming semester with Rabbi Albert Setton. Registration for it opens Sept 5th @1:00pm- set that reminder in your phone so you don’t get locked out! . . Gain a deeper appreciation of current issues with American Judaism with a focused on Jewish education, the state of Jewish observance and affiliation, challenges Ameri"
17901585205228502,2018-08-27,CAROUSEL_ALBUM,N/A (not video),False,https://www.instagram.com/p/Bm_TqoPHbVF/,[SWIPE👉🏻👉🏻] HS Minyan BBQ Kickoff #SCAAffiliateEvent #SCAAffiliate
17959417378107132,2018-08-27,CAROUSEL_ALBUM,N/A (not video),False,https://www.instagram.com/p/Bm_IuXyH4zl/,[SWIPE👉🏻👉🏻] Meet Rabbi Ike Hanon! . #MeetARabbi #SCARabbi #Sephardic #Community #Alliance #SCAupdates #SCA #Rabbi #Jewish #Judaism #SephardicRabbi #Torah #SCAMeetARabbi
17910829072216279,2018-08-24,IMAGE,N/A (not video),False,https://www.instagram.com/p/Bm3jYHAHFCH/,Monday schedule for our Fall 2018 Women’s Learning Program. We’re going be the releasing schedules of each day individually in the near future... stay tuned!
17951414728088022,2018-08-23,CAROUSEL_ALBUM,N/A (not video),False,https://www.instagram.com/p/Bm0uyRsnIAM/,[SWIPE👉🏻👉🏻] This Shabbat at the JCC
17944909573187332,2018-08-21,CAROUSEL_ALBUM,N/A (not video),False,https://www.instagram.com/p/BmvhRIQHPmC/,[SWIPE👉🏻👉🏻] Mr. Lawrence Burian speaking about his career at @thegarden last night @magendavidmanhattan at our Summer Speaker Series! On a practical level we can all thank him for bringing kosher food to MSG...He just switched it from Carlos and Gabby's to Abigail's🍴
17911071307200410,2018-08-20,IMAGE,N/A (not video),False,https://www.instagram.com/p/Bmt2YOEHnFh/,In case you didn’t get it in last night email...Stay tuned for full schedule coming shortly!
17864324344275677,2018-08-20,CAROUSEL_ALBUM,N/A (not video),False,https://www.instagram.com/p/BmtQ1SIH5o_/,[SWIPE👉🏻👉🏻] Pizmonim Class #SCAAffiliateEvent #SCAAffiliate
17880078955259935,2018-08-20,CAROUSEL_ALBUM,N/A (not video),False,https://www.instagram.com/p/BmtJqjZHaj3/,[SWIPE👉🏻👉🏻] Meet Rabbi Jack Savdie! . #MeetARabbi #SCARabbi #Sephardic #Community #Alliance #SCAupdates #SCA #Rabbi #Jewish #Judaism #SephardicRabbi #Torah #SCAMeetARabbi
17973437530059733,2018-08-20,IMAGE,N/A (not video),False,https://www.instagram.com/p/BmrpV0enH3h/,"Rabbi Joseph Beyda, Mondays @8pm for HS & College on “Gemara Masekhet Berakhot: Foundations of Prayer”"
17894109664246553,2018-08-20,CAROUSEL_ALBUM,N/A (not video),False,https://www.instagram.com/p/BmrngCJnhKa/,[SWIPE👉🏻👉🏻] This week @ the SCA
17971085917006307,2018-08-19,CAROUSEL_ALBUM,N/A (not video),False,https://www.instagram.com/p/BmqZKEYH_QN/,[SWIPE👉🏻👉🏻] Week 8 of Summer Speaker Series
17943734194130604,2018-08-16,CAROUSEL_ALBUM,N/A (not video),False,https://www.instagram.com/p/Bmjcw9GnHjh/,[SWIPE👉🏻👉🏻] This Shabbat at the JCC
17970326884061322,2018-08-16,CAROUSEL_ALBUM,N/A (not video),False,https://www.instagram.com/p/BmjRibPHBnC/,[SWIPE 👉🏻👉🏻] Rabbi Richard Tobias today at #SCAParashaOnThePorch !
17949320926085108,2018-08-16,CAROUSEL_ALBUM,N/A (not video),False,https://www.instagram.com/p/BmhaLxWnJeU/,[SWIPE👉🏻👉🏻] Tonight’s end of summer Siyum was INCREDIBLE! We’re so proud of all who partook in our learning program this summer and hope you enjoyed it just as much as we have!
17955546937103516,2018-08-15,CAROUSEL_ALBUM,N/A (not video),False,https://www.instagram.com/p/BmghKqdnCwE/,[SWIPE👉🏻👉🏻] Book Club: “12 Rules for Life” #SCAAffiliateEvent #SCAAffiliate
17970836341057390,2018-08-15,IMAGE,N/A (not video),False,https://www.instagram.com/p/Bmf7XZSHQOn/,Starting the day off right with Rabbi Avi Harari’s 7:20 am class
17954322115119053,2018-08-15,CAROUSEL_ALBUM,N/A (not video),False,https://www.instagram.com/p/Bmfy_-UnivM/,[SWIPE👉🏻👉🏻] Mr. Ezra Ashkenazi & Mr. Joseph Shamie this past Monday night @magendavidmanhattan at our Summer Speaker Series!
17896736494238971,2018-08-15,IMAGE,N/A (not video),False,https://www.instagram.com/p/BmeyG05HQ9D/,Delving into the sources with Rabbi Nathan Dweck
17969176849061610,2018-08-14,VIDEO,NOT_FETCHED,False,https://www.instagram.com/p/BmeJBfwnGE3/,"😱😱😱 Yes you heard him correctly- we’re raffling off an APPLE WATCH AND AIRPODS FOR FREE at our annual siyum tomorrow night @ Hathaway Synagogue! Not to mention GLATT BITE and @mazzaandmore ! Minha & Arbit @ 7:30 followed by Siyum, dinner & raffles @8:00. See you there at 75 Hathaway Ave!"
17870615386271150,2018-08-14,IMAGE,N/A (not video),False,https://www.instagram.com/p/BmdiINMHhc4/,Rabbi Besser’s Tuesday classes at Hathaway Synagogue >>>
17943987061138820,2018-08-14,IMAGE,N/A (not video),False,https://www.instagram.com/p/Bmdf9sJH-sp/,"#SCAParashaOnThePorch concludes this Thursday with Rabbi Richard Tobias! ____________ For a full brochure of all SCA is offering this summer, visit SCAupdates.org"
17870571931265462,2018-08-13,IMAGE,N/A (not video),False,https://www.instagram.com/p/BmbYr5WnHut/,After camp learning with Rabbi Joseph Mizrachi
17906987596221434,2018-08-13,CAROUSEL_ALBUM,N/A (not video),False,https://www.instagram.com/p/BmbBmBEH5Pg/,[SWIPE👉🏻👉🏻] Pre-Holiday Boutique Show #SCAAffiliateEvent #SCAAffiliate
17969047000019332,2018-08-13,CAROUSEL_ALBUM,N/A (not video),False,https://www.instagram.com/p/BmazKvxHG8L/,[SWIPE👉🏻👉🏻] Meet Rabbi Moshe Shamah! . Founding and Current Rabbi of Ohel Yishaq Synagogue of Allenhurst since 1998. Author of Torah Commentary Recalling the Covenant . . #MeetARabbi #SCARabbi #Sephardic #Community #Alliance #SCAupdates #SCA #Rabbi #Jewish #Judaism #SephardicRabbi #Torah #SCAMeetARabbi
17968991704006402,2018-08-13,CAROUSEL_ALBUM,N/A (not video),False,https://www.instagram.com/p/BmZk6VvnZgD/,[SWIPE👉🏻👉🏻] This week @ the SCA
17846988592286026,2018-08-12,VIDEO,NOT_FETCHED,False,https://www.instagram.com/p/BmZdamRnobW/,Summer Speaker Series tomorrow night  @magendavidmanhattan with Mr. Joseph Shamie and Mr. Ezra S Ashkenazi! Dinner 6:30pm. Panel 7:00pm
17955632113097764,2018-08-12,IMAGE,N/A (not video),False,https://www.instagram.com/p/BmZVvJtn2i7/,When a teacher has to cancel we don’t just leave you high and dry...join us tomorrow for a class with Rabbi Dr. Raymond Harari at 11:00am on “Parashat Shofetim: There Once Were Jewish Kings. Why?” (Subbing for Mrs. Vivien Hidary)
17942686876141083,2018-08-12,VIDEO,NOT_FETCHED,False,https://www.instagram.com/p/BmW_JvtnONZ/,Summer Speaker Series this Monday night @magendavidmanhattan continues with Mr. Joseph Shamie and Mr. Ezra S Ashkenazi speaking about “Giving Back to the Community”
17967807784060173,2018-08-10,CAROUSEL_ALBUM,N/A (not video),False,https://www.instagram.com/p/BmTFJARnC-w/,"[SWIPE👉🏻👉🏻] Week 7 of Summer Speaker Series ____________ For a full brochure of all SCA is offering this summer, visit SCAupdates.org"
17876690278261199,2018-08-10,VIDEO,NOT_FETCHED,False,https://www.instagram.com/p/BmR1etVH-Hu/,Summer Speaker Series this Monday night @magendavidmanhattan continues with Mr. Ezra S Ashkenazi and Mr. Joseph Shamie speaking about “Giving Back to the Community”
17967355675012281,2018-08-09,CAROUSEL_ALBUM,N/A (not video),False,https://www.instagram.com/p/BmRPpPxnxZf/,"[SWIPE👉🏻👉🏻] This Shabbat at the JCC ____________ For a full brochure of all SCA is offering this summer, visit SCAupdates.org"
17878536097249524,2018-08-09,CAROUSEL_ALBUM,N/A (not video),False,https://www.instagram.com/p/BmRB9RPHmFJ/,"[SWIPE 👉🏻👉🏻] Rabbi Ari Azancot today at #SCAParashaOnThePorch ! Join us next week for our final class- featuring Rabbi Richard Tobias! ____________ For a full brochure of all SCA is offering this summer, visit SCAupdates.org"
17905243567219035,2018-08-08,CAROUSEL_ALBUM,N/A (not video),False,https://www.instagram.com/p/BmO0WJhnP95/,[SWIPE👉🏻👉🏻] Barkai Inspiring Good Week #SCAAffiliateEvent #SCAAffiliate
17925176794197137,2018-08-08,IMAGE,N/A (not video),False,https://www.instagram.com/p/BmOVeyen_SI/,Mrs. Michelle Gindi’s Parasha class for middle school girls Wednesdays @ 6:30
17894441950227517,2018-08-08,IMAGE,N/A (not video),False,https://www.instagram.com/p/BmOVQTNnJvj/,“Who loves learning in SCA’s learning program?”
17942874760188144,2018-08-07,CAROUSEL_ALBUM,N/A (not video),False,https://www.instagram.com/p/BmL77donMNi/,"[SWIPE👉🏻👉🏻] Mr. Ronny Hersh last night @magendavidmanhattan at our Summer Speaker Series! ____________ For a full brochure of all SCA is offering this summer, visit SCAupdates.org"
17952906892103447,2018-08-07,IMAGE,N/A (not video),False,https://www.instagram.com/p/BmLryn1HgG4/,Our Summer Learning Program at Hathaway Synagogue is where it’s at
17946588085087472,2018-08-07,IMAGE,N/A (not video),False,https://www.instagram.com/p/BmLrX0snMTf/,"#SCAParashaOnThePorch this Thursday with Rabbi Ari Azancot! ____________ For a full brochure of all SCA is offering this summer, visit SCAupdates.org"
17894179078230185,2018-08-06,CAROUSEL_ALBUM,N/A (not video),False,https://www.instagram.com/p/BmJ0_VWnkRN/,[SWIPE👉🏻👉🏻] Messages from the Book of Devarim #SCAAffiliateEvent #SCAAffiliate
17954812756101973,2018-08-06,IMAGE,N/A (not video),False,https://www.instagram.com/p/BmJmnhun3iK/,"Mrs. Rayna Cohen tonight at 6:30 on Emunah, Hesed & Shabbat"
17935610329167022,2018-08-06,CAROUSEL_ALBUM,N/A (not video),False,https://www.instagram.com/p/BmJCBrjHv-n/,[SWIPE👉🏻👉🏻] Meet Rabbi Charles Safdieh! . #MeetARabbi #SCARabbi #Sephardic #Community #Alliance #SCAupdates #SCA #Rabbi #Jewish #Judaism #SephardicRabbi #Torah #SCAMeetARabbi
17962612975067289,2018-08-05,CAROUSEL_ALBUM,N/A (not video),False,https://www.instagram.com/p/BmHPRMMHGZQ/,[SWIPE👉🏻👉🏻] This week with the SCA
17938234582181915,2018-08-05,CAROUSEL_ALBUM,N/A (not video),False,https://www.instagram.com/p/BmG1ol3nMfH/,"[SWIPE👉🏻👉🏻] Week 6 of Summer Speaker Series ____________ For a full brochure of all SCA is offering this summer, visit SCAupdates.org"
17936382184156638,2018-08-05,CAROUSEL_ALBUM,N/A (not video),False,https://www.instagram.com/p/BmGOEgOnp-j/,[SWIPE👉🏻👉🏻] Home Alone Series #SCAAffiliateEvent #SCAAffiliate
17937378673183263,2018-08-03,VIDEO,NOT_FETCHED,False,https://www.instagram.com/p/BmBrQlonIUm/,Summer Speaker Series this Monday night @magendavidmanhattan continues with Mr. Ronny Hersh as he speaks about “The SY Jdub: How I got involved with the Syrian Community”
17891393881242020,2018-08-02,CAROUSEL_ALBUM,N/A (not video),False,https://www.instagram.com/p/Bl_UlwpH8td/,"[SWIPE👉🏻👉🏻] This Shabbat at the JCC ____________ For a full brochure of all SCA is offering this summer, visit SCAupdates.org"
17965984900007623,2018-08-02,CAROUSEL_ALBUM,N/A (not video),False,https://www.instagram.com/p/Bl-9P_nHp53/,"[SWIPE 👉🏻👉🏻] Packed house at our #SCAParashaOnThePorch today with Rabbi Joseph Dweck! Join us next week for a class with Rabbi Azancot- details coming soon! ____________ For a full brochure of all SCA is offering this summer, visit SCAupdates.org"
17876156767252711,2018-08-01,IMAGE,N/A (not video),False,https://www.instagram.com/p/Bl8M1XNHJYM/,"Just because it’s August and the summer days are ⏳winding down doesn’t mean it’s too late to join one of our classes at 🕍 Hathaway Synagogue. Check out our complete schedule on our 💻 website, SCAupdates.org or just 🚶🏻‍♂️stop on by tonight between 🕰8 and 10 to find a room full of eager learners 📖 over a delicious dinner 🍴 with your favorite rabbis!"
17945095264083072,2018-08-01,CAROUSEL_ALBUM,N/A (not video),False,https://www.instagram.com/p/Bl76rUiHMGW/,[SWIPE👉🏻👉🏻] Hebrew Immersion Program #SCAAffiliateEvent #SCAAffiliate
17950953643106766,2018-07-31,IMAGE,N/A (not video),False,https://www.instagram.com/p/Bl6YoCaH3cb/,"#SCAParashaOnThePorch this Thursday with Rabbi Joseph Dweck! ____________ For a full brochure of all SCA is offering this summer, visit SCAupdates.org"
17892118093234357,2018-07-31,IMAGE,N/A (not video),False,https://www.instagram.com/p/Bl5-DPMH0LI/,Mrs. Emily Labaton’s Wednesday classes are back! Join her in Hathaway Synagogue @ 12:15 pm for a series of classes on “Surprising Haftarot” 😱😱😱
17965797055009465,2018-07-31,IMAGE,N/A (not video),False,https://www.instagram.com/p/Bl5v51ynudW/,"Rabbi Joseph Dweck last night @magendavidmanhattan at our Summer Speaker Series! ____________ For a full brochure of all SCA is offering this summer, visit SCAupdates.org"
17938532467186531,2018-07-30,IMAGE,N/A (not video),False,https://www.instagram.com/p/Bl3baIrHHSn/,Rabbi Ikey Tawil teaching tonight @ 8:00pm and @ 9:00pm. Will there be Chinese for dinner again? Only one way to find out...
17892246532229120,2018-07-30,CAROUSEL_ALBUM,N/A (not video),False,https://www.instagram.com/p/Bl28XlPnajQ/,[SWIPE👉🏻👉🏻] The Father/Son Mission to Israel #SCAAffiliateEvent #SCAAffiliate
17965118011043962,2018-07-30,CAROUSEL_ALBUM,N/A (not video),False,https://www.instagram.com/p/Bl2wOV8HbdG/,[SWIPE👉🏻👉🏻] Meet Rabbi Albert Setton! . #MeetARabbi #SCARabbi #Sephardic #Community #Alliance #SCAupdates #SCA #Rabbi #Jewish #Judaism #SephardicRabbi #Torah #SCAMeetARabbi
17939713924137300,2018-07-30,CAROUSEL_ALBUM,N/A (not video),False,https://www.instagram.com/p/Bl1ktiJnCQn/,Join us for the “Back-to-Back Hidary Classes” tomorrow with Mrs. Vivien Hidary @ 11:00am & Mrs. Esther Hidary @ 12:15pm
17963448673029947,2018-07-30,CAROUSEL_ALBUM,N/A (not video),False,https://www.instagram.com/p/Bl1cC-aneEl/,"[SWIPE👉🏻👉🏻] Week 5 of Summer Speaker Series ____________ For a full brochure of all SCA is offering this summer, visit SCAupdates.org"
17890828951225406,2018-07-27,CAROUSEL_ALBUM,N/A (not video),False,https://www.instagram.com/p/BlvF_ADnEHT/,"[SWIPE👉🏻👉🏻] This Shabbat at the JCC... please note that following Arbit on Saturday night will be HATARAT NEDARIM  ____________ For a full brochure of all SCA is offering this summer, visit SCAupdates.org"
17963348971045148,2018-07-27,CAROUSEL_ALBUM,N/A (not video),False,https://www.instagram.com/p/BluwWTzHIxi/,[SWIPE👉🏻👉🏻] Finding the Teacher In You #SCAAffiliateEvent #SCAAffiliate
17934514192151728,2018-07-26,CAROUSEL_ALBUM,N/A (not video),False,https://www.instagram.com/p/BltbliGnqVO/,"[SWIPE 👉🏻👉🏻] Another AMAZING week of #SCAParashaOnThePorch with Rabbi Joseph Dweck! ____________ For a full brochure of all SCA is offering this summer, visit SCAupdates.org"
17929016662169103,2018-07-25,CAROUSEL_ALBUM,N/A (not video),False,https://www.instagram.com/p/BlqwmRWn-Ua/,[SWIPE👉🏻👉🏻] Kick N Run Tournament #SCAAffiliateEvent #SCAAffiliate
17934083047147520,2018-07-25,CAROUSEL_ALBUM,N/A (not video),False,https://www.instagram.com/p/BlqSmZHnDQu/,"[SWIPE👉🏻👉🏻] Hon Esther Morgenstern Monday night @magendavidmanhattan at our Summer Speaker Series! ____________ For a full brochure of all SCA is offering this summer, visit SCAupdates.org"
17964692872010049,2018-07-25,IMAGE,N/A (not video),False,https://www.instagram.com/p/Blpk3nJHK50/,Join us for a class with Mr. Ronald Benun today!
17959423684066329,2018-07-24,IMAGE,N/A (not video),False,https://www.instagram.com/p/BloalRSnY76/,Partner with us in Building our Future by Preserving our Past
17855175733273006,2018-07-24,VIDEO,NOT_FETCHED,False,https://www.instagram.com/p/BloFBYYD0_w/,Thank you to all of our rabbis and teachers for being a part of our program on Sunday: Rabbi Joseph Beyda Rabbi Harold Sutton Rabbi Dr. Raymond Harari  Rabbi Nathan Dweck Rabbi Howard Bald  Rabbi Dr. Richard Hidary  Mrs. Vivien Hidary Mr. Elliot Braha R Joseph Mizrachi  Mr. Aaron Shasha Mrs. Rayna Cohen  Mrs. Esther Hidary Mrs. Annie Savdie Mrs. Michelle Gindi Mr. Joseph Mosseri Rabbi Charles Safdieh Rabbi Richard Tobias Rabbi Mimon Mamane  Mrs. Linda Srour Mrs. Miriam Tawil Rabbi Victor Mosseri
17937261499140983,2018-07-24,IMAGE,N/A (not video),False,https://www.instagram.com/p/BloDnvJHqmq/,"#SCAParashaOnThePorch continues this Thursday with Rabbi Joseph Dweck! ____________ For a full brochure of all SCA is offering this summer, visit SCAupdates.org"
17900840365214805,2018-07-23,CAROUSEL_ALBUM,N/A (not video),False,https://www.instagram.com/p/BllV5-EnIzH/,"[SWIPE👉🏻👉🏻] Over the past 12 hours, we’ve received an influx of emails, texts, comments on social media and more about yesterday’s program. We’ve decided to share some of our favorite here."
17934252352183504,2018-07-23,CAROUSEL_ALBUM,N/A (not video),False,https://www.instagram.com/p/BllBndeHWQY/,"[SWIPE👉🏻👉🏻] Week 4 of Summer Speaker Series ____________ For a full brochure of all SCA is offering this summer, visit SCAupdates.org"
17890309735225916,2018-07-23,IMAGE,N/A (not video),False,https://www.instagram.com/p/BljmDsUns5N/,A day like today would not have been possible without the tireless work of so many people. From our 35+ rabbis & teachers to our dedicated board members and from the spectacular JCC staff to our amazing marketing & tech teams but there is one person that pulls it all together year after year. Our community is indebted to Rabbi Moses Haber for spearheading this project from the very beginning to the very end. It is due to his devotion and attention to detail that thousands of community members we
17957816407067377,2018-07-22,VIDEO,NOT_FETCHED,False,https://www.instagram.com/p/BlizNo7hsNg/,"Hundreds and hundreds of community members congregate to hear Rabbi Joseph Dweck, as part of our annual Tish’a BeAb Day of Learning in memory of Rabbi Dr. Ezra Labaton A”H"
17945141008126005,2018-07-22,IMAGE,N/A (not video),False,https://www.instagram.com/p/BlizLdtHMMI/,Have you stopped by the JCC yet today?
17961431527051177,2018-07-22,IMAGE,N/A (not video),False,https://www.instagram.com/p/BlhT3Qbnt9l/,"Arbit of Tish’a BeAb at JCC ____________ For a full brochure of all SCA is offering this summer, visit SCAupdates.org"
17960370832020911,2018-07-20,IMAGE,N/A (not video),False,https://www.instagram.com/p/Bld0bzBH7JR/,"Our Go Fund Me Page is now live! See link in bio! ____________ For a full brochure of all SCA is offering this summer, visit SCAupdates.org"
17854011133273257,2018-07-20,CAROUSEL_ALBUM,N/A (not video),False,https://www.instagram.com/p/BldGF7CH9gh/,"[SWIPE👉🏻👉🏻] This Shabbat at the JCC ____________ For a full brochure of all SCA is offering this summer, visit SCAupdates.org"
17889833650230408,2018-07-20,IMAGE,N/A (not video),False,https://www.instagram.com/p/Blb7oM4nvVR/,"A closer look at the topics for the classes being offered this Sunday, at our annual Tisha BeAb Day of Learning in memory of Rabbi Dr. Ezra Labaton A”H ________________ For a full brochure of all SCA is offering this summer, visit SCAupdates.org"
17920889047197753,2018-07-19,CAROUSEL_ALBUM,N/A (not video),False,https://www.instagram.com/p/Bla9PxAnbZV/,"[SWIPE 👉🏻👉🏻] WOW! Over 100 women at our #SCAParashaOnThePorch today with Rabbi Joseph Dweck! Join us next week for a class with him again- location details coming soon! ____________ For a full brochure of all SCA is offering this summer, visit SCAupdates.org"
17960880355024927,2018-07-18,IMAGE,N/A (not video),False,https://www.instagram.com/p/BlY5RuUHJ41/,"Join us this weekend for our annual Tish’a BeAb Day of Learning at the JCC in memory of Rabbi Dr. Ezra Labaton A”H ________________ For a full brochure of all SCA is offering this summer, visit SCAupdates.org"
17851514035300605,2018-07-17,IMAGE,N/A (not video),False,https://www.instagram.com/p/BlWOPU7nRFh/,"Stay tuned for complete schedule coming out shortly ________________ For a full brochure of all SCA is offering this summer, visit SCAupdates.org"
17946851368118894,2018-07-17,IMAGE,N/A (not video),False,https://www.instagram.com/p/BlV1ZAWnIWP/,"#SCAParashaOnThePorch continues this Thursday with Rabbi Joseph Dweck! ____________ For a full brochure of all SCA is offering this summer, visit SCAupdates.org"
17947236100099452,2018-07-17,CAROUSEL_ALBUM,N/A (not video),False,https://www.instagram.com/p/BlVnDg4Hpvf/,"[SWIPE👉🏻👉🏻] Last night’s panel discussion was amazing! Thanks to Panelists: Max & Rosie Assoulin and Sarina Bakst-Salama Moderator: Elliot Dweck Master of Ceremonies: Rabbi Dr. Richard Hidary Host: @magendavidmanhattan and @sbh_gem And everyone else who worked so hard to pull off another successful week of our Summer Speaker Series! ____________ For a full brochure of all SCA is offering this summer, visit SCAupdates.org"
17958889714065271,2018-07-16,IMAGE,N/A (not video),False,https://www.instagram.com/p/BlS_yWqH_q6/,"SCA classes today: Monday, July 16th ____________ For a full brochure of all SCA is offering this summer, visit SCAupdates.org"
17940616417081650,2018-07-16,CAROUSEL_ALBUM,N/A (not video),False,https://www.instagram.com/p/BlS7hMcHWC8/,[SWIPE👉🏻👉🏻] Meet Rabbi Ronald Barry! . #MeetARabbi #SCARabbi #Sephardic #Community #Alliance #SCAupdates #SCA #Rabbi #Jewish #Judaism #SephardicRabbi #Torah #SCAMeetARabbi
17940280804088357,2018-07-16,CAROUSEL_ALBUM,N/A (not video),False,https://www.instagram.com/p/BlSlCNiHDFK/,"[SWIPE👉🏻👉🏻] Week 3 of Summer Speaker Series ____________ For a full brochure of all SCA is offering this summer, visit SCAupdates.org"
17963653876013163,2018-07-15,CAROUSEL_ALBUM,N/A (not video),False,https://www.instagram.com/p/BlO8QnWnqKm/,[SWIPE👉🏻👉🏻] Summer of Literacy  #SCAAffiliateEvent #SCAAffiliate
17932042393155662,2018-07-13,CAROUSEL_ALBUM,N/A (not video),False,https://www.instagram.com/p/BlKvLFKHjVi/,"[SWIPE👉🏻👉🏻] This Shabbat at the JCC ____________ For a full brochure of all SCA is offering this summer, visit SCAupdates.org"
17931857674193900,2018-07-12,CAROUSEL_ALBUM,N/A (not video),False,https://www.instagram.com/p/BlI_3FxHElN/,"[SWIPE 👉🏻👉🏻] Amazing turnout at #SCAParashaOnThePorch today with Rabbi Raymond Harari! Join us next week for a class with Rabbi Joseph Dweck- details coming soon! ____________ For a full brochure of all SCA is offering this summer, visit SCAupdates.org"
17959215697025513,2018-07-11,CAROUSEL_ALBUM,N/A (not video),False,https://www.instagram.com/p/BlF4shYHPS_/,"[SWIPE👉🏻👉🏻] To quote our founder Mr. Morris Bailey in the May issue of IMAGE magazine “The SCA was founded in 2008 to help perpetuate our values to the next generation. While our traditional values may be obvious to some of our senior community members, these will wane over time unless we are proactive.” . . As our campaign of zooming in to #SCADeclarationofValues comes to an end, we hope you now have a clearer understanding as to not only what we (as an organization) stand for, but what our 40 "
17958406048034070,2018-07-10,CAROUSEL_ALBUM,N/A (not video),False,https://www.instagram.com/p/BlERwU0HlJp/,"[SWIPE👉🏻👉🏻] Mr. Allen Fagin last night @magendavidmanhattan at our Summer Speaker Series! ____________ For a full brochure of all SCA is offering this summer, visit SCAupdates.org"
17882816932246703,2018-07-10,CAROUSEL_ALBUM,N/A (not video),False,https://www.instagram.com/p/BlDCz_MnK9K/,[SWIPE👉🏻👉🏻] Women’s Color War II #SCAAffiliateEvent #SCAAffiliate
17898042670208339,2018-07-09,IMAGE,N/A (not video),False,https://www.instagram.com/p/BlA0yYpHvtK/,"#SCAParashaOnThePorch continues this Thursday with Rabbi Raymond Harari! ____________ For a full brochure of all SCA is offering this summer, visit SCAupdates.org"
17927749204166872,2018-07-09,CAROUSEL_ALBUM,N/A (not video),False,https://www.instagram.com/p/BlAZhu5nZyB/,[SWIPE👉🏻👉🏻] Meet Rabbi Dr. Elie Abadie! . #MeetARabbi #SCARabbi #Sephardic #Community #Alliance #SCAupdates #SCA #Rabbi #Jewish #Judaism #SephardicRabbi #Torah #SCAMeetARabbi
17885775880230879,2018-07-08,CAROUSEL_ALBUM,N/A (not video),False,https://www.instagram.com/p/Bk-1UK5nrTS/,"[SWIPE👉🏻👉🏻] Week 2 of Summer Speaker Series ____________ For a full brochure of all SCA is offering this summer, visit SCAupdates.org"
17959815187027528,2018-07-08,VIDEO,NOT_FETCHED,False,https://www.instagram.com/p/Bk86NdmHRuc/,"FULL VIDEO of our “Community School Panel” from Sunday is up...link in bio! ____________ For a full brochure of all SCA is offering this summer, visit SCAupdates.org"
17926906861163279,2018-07-06,CAROUSEL_ALBUM,N/A (not video),False,https://www.instagram.com/p/Bk5C22XH_ZO/,"[SWIPE👉🏻👉🏻] This Shabbat at the JCC ____________ For a full brochure of all SCA is offering this summer, visit SCAupdates.org"
17866838014260078,2018-07-05,CAROUSEL_ALBUM,N/A (not video),False,https://www.instagram.com/p/Bk3P50lH1iM/,"[SWIPE 👉🏻👉🏻] Inaugural #SCAParashaOnThePorch today with Rabbi Saul Kassin! Join us next week for a class with Rabbi Raymond Harari- more details coming soon! ____________ For a full brochure of all SCA is offering this summer, visit SCAupdates.org"
17958381841029185,2018-07-05,CAROUSEL_ALBUM,N/A (not video),False,https://www.instagram.com/p/Bk26H75nzKR/,[SWIPE 👉🏻👉🏻] High Heat Tournament #SCAAffiliateEvent #SCAAffiliate
17899782316207870,2018-07-05,CAROUSEL_ALBUM,N/A (not video),False,https://www.instagram.com/p/Bk2u332nvZO/,"[SWIPE👉🏻👉🏻] Pictures from this past Sunday 17 Tammuz Day of Study with @tanachstudy at @westdealshul 📷 @jamiedweck ____________ For a full brochure of all SCA is offering this summer, visit SCAupdates.org"
17957779288062859,2018-07-04,CAROUSEL_ALBUM,N/A (not video),False,https://www.instagram.com/p/Bk0WdgKHxox/,"[SWIPE👉🏻👉🏻] Zooming in to #SCADeclarationofValues, of “Learning and Earning” . ⚪️ Commitment to Halakha . ⚪️ Respect & Tolerance . ⚪️ Interaction with Society . ⚪️ Growth Through Education . ⚪️ Torah & Higher Education . 🔵 Learning & Earning . ⚪️ Medinat Yisrael"
17896178047213509,2018-07-04,IMAGE,N/A (not video),False,https://www.instagram.com/p/Bky8aaTnH0M/,🇺🇸🇺🇸🇺🇸
17929178653147768,2018-07-03,IMAGE,N/A (not video),False,https://www.instagram.com/p/BkxxEJmH7p5/,"#SCAParashaOnThePorch begins this Thursday with Rabbi Saul Kassin! ____________ For a full brochure of all SCA is offering this summer, visit SCAupdates.org"
17885328250229599,2018-07-03,IMAGE,N/A (not video),False,https://www.instagram.com/p/BkxcRmZHWhd/,"Mr. Robby Berman last night @magendavidmanhattan launching our Summer Speaker Series! ____________ For a full brochure of all SCA is offering this summer, visit SCAupdates.org"
17927888056158651,2018-07-02,IMAGE,N/A (not video),False,https://www.instagram.com/p/Bkv0DYBHzBF/,Keep an eye out for our new brochures!
17932447558189787,2018-07-02,IMAGE,N/A (not video),False,https://www.instagram.com/p/BkvzkLYnqDZ/,"Aaaand we’re back! Women’s summer learning program returns with a class from Mrs. Esther Hidary on “Topics in Jewish Thought” ____________ For a full brochure of all SCA is offering this summer, visit SCAupdates.org"
17923366819168055,2018-07-02,CAROUSEL_ALBUM,N/A (not video),False,https://www.instagram.com/p/BkumvDsnABk/,[SWIPE👉🏻👉🏻] Meet Rabbi Nathan Dweck! . #MeetARabbi #SCARabbi #Sephardic #Community #Alliance #SCAupdates #SCA #Rabbi #Jewish #Judaism #SephardicRabbi #Torah #SCAMeetARabbi
17880222253244601,2018-07-01,CAROUSEL_ALBUM,N/A (not video),False,https://www.instagram.com/p/BktRx8lHoNj/,"[SWIPE👉🏻👉🏻] Week 1 of Summer Speaker Series ____________ For a full brochure of all SCA is offering this summer, visit SCAupdates.org"
17931648328134868,2018-07-01,CAROUSEL_ALBUM,N/A (not video),False,https://www.instagram.com/p/BksZ5CKHW2U/,"[SWIPE👉🏻👉🏻] 17 of Tammuz ____________ For a full brochure of all SCA is offering this summer, visit SCAupdates.org"
17894260537222406,2018-06-29,IMAGE,N/A (not video),False,https://www.instagram.com/p/BknR_uIH5md/,"Smiles all around at our Hathaway Learning Program... Shabbat Shalom! ____________ For a full brochure of all SCA is offering this summer, visit SCAupdates.org"
17956127938028878,2018-06-28,CAROUSEL_ALBUM,N/A (not video),False,https://www.instagram.com/p/Bklj1hXHe-M/,"[SWIPE👉🏻👉🏻] This Shabbat at the JCC ____________ For a full brochure of all SCA is offering this summer, visit SCAupdates.org"
17941448185107569,2018-06-28,IMAGE,N/A (not video),False,https://www.instagram.com/p/Bkkq4pKHce_/,"Super excited to announce the launch of our latest initiative for our Women’s Summer Learning Program: “Parasha on the Porch”! #SCAParashaOnThePorch ____________ For a full brochure of all SCA is offering this summer, visit SCAupdates.org"
17947472320079991,2018-06-27,CAROUSEL_ALBUM,N/A (not video),False,https://www.instagram.com/p/BkiWm8SHDE9/,"[SWIPE👉🏻👉🏻] In this week’s #SCADeclarationofValues post, we take a look at “Torah and Higher Education” . . ⚪️ Commitment to Halakha . ⚪️ Respect & Tolerance . ⚪️ Interaction with Society . ⚪️ Growth Through Education . 🔵 Torah & Higher Education . ⚪️ Learning & Earning . ⚪️ Medinat Yisrael"
17882265169236839,2018-06-26,CAROUSEL_ALBUM,N/A (not video),False,https://www.instagram.com/p/Bkf_Xumns-H/,"[SWIPE👉🏻👉🏻] Join us this Sunday, on the fast of 17 Tammuz, for a day of study ____________ For a full brochure of all SCA is offering this summer, visit SCAupdates.org"
17856158398265649,2018-06-25,CAROUSEL_ALBUM,N/A (not video),False,https://www.instagram.com/p/BkdIxY1B9LP/,[SWIPE👉🏻👉🏻] Inauguration of Gladys Kassin Mikveh #SCAAffiliateEvent #SCAAffiliate
17895499222205406,2018-06-25,CAROUSEL_ALBUM,N/A (not video),False,https://www.instagram.com/p/BkcYv6JBJdF/,[SWIPE👉🏻👉🏻] Meet Rabbi Dr. Raymond Harari! . #MeetARabbi #SCARabbi #Sephardic #Community #Alliance #SCAupdates #SCA #Rabbi #Jewish #Judaism #SephardicRabbi #Torah #SCAMeetARabbi
17929683439132598,2018-06-24,IMAGE,N/A (not video),False,https://www.instagram.com/p/Bka74iLhG5g/,"Join one of our 20+ men classes tomorrow as we kick of another summer at Hathaway Synagogue Learning program! ____________ For a full brochure of all SCA is offering this summer, visit SCAupdates.org"
17926570312147503,2018-06-21,VIDEO,NOT_FETCHED,False,https://www.instagram.com/p/BkThFCUnBnM/,"Join Rabbi Ikey Tawil and our team of rabbis and teachers for an amazing summer! *Men’s classes starting this Monday, June 25th* ____________ For a full brochure of all SCA is offering this summer, visit SCAupdates.org"
17937684724127568,2018-06-21,CAROUSEL_ALBUM,N/A (not video),False,https://www.instagram.com/p/BkSbKDQHQRz/,"[SWIPE👉🏻👉🏻] Join us this Shabbat, “opening week” at the JCC! Swipe for scholar in residence, class schedule, Shabbat times and more! ____________ For a full brochure of all SCA is offering this summer, visit SCAupdates.org"
17928278257136567,2018-06-20,CAROUSEL_ALBUM,N/A (not video),False,https://www.instagram.com/p/BkQdRXrnuxY/,"We’re happy to announce the launch of our newest program “Summer Speaker Series”, taking place on Monday nights throughout the summer, in partnership with @magendavidmanhattan ! [Swipe 👉🏻👉🏻 for more] ____________ For a full brochure of all SCA is offering this summer, visit SCAupdates.org"
17936564548127838,2018-06-18,CAROUSEL_ALBUM,N/A (not video),False,https://www.instagram.com/p/BkKZBVsHUWr/,[SWIPE👉🏻👉🏻] Meet Rabbi Richard Tobias! . #MeetARabbi #SCARabbi #Sephardic #Community #Alliance #SCAupdates #SCA #Rabbi #Jewish #Judaism #SephardicRabbi #Torah #SCAMeetARabbi
17952794914040937,2018-06-17,IMAGE,N/A (not video),False,https://www.instagram.com/p/BkHyZNOHlzQ/,Happy Fathers Day!
17953531627046106,2018-06-13,CAROUSEL_ALBUM,N/A (not video),False,https://www.instagram.com/p/Bj-o_bTH9Ue/,"In this week’s #SCADeclarationofValues post, we take a look at “Growth Through Education”. Swipe 👉🏻👉🏻 . . ⚪️ Commitment to Halakha . ⚪️ Respect & Tolerance . ⚪️ Interaction with Society . 🔵 Growth Through Education . ⚪️ Torah & Higher Education . ⚪️ Learning & Earning . ⚪️ Medinat Yisrael"
17879410093236745,2018-06-12,IMAGE,N/A (not video),False,https://www.instagram.com/p/Bj8DnqFnzNz/,"Summer 2018 at The JCC! ____________ For a full brochure of all SCA is offering this summer, visit SCAupdates.org"
17923965337181269,2018-06-12,IMAGE,N/A (not video),False,https://www.instagram.com/p/Bj7fejVn4uz/,Tag a friend you’re excited to bring to our women’s learning program at Hathaway this summer! 🙇🏻‍♀️🕍📚
17922423514159965,2018-06-11,CAROUSEL_ALBUM,N/A (not video),False,https://www.instagram.com/p/Bj4jw0inQTP/,Meet Rabbi Joseph Beyda! Swipe 👉🏻 . . #MeetARabbi #SCARabbi #Sephardic #Community #Alliance #SCAupdates #SCA #Rabbi #Jewish #Judaism #SephardicRabbi #Torah #SCAMeetARabbi
17950807279032840,2018-06-08,IMAGE,N/A (not video),False,https://www.instagram.com/p/BjxVvXeHpF8/,Shabbat Shalom!
17936979565107930,2018-06-07,IMAGE,N/A (not video),False,https://www.instagram.com/p/BjvQ_Vjnfv1/,Start your summer days off the right way-with some early morning Torah! 🌅🕍📚
17850901234270968,2018-06-06,CAROUSEL_ALBUM,N/A (not video),False,https://www.instagram.com/p/BjsCBY2Hpru/,Zooming in on “Interaction with Society” for this week’s  #SCADeclarationofValues. Swipe 👉🏻👉🏻 . . ⚪️ Commitment to Halakha . ⚪️ Respect & Tolerance . 🔵 Interaction with Society . ⚪️ Growth Through Education . ⚪️ Torah & Higher Education . ⚪️ Learning & Earning . ⚪️ Medinat Yisrael
17921301589159158,2018-06-05,CAROUSEL_ALBUM,N/A (not video),False,https://www.instagram.com/p/BjqQ50qnQRP/,Walk to Magen David Congregation. Swipe 👉🏻 #SCAAffiliateEvent #SCAAffiliate
17877304024239985,2018-06-04,CAROUSEL_ALBUM,N/A (not video),False,https://www.instagram.com/p/BjmlHlen6FJ/,Meet Rabbi Harold Sutton! Swipe 👉🏻#MeetARabbi #SCARabbi #SCAMeetARabbi
17859605014256448,2018-06-03,IMAGE,N/A (not video),False,https://www.instagram.com/p/BjiyFkCn8fR/,Celebrate Israel Parade 2018! #CelebrateIsrael #TogetherOnFifth
17921237653177038,2018-06-01,CAROUSEL_ALBUM,N/A (not video),False,https://www.instagram.com/p/BjfYhBfnI9E/,SBH Cooking for a Cause. Swipe 👉🏻 #SCAAffiliateEvent #SCAAffiliate
17933199718121477,2018-06-01,IMAGE,N/A (not video),False,https://www.instagram.com/p/BjegaajHWS-/,Shabbat Shalom!
17948716864051103,2018-05-31,CAROUSEL_ALBUM,N/A (not video),False,https://www.instagram.com/p/BjdA1q3H1FT/,Full SCA Summer 2018 Learning Program Schedule!
17889708655203146,2018-05-30,CAROUSEL_ALBUM,N/A (not video),False,https://www.instagram.com/p/BjaDxqanKvj/,"In this week’s #SCADeclarationofValues post, we elaborate on the necessity of “Respect and Tolerance”. Swipe 👉🏻👉🏻 . . ⚪️ Commitment to Halakha . 🔵 Respect & Tolerance . ⚪️ Interaction with Society . ⚪️ Growth Through Education . ⚪️ Torah & Higher Education . ⚪️ Learning & Earning . ⚪️ Medinat Yisrael"
17950323622059537,2018-05-29,CAROUSEL_ALBUM,N/A (not video),False,https://www.instagram.com/p/BjXZBEgnudF/,BDS from Within. Swipe 👉🏻 #SCAAffiliateEvent #SCAAffiliate
17923112680141606,2018-05-28,CAROUSEL_ALBUM,N/A (not video),False,https://www.instagram.com/p/BjU9-A3HcwP/,Meet Rabbi Moses Haber! Swipe 👉🏻#MeetARabbi #SCARabbi #SCAMeetARabbi
17947996267032274,2018-05-28,IMAGE,N/A (not video),False,https://www.instagram.com/p/BjUSbAYHscI/,"More than 500 Syrian Jewish soldiers from Brooklyn served in World War II and the following servicemen gave their lives for the cause of freedom: 🇺🇸🇺🇸🇺🇸 🇺🇸🇺🇸🇺🇸 CHARLES I. ABADY, Staff Sergeant, U.S. Army Air Force. Plane shot down, France, 1944, 20 years old. Buried in France 🇺🇸🇺🇸🇺🇸 🇺🇸🇺🇸🇺🇸 JACK BALLAS, Second Lieutenant, U.S. Army Air Force. Plane crash, Tennessee, 1944. . 🇺🇸🇺🇸🇺🇸 🇺🇸🇺🇸🇺🇸 JACK COHEN, Private First Class, U.S. Army, killed in action, Francewounds received in Italy (info from Nation"
17948920063024566,2018-05-27,IMAGE,N/A (not video),False,https://www.instagram.com/p/BjQ6eshn4aJ/,We’re very excited to officially release our women’s classes schedule for summer ‘18!
17888637970204696,2018-05-25,CAROUSEL_ALBUM,N/A (not video),False,https://www.instagram.com/p/BjNfd5wHAdP/,SCA Summer Learning Programs. Swipe 👉🏻 for more! Shabbat Shalom
17916517696165853,2018-05-24,IMAGE,N/A (not video),False,https://www.instagram.com/p/BjKM1MZn5wO/,Sign up for our Shabbat Shalom Reader by visiting scaupdates.org/shabbatshalom
17874640987228153,2018-05-23,CAROUSEL_ALBUM,N/A (not video),False,https://www.instagram.com/p/BjIHwTanSv9/,Family Picnic 2018. Swipe 👉🏻 #SCAAffiliateEvent #SCAAffiliate
17870133892245183,2018-05-23,CAROUSEL_ALBUM,N/A (not video),False,https://www.instagram.com/p/BjHZLFBHG6N/,"As Mr. Morris Bailey discussed in the most recent issue of IMAGE magazine “The SCA was founded in 2008 to help perpetuate our values to the next generation. While our traditional values may be obvious to some of our senior community members, these will wane over time unless we are proactive... Each of our 39 member affiliate organization have aligned with these rudimentary values.” . . This inaugural post, is the first of a series of posts that will follow in the coming weeks, elaborating on our"
17932701730105330,2018-05-22,CAROUSEL_ALBUM,N/A (not video),False,https://www.instagram.com/p/BjEzrwnHx0u/,Meet Rabbi Dr. Richard Hidary! Swipe 👉🏻#MeetARabbi #SCARabbi #SCAMeetARabbi
17946408310053117,2018-05-18,CAROUSEL_ALBUM,N/A (not video),False,https://www.instagram.com/p/Bi7bRSgnIQd/,Shabbat Shalom and Hag Sameah!
17947071100012431,2018-05-18,IMAGE,N/A (not video),False,https://www.instagram.com/p/Bi6wUoeHppM/,Please join @thesabrainstitute tomorrow morning @westdealshul for an open discussion on recent events occurring in Israel
17926459357094876,2018-05-18,CAROUSEL_ALBUM,N/A (not video),False,https://www.instagram.com/p/Bi5zBqDnXEe/,Shabuot Schedules at some of our member affiliate synagogues... stay tuned for more coming soon!
17918758324176055,2018-05-17,CAROUSEL_ALBUM,N/A (not video),False,https://www.instagram.com/p/Bi5T6qZn_Ed/,Qol Ha-Qahal Issue #59: Shabuot is now available online at SCAupdates.org . . #Sephardic #Community #SephardicCommunity #Jewish #SephardicJews #Synagogue #Holiday #Publication #SCApublication #KnowledgeIsPower #Torah #Rabbis #Leaders #Students #Affiliates #United
17922113722141009,2018-05-17,IMAGE,N/A (not video),False,https://www.instagram.com/p/Bi5BsMHnle6/,What better way to spend a three day holiday than with Torah?
17884346974219012,2018-05-16,CAROUSEL_ALBUM,N/A (not video),False,https://www.instagram.com/p/Bi2OgeuHenA/,How to sign up for the new Shabbat Shalom Reader that everyone’s talking about! Swipe 👉🏻
17936739031079114,2018-05-15,CAROUSEL_ALBUM,N/A (not video),False,https://www.instagram.com/p/BizEyccnYIX/,Introducing the new SCA. Swipe 👉🏻
17943798574057070,2018-05-15,IMAGE,N/A (not video),False,https://www.instagram.com/p/Bix4VLcHNEk/,Rosh Hodesh Sivan
17945832964030119,2018-05-14,CAROUSEL_ALBUM,N/A (not video),False,https://www.instagram.com/p/Biwp5mzn-L1/,Meet Rabbi Isaac Tawil! Swipe 👉🏻#MeetARabbi #SCARabbi #SCAMeetARabbi
17914623628160479,2018-05-13,IMAGE,N/A (not video),False,https://www.instagram.com/p/BiuvoHeH2HR/,Yom Yerushalayim Concert this Tuesday Night!
17885380237200838,2018-05-13,IMAGE,N/A (not video),False,https://www.instagram.com/p/Bit27Bsn1Yp/,Happy Mother’s Day!
17871725548227755,2018-05-13,IMAGE,N/A (not video),False,https://www.instagram.com/p/Bisr77rnyxZ/,Yom Yerushalayim 2018
17883048559223561,2018-05-11,IMAGE,N/A (not video),False,https://www.instagram.com/p/Bio_UmIhF4C/,Shabbat Shalom!
17918116708188034,2018-05-11,IMAGE,N/A (not video),False,https://www.instagram.com/p/Bio4tsZBZxE/,Clear your schedule for Sunday morning and join @tanachstudy for a special Yom Yerushalayim class @shaareshalom !
17944537525063742,2018-05-11,IMAGE,N/A (not video),False,https://www.instagram.com/p/BingKnphoGY/,A must have for every family!
17929786588112712,2018-05-10,IMAGE,N/A (not video),False,https://www.instagram.com/p/Bimar3Th_J9/,Tired of having to search through your inbox every Friday to find those weekly Dibre Torah to print? Want to broaden your scope and read something new? . . We’re very excited to launch “Shabbat Shalom from the SCA!” See link in bio to choose your subscription preferences and  AUTOMATICALLY receive a personalized PDF every Friday with content from your favorite Rabbis and Community Leaders. . One Weekly Email. One PDF. Personalized. #ShabbatShalomSCA
17916397654193290,2018-05-09,CAROUSEL_ALBUM,N/A (not video),False,https://www.instagram.com/p/BikKuZWnj71/,Have you seen this month’s IMAGE Magazine yet?! 👉🏻👉🏻👉🏻 Swipe left to glance at it or check it out on the homepage of our website SCAupdates.org!
17870802436239782,2018-05-09,IMAGE,N/A (not video),False,https://www.instagram.com/p/BijXlZinCYj/,Don’t forget to stop by the Barkai Yeshivah Bake Sale!
17924556781092460,2018-05-08,IMAGE,N/A (not video),False,https://www.instagram.com/p/Bih43C6BgVi/,"World Premier Book Launch of “Judaism, Zionism and the Land of Israel”- tonight at Manhattan East Synagogue!"
17929893028119084,2018-05-08,IMAGE,N/A (not video),False,https://www.instagram.com/p/BihsB-shbQm/,Att @welovemdy parents: Don’t forget that tomorrow is Mothers Grandmothers Day Fair... @mdypta will be selling gifts for your children to buy!
17938635514068921,2018-05-08,IMAGE,N/A (not video),False,https://www.instagram.com/p/Bihq7zxhQ5I/,Israel at Risk: An Opportunity to Engage Directly in The American Political Process
17884841122203043,2018-05-07,CAROUSEL_ALBUM,N/A (not video),False,https://www.instagram.com/p/Biecpo8H2n_/,Meet Rabbi Avi Harari! Swipe 👉🏻#MeetARabbi #SCARabbi #SCAMeetARabbi
17912582683160580,2018-05-02,IMAGE,N/A (not video),False,https://www.instagram.com/p/BiSLlCWnMmF/,"Join @westdealshul TONIGHT at 8pm for a father/son Pizmonim & Celebration... Live Music, Desserts, Raffles and More!"
17922932812085594,2018-04-30,IMAGE,N/A (not video),False,https://www.instagram.com/p/BiNCV3WHULx/,Very excited to announce a Sebet this Shabbat at Magen David Synagogue honoring Rabbi Haim Shaul celebrating his years of guidance and commitment to the synagogue
17914077475177648,2018-04-26,IMAGE,N/A (not video),False,https://www.instagram.com/p/BiCZMYPH6hd/,Join us for a night of inspiration on Wednesday night to hear from community heroes DJ Cohen & Cheri Srour! . . #Night #Inspiration #Deal #NJ #IdealLife #Sephardic #Community #SephardicCommunity #SephardicJews #Judaism #Jews #Jewish
17880632074214439,2018-04-25,IMAGE,N/A (not video),False,https://www.instagram.com/p/BiArurRnyoO/,"Rabbi Avi Berman, Executive Director of OU Israel, will be at Beth Torah this Shabbat!"
17931864646077338,2018-04-23,IMAGE,N/A (not video),False,https://www.instagram.com/p/Bh63diTH9oY/,Join Hillel Yeshiva High School for a book club moderated by Mrs. Emily Labaton May 11th! . #Book #Club #Learning #BookClub #Sephardic #Community #SephardicCommunity #SephardicJews #Judaism #Hillel #HillelYeshiva
17862897943244906,2018-04-22,IMAGE,N/A (not video),False,https://www.instagram.com/p/Bh2xCbynb-0/,"Mothers and daughters of @welovemdyhs are invited to spend the evening with us, along with community professionals, and partake in interactive activities run by the Financial Women's Association of New York! This fun-filled evening will focus on skills to accelerate women's leadership, including budgeting and financial literacy. RSVP to women@mdyhs.net to be entered to win prizes, including an Apple watch and AirPods"
17921630659080501,2018-04-20,IMAGE,N/A (not video),False,https://www.instagram.com/p/Bhzh51onsT6/,See link in bio for videos of the night!
17920444075083651,2018-04-19,CAROUSEL_ALBUM,N/A (not video),False,https://www.instagram.com/p/BhwacOfH2t-/,"Tonight, at Shaare Zion, we are happy to celebrate the Jubilee Anniversary of one of our oldest member affiliate organizations- Sephardic Institute!"
17938831609041090,2018-04-19,IMAGE,N/A (not video),False,https://www.instagram.com/p/BhvI5oTnO3u/,Celebrating Israel’s 70th as a community @thecenterscc !!
17866291459227933,2018-04-19,IMAGE,N/A (not video),False,https://www.instagram.com/p/Bhu2pLmH133/,Yom Haasmaut 2018!
17914716430140927,2018-04-18,IMAGE,N/A (not video),False,https://www.instagram.com/p/Bht9sDjnXr6/,The wait is over! Join us tonight in a COMMUNITY WIDE CELEBRATION of Israel’s 70th!
17925515395100156,2018-04-17,IMAGE,N/A (not video),False,https://www.instagram.com/p/BhsIPCFHRnf/,Yom Hazikaron. Remembering Fallen Soldiers and Victims of Terror🙏🏼
17906189656170160,2018-04-17,IMAGE,N/A (not video),False,https://www.instagram.com/p/Bhrp-35HT1i/,"Only $10.00 for carnival games, rides, inflatables, arts & crafts and all you can eat BBQ? Celebrate Lag LaOmer with Beth Torah at their annual carnival, Sunday May 6th!"
17911270321154799,2018-04-17,IMAGE,N/A (not video),False,https://www.instagram.com/p/Bhq5qNfHQ68/,Read the full article in Qol HaQahal: Issue 58!
17942519071050979,2018-04-17,CAROUSEL_ALBUM,N/A (not video),False,https://www.instagram.com/p/Bhp1R0dHDiw/,"What a night! Hosted by @ujafederation of NY’s Sephardic Division we collaborated with @thecenterscc @sbh_gem @sbh_updates @exceednetwork and @propelnetwork for a conversation with Lloyd Goldman, founder and president of @bldgnyc ! . . #Sephardic #Community #SephardicCommunity #NewYork #NY #Manhattan #Jewish #Jews #Judaism #Conversation"
17895870292198658,2018-04-17,IMAGE,N/A (not video),False,https://www.instagram.com/p/Bhpph6QnRZW/,SCA By the Numbers
17938399048042885,2018-04-16,CAROUSEL_ALBUM,N/A (not video),False,https://www.instagram.com/p/BhpFrHzHyY1/,Qol Ha-Qahal Issue #58: Israel @ 70 is now available online at SCAupdates.org . . #Sephardic #Community #SephardicCommunity #Jewish #SephardicJews #Synagogue #Holiday #Publication #SCApublication #KnowledgeIsPower #Torah #Rabbis #Leaders #Affiliates #United
17937839512015154,2018-04-16,CAROUSEL_ALBUM,N/A (not video),False,https://www.instagram.com/p/BhoqKH9HIWZ/,Just 2 more days.
17942066563008143,2018-04-15,IMAGE,N/A (not video),False,https://www.instagram.com/p/BhnASmjHrNM/,Weekly Women's Class @safra_synagogue_nyc with Vivien Hidary continues tomorrow at 1:30pm. The topic of the class is Speech: A Form of Creation . . #Torah #Class #Learning #Judaism #Ladies #Speech #Creation #Sephardic #Community #SephardicCommunity #Jewish #SephardicJews #NYC #Manhattan
17864047678241760,2018-04-15,IMAGE,N/A (not video),False,https://www.instagram.com/p/Bhmhij-HSSB/,Read the full article in Qol HaQahal: Issue 58!
17913283942191604,2018-04-15,IMAGE,N/A (not video),False,https://www.instagram.com/p/BhmQrJrHdFC/,Congregation Beit Edmonds Young Leadership invites you to a Yom Haasmaut Party this Wednesday night!
17938612909013055,2018-04-15,CAROUSEL_ALBUM,N/A (not video),False,https://www.instagram.com/p/BhlFzhNH0s3/,"What future do we want for our children? The choice is ours to make. By sustaining our community Yeshivot, we can instill our children with our Sephardic traditions while preparing them for jobs in the global economy. Our Yeshivot need your financial support to stay open to serve our needs. Protect the future of our children and our community. Education matters. Strengthen our community. Donate to our schools. Get involved at ProjectEdu.org"
17865160093230269,2018-04-15,CAROUSEL_ALBUM,N/A (not video),False,https://www.instagram.com/p/Bhkh-83nf_6/,This Wednesday night @thecenterscc !
17912883568142301,2018-04-13,IMAGE,N/A (not video),False,https://www.instagram.com/p/BhhcQrwHMxw/,Shabbat Shalom!
17846783899259081,2018-04-13,IMAGE,N/A (not video),False,https://www.instagram.com/p/BhhL6XAn2bJ/,Read the full article in Qol HaQahal: Issue 58- coming out shortly!
17910384067192569,2018-04-12,CAROUSEL_ALBUM,N/A (not video),False,https://www.instagram.com/p/Bhe5TDanMLS/,Join @tanachstudy this weekend at some of the many classes being offered at our member affiliate organizations!
17923601419114436,2018-04-11,IMAGE,N/A (not video),False,https://www.instagram.com/p/BhcmasIHYFf/,#NeverForget #NeverAgain
17937177079054938,2018-04-11,IMAGE,N/A (not video),False,https://www.instagram.com/p/BhcGZ5nHyDr/,"Congregation Magen David of West Deal is having a special Yom Hashoah Program tomorrow, Thursday, April 12 early in the evening, at 7:15 pm after Minha/Arbit. Mrs. Judy Meisel, who was 12 years when the Germans invaded her town in Lithuania in 1941, will share her story with us. It is important that we give her strength, by listening to her, and imperative for us to hear her speak. Please encourage your family and friends to attend the program."
17923381438115794,2018-04-11,IMAGE,N/A (not video),False,https://www.instagram.com/p/BhcD5sxn8ID/,@ujafederation of NY’s Sephardic Division register at daynekom@ujafedny.org or call 212.836.1706 . . . @thecenterscc @sbh_gem @exceednetwork @propelnetwork @sbh_updates
17928515596076314,2018-04-11,IMAGE,N/A (not video),False,https://www.instagram.com/p/Bhby3kYHRBP/,Join us tonight for a special Yom Hashoa program about stories of righteous Jews saving Jews with Dr. Mordecai Paldiel. . . . #NeverForget #Holocaust #Remember #HolocaustRemembranceDay #Jewish #Community #Jews #Judaism #SephardicCommunity #Synagogue
17846829295256190,2018-04-10,IMAGE,N/A (not video),False,https://www.instagram.com/p/BhZuHAIHWoc/,Join Beth Torah HS Minyan this Shabbat as they welcome Rabbi Besser & the Flatbush Yachad Shabbaton!
17864130304236983,2018-04-10,IMAGE,N/A (not video),False,https://www.instagram.com/p/BhZOnG8DMUg/,Att Deal Residents: Celebrate Israel’s 70th at Congregation Magen David of West Deal!
17918151607093987,2018-04-09,IMAGE,N/A (not video),False,https://www.instagram.com/p/BhXj820DEoN/,Parent Enrichment Classes at Barkai Yeshivah continues tomorrow! . #Class #Learning #Parenting #ParentEnrichment #Sephardic #Community #SephardicCommunity #Jewish #SephardicJews #Barkai #BarkaiYeshivah
17938247347019279,2018-04-09,IMAGE,N/A (not video),False,https://www.instagram.com/p/BhWyx23jOgp/,Saving lives through Israeli Innovation . . #Innovation #Israel #Africa #SavingLives #Technology #Solar #Impact #Sephardic #Community #SephardicCommunity #Jewish #SephardicJews #TheCenter @thecenterscc
17909240329153279,2018-04-09,IMAGE,N/A (not video),False,https://www.instagram.com/p/BhWnsOxjMIb/,"Ordered in April 1945 by the Supreme Headquarters Allied Expeditionary Force, German Concentration Camps Factual Survey is an official documentary about the atrocities committed at concentration camps under Nazi leadership. Producer Sidney Bernstein assembled a team at the Ministry of Information that included editors Stewart McAllister and Peter Tanner, writers Colin Wills and Richard Crossman; and Alfred Hitchcock who gave directorial advice. A compilation of footage shot by combat and newsree"
17935773097048451,2018-04-08,IMAGE,N/A (not video),False,https://www.instagram.com/p/BhVBEHJjFBi/,We’re less than 2 weeks away from our community wide Yom Haasmaut celebration at @thecenterscc ! 🇮🇱
17911758694143758,2018-04-05,IMAGE,N/A (not video),False,https://www.instagram.com/p/BhMisuJjKfc/,Hag Sameah
17936003965049269,2018-04-04,IMAGE,N/A (not video),False,https://www.instagram.com/p/BhKJhffDN2W/,Yom Hashoah Commemoration at Congregation Beit Edmond
17922403468107171,2018-04-03,IMAGE,N/A (not video),False,https://www.instagram.com/p/BhG2iLDDN2j/,Join us next week for a special Yom Hashoa program about stories of righteous Jews saving Jews with Dr. Mordecai Paldiel. April 11th @kolisraelcongregation . . #NeverForget #Holocaust #Remember #HolocaustRemembranceDay #Jewish #Community #Jews #Judaism #SephardicCommunity #Synagogue
17926030777072427,2018-03-30,IMAGE,N/A (not video),False,https://www.instagram.com/p/Bg87bIbDyxS/,Shabbat Shalom & Hag Sameah!
17928715141069825,2018-03-30,IMAGE,N/A (not video),False,https://www.instagram.com/p/Bg7ZDL9DMi0/,"“Jewish memory, zakhira, is not solely about the past, it is to create meaning in the present and the future” - Rabbi Meyer Laniado"
17861816863226353,2018-03-29,CAROUSEL_ALBUM,N/A (not video),False,https://www.instagram.com/p/Bg6SdtvDsDx/,Rabbi Joseph Beyda discusses fire safety in Judaism. For the full video of our Pesah Yom Iyyun panel with Rabbis and their wives visit SCAupdates.org #SCAPesahPerspectivesPanel . . #Torah #Learning #Judaism #Pesah #Sephardic #Community #SephardicCommunity #Jewish #BethTorah  #Rabbi #Spouse #Knowledge #Holiday #YomIyyun #BethTorah
17915516050084925,2018-03-29,IMAGE,N/A (not video),False,https://www.instagram.com/p/Bg59PD5j-RZ/,"Join @ujafederation of NY’s Sephardic Division for a conversation with Lloyd Goldman, founder and president of @bldgnyc ! . . #Sephardic #Community #SephardicCommunity #NewYork #NY #Manhattan #Jewish #Jews #Judaism #Conversation"
17910399061142948,2018-03-29,IMAGE,N/A (not video),False,https://www.instagram.com/p/Bg402KWDA13/,“The Haggadah discussion is a primary tool for transmitting the shared ideals and values that establish identity” - Rabbi Joseph Beyda
17927767450068965,2018-03-28,CAROUSEL_ALBUM,N/A (not video),False,https://www.instagram.com/p/Bg4UEjAjl1k/,Mrs. Yvette Beyda discusses how to keep your children engaged at your Pesah seder. For the full video of our Pesah Yom Iyyun panel with Rabbis and their wives visit SCAupdates.org #SCAPesahPerspectivesPanel . . #Torah #Learning #Judaism #Pesah #Sephardic #Community #SephardicCommunity #Jewish #BethTorah  #Rabbi #Spouse #Knowledge #Holiday #YomIyyun #BethTorah
17873748520213468,2018-03-28,IMAGE,N/A (not video),False,https://www.instagram.com/p/Bg38ASKDi_B/,"Congregation Beth Torah, @tanachstudy and the Religious Zionists of America are proud to announce a Scholar in Residence Shabbaton Celebrating 70 Years of the State of Israel! Rabbi Ari Kahn will be in town for Parashat Shemini, April 13-14, 2018... Save the Date! . . #GuestSpeaker #GuestLecture #Sephardic #Community #SephardicCommunity #Jewish #SephardicJews #Synagogue #Judaism #Jews #Israel #Mizrachi #70For70"
17860848013236478,2018-03-28,CAROUSEL_ALBUM,N/A (not video),False,https://www.instagram.com/p/Bg3uC6gj0w1/,Qol Ha-Qahal Issue #57: Pesah is now available online at SCAupdates.org . . #Sephardic #Community #SephardicCommunity #Jewish #SephardicJews #Synagogue #Holiday #Publication #SCApublication #KnowledgeIsPower #Torah #Rabbis #Leaders #Affiliates #United
17906799883159446,2018-03-28,CAROUSEL_ALBUM,N/A (not video),False,https://www.instagram.com/p/Bg3s4tVjrsy/,Rabbi Avi Harari discusses finding meaning rather than just following laws. For the full video of our Pesah Yom Iyyun panel with Rabbis and their wives visit SCAupdates.org #SCAPesahPerspectivesPanel . . #Torah #Learning #Judaism #Pesah #Sephardic #Community #SephardicCommunity #Jewish #BethTorah  #Rabbi #Spouse #Knowledge #Holiday #YomIyyun #BethTorah
17920979062111900,2018-03-28,IMAGE,N/A (not video),False,https://www.instagram.com/p/Bg3RgBkj39o/,Saving lives through Israeli innovation . . #Innovation #Israel #Africa #SavingLives #Technology #Solar #Impact #Sephardic #Community #SephardicCommunity #Jewish #SephardicJews #TheCenter @thecenterscc
17861972941226173,2018-03-28,IMAGE,N/A (not video),False,https://www.instagram.com/p/Bg2VHoNjJjL/,“Words convey more than just knowledge. Words have the power of changing the speaker of the words even when the speaker recites words which he has recided many times before” -Rabbi Dr. Ezra Labaton
17933927176010906,2018-03-26,CAROUSEL_ALBUM,N/A (not video),False,https://www.instagram.com/p/BgzTSvljUWR/,Rabbi Ricky Hidary discusses evolution of the afiqomin. For the full video of our Pesah Yom Iyyun panel with Rabbis and their wives visit SCAupdates.org #SCAPesahPerspectivesPanel . . #Torah #Learning #Judaism #Pesah #Sephardic #Community #SephardicCommunity #Jewish #BethTorah  #Rabbi #Spouse #Knowledge #Holiday #YomIyyun #BethTorah
17843468905249162,2018-03-26,IMAGE,N/A (not video),False,https://www.instagram.com/p/Bgy6255D7AW/,Yom Hashoa Program with Dr. Mordecai Paldiel. April 11th @kolisraelcongregation . . #NeverForget #Holocaust #Remember #HolocaustRemembranceDay #Jewish #Community #Jews #Judaism
17873434231209539,2018-03-26,IMAGE,N/A (not video),False,https://www.instagram.com/p/Bgye3wLDYLn/,Yom Haasmaut Boker Iyun through @tanachstudy at @btorah
17920243477129173,2018-03-25,CAROUSEL_ALBUM,N/A (not video),False,https://www.instagram.com/p/BgwzcQWDTZ8/,Mrs. Yvette Beyda discusses how to deal with a child you are having trouble with. For the full video of our Pesah Yom Iyyun panel with Rabbis and their wives visit SCAupdates.org #SCAPesahPerspectivesPanel . . #Torah #Learning #Judaism #Pesah #Sephardic #Community #SephardicCommunity #Jewish #BethTorah  #Rabbi #Spouse #Knowledge #Holiday #YomIyyun #BethTorah
17934251980042585,2018-03-25,IMAGE,N/A (not video),False,https://www.instagram.com/p/BgwX24hDAkb/,"Congregation Bnei Yitzhak and the Religious Zionists of America are proud to announce a Scholar in Residence Shabbaton Celebrating 70 Years of the State of Israel! Rabbi Alex Israel will be in town for Parashat Shemini, April 13-14, 2018... Save the Date! . . #GuestSpeaker #GuestLecture #Sephardic #Community #SephardicCommunity #Jewish #SephardicJews #Synagogue #Judaism #Jews #Israel #Mizrachi #70For70"
17842464070261324,2018-03-25,IMAGE,N/A (not video),False,https://www.instagram.com/p/BgwW632j-pz/,Only a few weeks away until Israel’s 70th!
17858573638242861,2018-03-25,CAROUSEL_ALBUM,N/A (not video),False,https://www.instagram.com/p/Bgv8Yl9j6Sw/,Mrs. Zahava Harari discusses what she loves about our community and the value of blending traditions. For full video of our Pesah Yom Iyyun panel with Rabbis and their wives visit SCAupdates.org #SCAPesahPerspectivesPanel . . #Torah #Learning #Judaism #Pesah #Sephardic #Community #SephardicCommunity #Jewish #BethTorah  #Rabbi #Spouse #Knowledge #Holiday #YomIyyun #BethTorah
17872036141218402,2018-03-25,IMAGE,N/A (not video),False,https://www.instagram.com/p/BgubUW_jYUT/,"Join @ujafederation of NY’s Sephardic Division for a conversation with Lloyd Goldman, founder and president of @bldgnyc ! . . #Sephardic #Community #SephardicCommunity #NewYork #NY #Manhattan #Jewish #Jews #Judaism #Conversation"
17920276399096054,2018-03-23,IMAGE,N/A (not video),False,https://www.instagram.com/p/BgrP_IFjcBJ/,Shabbat Shalom!
17904872047145452,2018-03-23,CAROUSEL_ALBUM,N/A (not video),False,https://www.instagram.com/p/BgrPTwEjsxr/,Rabbi Ricky Hidary discusses Eliyahu Hanavi at our Pesah Seder. For full video of our Pesah Yom Iyyun panel with Rabbis and their wives visit SCAupdates.org #SCAPesahPerspectivesPanel . . #Torah #Learning #Judaism #Pesah #Sephardic #Community #SephardicCommunity #Jewish #BethTorah  #Rabbi #Spouse #Knowledge #Holiday #YomIyyun #BethTorah #Seder #Eliyahu #Hanavi
17920014049096576,2018-03-23,IMAGE,N/A (not video),False,https://www.instagram.com/p/Bgq4mbTDAIg/,Friday Night Lights @btorah_hs tonight!! Open to High School Boys & Girls . . #BethTeens #BethTorah #Sephardic #Community #SephardicCommunity #Jewish #SephardicJews #Synagogue #Judaism #Jews #HighSchool #Socializing #Snacks #Desserts #Games #AveJ #FridayNightLights
17914124359089430,2018-03-23,IMAGE,N/A (not video),False,https://www.instagram.com/p/Bgq4CLKDgqG/,Join Professor Alan Brill at Sephardic Synagogue tomorrow! . . . #GuestSpeaker #GuestLecture #Sephardic #Community #SephardicCommunity #Jewish #SephardicJews #Synagogue #Judaism #Jews
17904928720178473,2018-03-23,CAROUSEL_ALBUM,N/A (not video),False,https://www.instagram.com/p/BgpcMa9DiWF/,For full video of our Pesah Yom Iyyun panel with Rabbis and their wives visit  SCAupdates.org #SCAPesahPerspectivesPanel . . #Torah #Learning #Judaism #Pesah #Sephardic #Community #SephardicCommunity #Jewish #BethTorah  #Rabbi #Spouse #Knowledge #Holiday #YomIyyun #BethTorah #Freedom #Meaning
17924484787075806,2018-03-22,IMAGE,N/A (not video),False,https://www.instagram.com/p/BgpAF3UjPKL/,More pics from our Pesah Yom Iyyun earlier this week! . 🕍@btorah . . 📷 @sharensphotography & @raquelmizphoto . . #BethTorah #YomIyyun #Torah #Class #Learning #Judaism #Pesah #Passover #Sephardic #Community #SephardicCommunity #Jewish #BetMidrash #Preparation #Gratitude #Knowledge #Holiday
17931142882015472,2018-03-22,IMAGE,N/A (not video),False,https://www.instagram.com/p/BgoXmLPjYWb/,Rabbi Menachem Leibtag is in town this Shabbat and will be giving classes at some of our member affiliate organizations through @tanachstudy . . . . #GuestSpeaker #GuestLecture #Sephardic #Community #SephardicCommunity #Jewish #SephardicJews #Synagogue #Judaism #Jews
17923826458075547,2018-03-22,CAROUSEL_ALBUM,N/A (not video),False,https://www.instagram.com/p/Bgn73uyDDJR/,"“We read a lot about freedom throughout the night, but what exactly does freedom mean?” For full video of our Pesah Yom Iyyun panel with Rabbis and their wives visit  SCAupdates.org #SCAPesahPerspectivesPanel . . #Torah #Learning #Judaism #Pesah #Sephardic #Community #SephardicCommunity #Jewish #BethTorah  #Rabbi #Spouse #Knowledge #Holiday #YomIyyun #BethTorah #Freedom #Meaning"
17919731545103136,2018-03-21,CAROUSEL_ALBUM,N/A (not video),False,https://www.instagram.com/p/BgmSiUBHG1M/,Thank you to our AMAZING teachers who helped make this past Pesah Yom Iyyun happen!! Stay tuned for more pictures coming soon... . . 🕍@btorah . . 📷 @sharensphotography & @raquelmizphoto . . #BethTorah #YomIyyun #Torah #Class #Learning #Judaism #Pesah #Passover #Sephardic #Community #SephardicCommunity #Jewish #BetMidrash #Preparation #Gratitude #Knowledge #Holiday
17857470427243371,2018-03-21,IMAGE,N/A (not video),False,https://www.instagram.com/p/BgmNOczHfKT/,"Sunday, April 15, 2018 at the Teaneck Marriott at Glenpointe. 9:00-11:00 a.m. Join Teach NJS and state officials in honoring dedicated members of the community who help us work for safer, stronger, and more sustainable schools. Teach NJS is dedicated to securing government funding to ensure that nonpublic schools are safe and fairly funded. YOUR ATTENDANCE IS IMPORTANT and will make a difference for our students, families, schools and communities. Kindly RSVP at teachadvocacy.org/newjersey/break"
17932983010048109,2018-03-21,CAROUSEL_ALBUM,N/A (not video),False,https://www.instagram.com/p/Bgl43oPnNpW/,SWIPE 👉👉 to see an excerpt from our awesome Pesah Yom Iyyun panel with Rabbis and their wives! For the full video visit SCAupdates.org #SCAPesahPerspectivesPanel . . #Torah #Learning #Judaism #Pesah #Sephardic #Community #SephardicCommunity #Jewish #BethTorah  #Rabbi #Spouse #Knowledge #Holiday #YomIyyun #BethTorah #Ritual #Meaning
17919416665102349,2018-03-21,VIDEO,NOT_FETCHED,False,https://www.instagram.com/p/BgkWpxcnceH/,Less than a month until our Yom Haasmaut event at The Center! . . . @thecenterscc @yoni__hadar @vids_by_vic
17918141581114515,2018-03-20,IMAGE,N/A (not video),False,https://www.instagram.com/p/BgizhpsHp0k/,"Pre-Pesah Learning Program tonight @ahaba_ve_ahva for men, women and young adults! . . #Torah #Classes #Learning #Judaism #Pesah #Sephardic #Community #Rabbi #Sephardic #Egyptian #Mazza #InspirationalNight"
17938069096046959,2018-03-19,IMAGE,N/A (not video),False,https://www.instagram.com/p/BghWbchHJl2/,Going on now as part of our Yom Iyyun at Beth Torah!
17904502537145130,2018-03-19,IMAGE,N/A (not video),False,https://www.instagram.com/p/Bgg18WGnEnU/,Mr. Ricky Cohen addressing a room full of women kicking off our Pesah Yom Iyyun. Join us for more classes to come throughout the day!
17933257210028653,2018-03-19,CAROUSEL_ALBUM,N/A (not video),False,https://www.instagram.com/p/BgfmD2snFzG/,Were kicking off our Yom Iyyun @btorah in just a few hours with a class given by Mr. Ricky Cohen! . . #Torah #Class #Learning #Judaism #Pesah #Sephardic #Community #SephardicCommunity #Jewish #BethTorah #Talmud #Aggada #Midrash #Women #Knowledge #Holiday #YomIyyun
17923735879076434,2018-03-18,IMAGE,N/A (not video),False,https://www.instagram.com/p/Bgek_LIHvIf/,This Tuesday @manhattan_east_synagogue is hosting Edwin Black to discuss Israel and International Law . . #EdwinBlack #Panal #Sephardic #Community #SephardicCommunity #Jewish #SephardicJews #Synagogue #Israelat70 #NYC #NewYork #Manhattan #NYtimesbestseller
17872684096203544,2018-03-18,IMAGE,N/A (not video),False,https://www.instagram.com/p/Bgdy40sn4on/,"24 hours until our Pesah Yom Iyyun @ Beth Torah! Confirm your babysitter, arrange your carpools and get ready for an AWESOME day! . . #Torah #Class #Learning #Judaism #Pesah #Sephardic #Community #SephardicCommunity #Jewish #BethTorah #Talmud #Haggada #Rabbi #Panel #Discussion #Knowledge #Holiday #YomIyyun"
17907379540191326,2018-03-18,CAROUSEL_ALBUM,N/A (not video),False,https://www.instagram.com/p/BgdwCb-nLXc/,Join Mr. Sam Haddad tomorrow night as he moderates a panel with community rabbis and their wives. 8:00pm @ Beth Torah- see you there! . . #Torah #Class #Learning #Judaism #Pesah #Sephardic #Community #SephardicCommunity #Jewish #BethTorah #Rabbi #Panel #Discussion #Knowledge #Holiday #YomIyyun #BethTorah @btorah @iamsamhaddad @rabbibeyda @yvettebeyda @eshid @rhidary @zahavaharari
17871002983218640,2018-03-18,CAROUSEL_ALBUM,N/A (not video),False,https://www.instagram.com/p/Bgcm6iZHiel/,House already cleaned for Pesah? Tired of cooking ANOTHER meal? Swipe 👉 to see locations of some member affiliate organizations that are hosting meals this upcoming Shabbat! . . @shaareshalom @bnei_shaare_shalom @westdealshul @safra_synagogue_nyc . . #Pesah #Passover #Meal #Sephardic #Community #SephardicCommunity #Jewish #SephardicJews #Synagogue #Holiday #Preparations #Judaism #Jews #Dinner
17871219406213662,2018-03-17,CAROUSEL_ALBUM,N/A (not video),False,https://www.instagram.com/p/BgcYz7NHRiS/,Join Rabbi Ikey Tawil and 20+ rabbis & teachers on Monday for our Pesah Yom Iyyun at Beth Torah @btorah . . #Torah #Class #Learning #Judaism #Pesah #Sephardic #Community #SephardicCommunity #Jewish #BethTorah #Rabbi #Secret #Knowledge #Holiday #YomIyyun #BethTorah
17912613631083165,2018-03-16,IMAGE,N/A (not video),False,https://www.instagram.com/p/BgZA_RfHT4e/,Shabbat Shalom!
17932020100035687,2018-03-16,CAROUSEL_ALBUM,N/A (not video),False,https://www.instagram.com/p/BgYxLh8nZXE/,"Come celebrate the Jubilee Anniversary of Sephardic Institute, Sephardic High School and 70th Anniversary of the State of Israel on April 19th, 2018"
17917653727115910,2018-03-16,CAROUSEL_ALBUM,N/A (not video),False,https://www.instagram.com/p/BgYWQf5nhNa/,Only 3 days until our Yom Iyyun ft. a panel with Rabbis and their wives. Rabbi & Mrs. Harari will be there. Will you?! . . @zahavaharari @btorah . . #Torah #Class #Learning #Judaism #Pesah #Sephardic #Community #SephardicCommunity #Jewish #BethTorah #Rabbi #Panel #Discussion #Knowledge #Holiday #YomIyyun #BethTorah
17869816798220267,2018-03-15,IMAGE,N/A (not video),False,https://www.instagram.com/p/BgW9brJHb2j/,Only free during the day? Don’t worry- we’ve got you covered! . . #Torah #Class #Learning #Judaism #Pesah #Sephardic #Community #SephardicCommunity #Jewish #BethTorah #Talmud #Women #Moshe #Rabbi #Panel #Discussion #Knowledge #Holiday #YomIyyun
17870927767213246,2018-03-15,IMAGE,N/A (not video),False,https://www.instagram.com/p/BgW8daDHHhq/,Egyptian Jews have an ancient custom to celebrate the night of Rosh Hodesh Nisan with a unique ceremony called ‘Seder El-Tawhid’. Come to @ahaba_ve_ahva this Saturday night to see what it’s all about! . . #Pesah #RoshHodesh #Egyptian #Customs #Judaism #Purim #Passover #Hazzanut #Singing  #Community #Rabbi #Sephardic #SephardicCommunity #Hazzan #FreeAdmission
17912593156095564,2018-03-15,IMAGE,N/A (not video),False,https://www.instagram.com/p/BgWhkCYnUhE/,Zooming in to some Young Adult Classes offered at our Pesah Yom Iyyun @ Beth Torah... . . #Torah #Class #Learning #Judaism #Pesah #Sephardic #Community #SephardicCommunity #Jewish #BethTorah #Talmud #Women #Rabbi #Panel #Discussion #Knowledge #Holiday #YomIyyun
17930922151041838,2018-03-15,CAROUSEL_ALBUM,N/A (not video),False,https://www.instagram.com/p/BgWOLnsHbt0/,More pictures from our day in Albany with @teachadvocacy to lobby for lower tuition for our schools and urge our government to help us by giving us the same funding that is given to public schools . . #StemEdForAll #Judaism #Sephardic #Community #SephardicCommunity #Jewish #Lobbying #TuitionCrisis #Funding #Government #TeachNYS #OU #Yeshivah #Yeshivot #Equality
17930692690043865,2018-03-15,IMAGE,N/A (not video),False,https://www.instagram.com/p/BgWL9zxHHwW/,Pesah Yom Iyyun @ Beth Torah- we’ve got something for everyone! . . #Torah #Class #Learning #Judaism #Pesah #Sephardic #Community #SephardicCommunity #Jewish #BethTorah #Talmud #Women #Rabbi #Panel #Discussion #Knowledge #Holiday #YomIyyun
17904298654145320,2018-03-14,CAROUSEL_ALBUM,N/A (not video),False,https://www.instagram.com/p/BgUKKO3nvn-/,“A little snow won’t stop us” We’re so proud of all of our community members (especially our youth!) for their trip yesterday to Albany with @teachadvocacy to lobby for lower tuition for our schools. Stay tuned for more pictures shortly...
17858650201228874,2018-03-14,IMAGE,N/A (not video),False,https://www.instagram.com/p/BgUJgILHScU/,Rav Baruch Gigi & Rav Amnon Bazak are in town this Saturday night! @tanachstudy
17870598712215880,2018-03-14,CAROUSEL_ALBUM,N/A (not video),False,https://www.instagram.com/p/BgT8tCDhwYO/,Great day yesterday at the i3 Summit for women! . . @thecenterscc @sbh_updates @ujafedny @exceednetwork @propelnetwork . . #Women #Panel #Summit #Insight #Innovate #Impact #Sephardic #Community #SephardicCommunity #Jewish #SephardicJews #Inspiring #UJAFed #UJAFedNY
17931273943004548,2018-03-14,CAROUSEL_ALBUM,N/A (not video),False,https://www.instagram.com/p/BgSLoD9Hsb-/,Come hear Rabbi & Mrs. Beyda this Monday night in Beth Torah as participate in a panel discussion on Pesah! . . @rabbibeyda @yvettebeyda @btorah . . #Torah #Class #Learning #Judaism #Pesah #Sephardic #Community #SephardicCommunity #Jewish #BethTorah #Rabbi #Panel #Discussion #Knowledge #Holiday #YomIyyun #BethTorah
17852498989245719,2018-03-13,IMAGE,N/A (not video),False,https://www.instagram.com/p/BgRw6iYHoMc/,"Shaare Shalom Weekly Tuesday Night Learning Program! Classes are from 9pm-10pm, followed by Arbit. . . Beit Yosef with Rabbi Avi Harari . . Gemara with Rabbi Jack Savdie . . Parasha with Rashi with Rabbi Yohai Cohen . . Mishnayot with Rabbi Avraham Benhamu . . Hebrew Language Through Tefilla with Morris Manopla and Moses Maya"
17930310481000212,2018-03-13,IMAGE,N/A (not video),False,https://www.instagram.com/p/BgRr3rhH7dA/,"Unifying our Manhattan community, one delicious bite at a time . . . #Manhattan #Delicious #Hallah #Workshop #Community #SephardicCommunity #Jewish #SephardicJews #Synagogue #Baking"
17929826386024194,2018-03-13,IMAGE,N/A (not video),False,https://www.instagram.com/p/BgRFdX9n0oA/,Less thank a week away until our pesah day or learning @btorah ! . . #Torah #Class #Learning #Judaism #Pesah #Sephardic #Community #SephardicCommunity #Jewish #BethTorah #Talmud #Women #Moshe #Rabbi #Panel #Discussion #Knowledge #Holiday #YomIyyun
17912056837090657,2018-03-12,IMAGE,N/A (not video),False,https://www.instagram.com/p/BgOkFPRHxp2/,"Tomorrow! Experience an incredible panel 🙇‍♀️ of speakers who are redefining the role of women, and are changing the 🌎 world in . 💳 Finance . 👩‍🎨 The Arts . 💻 Media . 💪 Politics . 🤝 Career Management . 🗣 Motivation . . #Women #Panel #Summit #Insight #Innovate #Impact #Sephardic #Community #SephardicCommunity #Jewish #SephardicJews #Inspiring #UJAFed #UJAFedNY"
17903908834131357,2018-03-11,IMAGE,N/A (not video),False,https://www.instagram.com/p/BgMc2doHW-V/,Come get all your Pesah shopping done at once while supporting @barkaiyeshiva at the Boutique Show this Tuesday! . . #Barkai #Yeshivah #Pesah #Passover #BoutiqueShow #Shopping #Sephardic #Community #SephardicCommunity #Jewish #SephardicJews #BarkaiYeshivah #School
17901718555181717,2018-03-11,VIDEO,NOT_FETCHED,False,https://www.instagram.com/p/BgKrKfTnvav/,Community Wide Yom Haasmaut Celebration at The Center. We’ll see you there! . . . @thecenterscc @vids_by_vic
17932317067032671,2018-03-09,IMAGE,N/A (not video),False,https://www.instagram.com/p/BgHb7JqneVa/,#SCAPressRelease @teachadvocacy
17854728124242794,2018-03-09,IMAGE,N/A (not video),False,https://www.instagram.com/p/BgG4JnBHVmB/,Shabbat Shalom!
17901559033159725,2018-03-09,IMAGE,N/A (not video),False,https://www.instagram.com/p/BgFbgZyncAS/,🇮🇱🇮🇱🇮🇱
17929429105010627,2018-03-08,IMAGE,N/A (not video),False,https://www.instagram.com/p/BgE6pH8n2LI/,To prepare our next generation of Hazanim and Torah Readers 🎼🗣📕
17899283689167778,2018-03-07,IMAGE,N/A (not video),False,https://www.instagram.com/p/BgBmTNNDEiX/,Clear your schedules from now because you’re not gonna want to miss this . . #Torah #Class #Learning #Judaism #Pesah #Sephardic #Community #SephardicCommunity #Jewish #BethTorah #Tradition #Custom #Pizomineem #Pizmonim #Hagadah #MommyAndMe #FilmScreening #Rabbi #Panel #Discussion #Knowledge #Holiday #YomIyyun
17901504298152752,2018-03-06,CAROUSEL_ALBUM,N/A (not video),False,https://www.instagram.com/p/Bf_7kakjkyw/,"Wow! The past few days at the @AIPAC Policy Conference were AMAZING! 170 Community Members, 40 Young Adults, 8 Rabbis and 1 Incredible Experience! . . #Israel #Aipac #Washington #Lead #Lobby #Learn #Relationship #VP #Ambassador #Community #Sephardic #SephardicCommunity #United"
17915666788111322,2018-03-06,IMAGE,N/A (not video),False,https://www.instagram.com/p/Bf_sXajjS_7/,"Experience an incredible panel 🙇‍♀️ of speakers who are redefining the role of women, and are changing the 🌎 world in 💳 Finance . 👩‍🎨 The Arts . 💻 Media . 💪 Politics . 🤝 Career Management . 🗣 Motivation . . #Women #Panel #Summit #Insight #Innovate #Impact #Sephardic #Community #SephardicCommunity #Jewish #SephardicJews #Inspiring #UJAFed #UJAFedNY"
17928326026013339,2018-03-06,IMAGE,N/A (not video),False,https://www.instagram.com/p/Bf_ZMkvDVh4/,“B.I.N.G.O and Bingo was his name-o...” . . #Bingo #Lunch #Luncheon #Sephardic #Community #Sephardic #WestDeal #Prizes #ChineseAuction #Hillel #HillelYeshivah #PTA #Deal #NJ #NewJersey
17915179483113781,2018-03-06,IMAGE,N/A (not video),False,https://www.instagram.com/p/Bf_YdZ0DLP_/,5th Annual Art Fair @barkaiyeshiva is tomorrow night! . . #Art #Creativity #Gallery #Elegant #ArtFair #Generations #Sephardic #Community #SephardicCommunity #Jewish #SephardicJews #Barkai #BarkaiYeshivah #School #Children
17928142171054399,2018-03-05,IMAGE,N/A (not video),False,https://www.instagram.com/p/Bf8-SE4j5Hz/,"Beth Torah Monday Night Learning Program!  Tonight, March 5th, 2018 Come join us for a night of learning . 5:30pm-6:30pm Charlotte Harary Hesed and the Power of Words (3-5th grade girls) Dinner included . 8:00pm-9:00pm	 Rabbi David Ashear	 Gemara-Masechet Yoma . 8:00pm-9:00pm Rabbi Nathan Dweck	 Rambam-Mishneh Torah (High School Boys) . 8:00pm-9:00pm Rabbi Richard Tobias Parasha-(High School Girls) . 8:15pm-9:00pm Rabbi Ely Matalon Hilcot Shabbat-Hazon Obadiah . 8:30pm-9:30pm Mr. Morris Arking H"
17929242415012400,2018-03-05,CAROUSEL_ALBUM,N/A (not video),False,https://www.instagram.com/p/Bf8tqgAjj-d/,"Tomorrow night @americansephardifederation is showing the most recent episode of @sephardicheritagemuseum! To purchase tickets, visit ASFSyrian.bpt.me . . TUESDAY, MARCH 6TH AT 7 PM: THE SYRIAN SEPHARDIC COMMUNITY . . The Syrian Jewish Community: Our Journey Through History THE JEWS OF SYRIA, 1930-1967 . . Directed by Lisa Ades Executive Produced by Joseph J. Sitt Documentary Feature, 90 min, USA, 2014, English . . From Executive Producer, Joseph J. Sitt, the sixth installment of his multi-part "
17868780244210293,2018-03-05,IMAGE,N/A (not video),False,https://www.instagram.com/p/Bf8i59Fj78c/,Weekly Women's Class @safra_synagogue_nyc with Vivien Hidary continues today at 1:30pm. The topic of the class is Purim: Paving the Path to Redemption. . . #Torah #Class #Learning #Judaism #Ladies #Pesah #Passover #Sephardic #Community #SephardicCommunity #Jewish #SephardicJews #NYC #Manhattan #Redemption
17867941267220902,2018-03-05,CAROUSEL_ALBUM,N/A (not video),False,https://www.instagram.com/p/Bf7FWbKDTtc/,The @Aipac Policy Conference is off to a great start! . . #Israel #Aipac #Washington #Lead #Lobby #Learn #Relationship #VP #Ambassador #Community #Sephardic #United
17929061329043464,2018-03-04,VIDEO,NOT_FETCHED,False,https://www.instagram.com/p/Bf5_AsIjKVw/,April 18th. Yom Haasmaut @ The Center. Be there. . . . @joebenun @thecenterscc @vids_by_vic
17910136153093784,2018-03-04,IMAGE,N/A (not video),False,https://www.instagram.com/p/Bf4h35DDczt/,Save the Date! Friday Night Lights @btorah_hs is March 16th. Open to High School Boys & Girls . . #BethTeens #BethTorah #Sephardic #Community #SephardicCommunity #Jewish #SephardicJews #Synagogue #Judaism #Jews #HighSchool #Socializing #Snacks #Desserts #Games #AveJ #FridayNightLights
17870715310204516,2018-03-03,IMAGE,N/A (not video),False,https://www.instagram.com/p/Bf4UXIVj6AH/,"Congregation Bnei Yitzhak and the Religious Zionists of America are proud to announce a Scholar in Residence Shabbaton Celebrating 70 Years of the State of Israel! Rabbi Alex Israel will be in town for Parashat Shemini, April 13-14, 2018... Save the Date! . . #GuestSpeaker #GuestLecture #Sephardic #Community #SephardicCommunity #Jewish #SephardicJews #Synagogue #Judaism #Jews #Israel #Mizrachi #70For70"
17910018964086212,2018-03-02,IMAGE,N/A (not video),False,https://www.instagram.com/p/Bf1bQuIjeZv/,Nimrod Palmach is speaking @shaareshalom this Tuesday night! . . . #CEO #GuestSpeaker #GuestLecture #Sephardic #Community #SephardicCommunity #Jewish #SephardicJews #Synagogue #Judaism #Jews #EinPrat #Israel #Youth #Gaza
17900320015183388,2018-03-02,IMAGE,N/A (not video),False,https://www.instagram.com/p/Bf02Tevj99b/,Recalling the Covenant: Humash Shemot
17902894279134547,2018-02-28,IMAGE,N/A (not video),False,https://www.instagram.com/p/BfwaSmZj3bL/,#SCAPressRelease on the importance of supporting and attending the @AIPAC Policy Conference
17926773811043043,2018-02-28,IMAGE,N/A (not video),False,https://www.instagram.com/p/BfwJje6D_iJ/,Purim Celebration at @welovemdy . . #Purim #Celebration #Sephardic #Community #SephardicCommunity #Jewish #SephardicJews #Holiday #Family #Yeshivah #Education #MDY #MagenDavid #MagenDavidYeshivah
17914882942106367,2018-02-28,IMAGE,N/A (not video),False,https://www.instagram.com/p/Bfv1Y7FDtFt/,Purim Celebration at @westdealshul . . #Purim #Celebration #Sephardic #Community #SephardicCommunity #Jewish #SephardicJews #Synagogue #Holiday #Circus #Prizes #Auction #Gameshow #Raffle #Dinner #Tickets
17914960462114247,2018-02-27,CAROUSEL_ALBUM,N/A (not video),False,https://www.instagram.com/p/Bft9WpRDOnE/,PART 2! Swipe 👉 to see Purim Schedules of some more of our member affiliate organizations. . . @our_synagogues @ohelds @manhattanbeachwl @safra_synagogue_nyc @magendavidsynagogue @manhattan_east_synagogue . . #Purim #Schedule #Sephardic #Community #SephardicCommunity #Jewish #SephardicJews #Synagogue #Holiday #Megilah #Megillah #Prayer #Judaism #Jews #Happiness
17899676497192548,2018-02-27,IMAGE,N/A (not video),False,https://www.instagram.com/p/BftDcoRDLEC/,Today is the day to purchase Mishloah Manot from the @mdypta Purim Sale . . #Purim #Sephardic #Community #SephardicCommunity #Jewish #SephardicJews #Yeshivah #Education #MDY #MagenDavid #MagenDavidYeshivah #Teachers
17869147153201072,2018-02-26,CAROUSEL_ALBUM,N/A (not video),False,https://www.instagram.com/p/BfrEMd7j_5a/,Swipe 👉 to see Purim Schedules of some of our member affiliate organizations. More to come shortly! . . @ahaba_auction @kolisraelcongregation @shaareshalom @bnei_shaare_shalom @westdealshul @bethtorah @lejendsminyan @btorah_hs . . #Purim #Schedule #Sephardic #Community #SephardicCommunity #Jewish #SephardicJews #Synagogue #Holiday #Megilah #Megillah #Prayer #Judaism #Jews #Happiness
17929686931054445,2018-02-26,IMAGE,N/A (not video),False,https://www.instagram.com/p/BfqrOqDjSRV/,Special Purim Class Tomorrow with Rabbi Moshe Shamah @our_synagogues . . #Torah #Class #Learning #Judaism #Purim #Sephardic #Community #SephardicCommunity #Jewish #SephardicJews #NYC #Manhattan #SephardicSynagogue
17899365196152068,2018-02-26,IMAGE,N/A (not video),False,https://www.instagram.com/p/BfpB5c5D1Wq/,"Weekly Women's Class @safra_synagogue_nyc with the incredible Vivien Hidary continues tomorrow Monday, February 26th at 1:30pm. The topic of the class is Purim: A Celebration For All Generations.  The class has been generously sponsored by Esther Ades in loving memory of Reuben ben Rahel 'A""H. . . #Torah #Class #Learning #Judaism #Laidies #Purim #Sephardic #Community #SephardicCommunity #Jewish #SephardicJews #NYC #Manhattan #Celebrations #Generations"
17865922105216231,2018-02-23,IMAGE,N/A (not video),False,https://www.instagram.com/p/Bfjcof3jAmu/,Shabbat Shalom! . #RunForADream2018 #Sephardic #Community #SephardicCommunity #Jewish #SephardicJews #Shabbat #Shalom #ShabbatShalom #Runners #Trainers #Family #Florida #Disney #World #DisneyWorld #Hesed #SephardicBikurHolim
17927021719015762,2018-02-23,IMAGE,N/A (not video),False,https://www.instagram.com/p/Bfiyr2CjUTD/,Purim Celebration at Mikdash Eliyahu . . #Purim #Celebration #Sephardic #Community #SephardicCommunity #Jewish #SephardicJews #Synagogue #Wine #Desserts #Music
17853086845234339,2018-02-23,CAROUSEL_ALBUM,N/A (not video),False,https://www.instagram.com/p/BfhP8AHjhp3/,Purim Celebrations at @safra_synagogue_nyc . . #Purim #Celebration #Sephardic #Community #SephardicCommunity #Jewish #SephardicJews #Synagogue #Holiday #Costume #Baking #Hesed #Carnival  #Megilah #Raffle
17895676111168738,2018-02-23,CAROUSEL_ALBUM,N/A (not video),False,https://www.instagram.com/p/BfhOfl8jYYz/,Qol Ha-Qahal Issue #56: Shabbat Zakhor /Purim is now available online at SCAupdates.org . . #Sephardic #Community #SephardicCommunity #Jewish #SephardicJews #Synagogue #Holiday #Publication #SCApublication #KnowledgeIsPower #Torah #Rabbis #Leaders #Affiliates #United
17853891490227672,2018-02-22,IMAGE,N/A (not video),False,https://www.instagram.com/p/Bfgt1fHj9HI/,Purim Celebration at @btorah . . #Purim #Celebration #Sephardic #Community #SephardicCommunity #Jewish #SephardicJews #Synagogue #Holiday #Carnival #Prizes #Auction #Megilah #Raffle #Dinner #Tickets
17930928349012364,2018-02-22,IMAGE,N/A (not video),False,https://www.instagram.com/p/BfgnfdyDExW/,All of our free passes are SOLD OUT! If you are interested in attending the @aipac Policy Conference visit Aipac.org . . #Israel #Aipac #Washington #Lead #Lobby #Learn #Relationship #VP #Ambassador #Community #Sephardic #United #Soldout
17913163117104872,2018-02-22,IMAGE,N/A (not video),False,https://www.instagram.com/p/BfgSaaWjGNE/,Purim Celebration @barkaiyeshiva . . #Purim #Celebration #Sephardic #Community #SephardicCommunity #Jewish #SephardicJews #School #Holiday #Yeshivah #HQ
17886063262194520,2018-02-22,IMAGE,N/A (not video),False,https://www.instagram.com/p/BfgOBJDDVDM/,Purim Celebration at Mikdash Eliyahu . . #Purim #Celebration #Sephardic #Community #SephardicCommunity #Jewish #SephardicJews #Synagogue #Holiday #Costume #Comedy #Pizza
17853139411234505,2018-02-22,IMAGE,N/A (not video),False,https://www.instagram.com/p/BfgKreLDv9V/,Purim Schedule at @manhattan_east_synagogue . #Purim #Celebration #Sephardic #Community #SephardicCommunity #Jewish #SephardicJews #Synagogue #Holiday #NYC #NewYork #Manhattan #Megilah
17852589406237854,2018-02-21,CAROUSEL_ALBUM,N/A (not video),False,https://www.instagram.com/p/BfeYNt5j61g/,Purim Celebration at @ahaba_auction . . #Purim #Celebration #Sephardic #Community #SephardicCommunity #Jewish #SephardicJews #Synagogue #Holiday #EgyptianJews #Wine #Cheese #Prizes #Auction #SplitThePot
17901250648142052,2018-02-21,IMAGE,N/A (not video),False,https://www.instagram.com/p/Bfd1xy8jwUm/,Purim Celebration at @shaareshalom . . #Purim #Celebration #Sephardic #Community #SephardicCommunity #Jewish #SephardicJews #Synagogue #Holiday #Carnival #Hazzanut #Concert #Prizes #Auction #Megilah
17866407289212858,2018-02-21,IMAGE,N/A (not video),False,https://www.instagram.com/p/Bfd1F3Jj9ls/,Purim Celebration at @kolisraelcongregation . . #Purim #Celebration #Sephardic #Community #SephardicCommunity #Jewish #SephardicJews #Synagogue #Holiday #Children #Food #Prizes
17926786267053779,2018-02-21,IMAGE,N/A (not video),False,https://www.instagram.com/p/Bfdzd9tjCgi/,Parent Enrichment Classes at @barkaiyeshiva continues with Vicky Harari tomorrow! . #Class #Learning #Parenting #ParentEnrichment #Sephardic #Community #SephardicCommunity #Jewish #SephardicJews #Barkai #BarkaiYeshivah
17908127368090259,2018-02-20,IMAGE,N/A (not video),False,https://www.instagram.com/p/BfbtN7pDtVQ/,We are sponsoring a FREE trip to the @aipac conference for anyone under the age of 30. Sign up before it’s too late. . #Israel #Aipac #Washington #Lead #Lobby #Learn #Relationship #VP #Ambassador #Community #Sephardic #United
17865740161210422,2018-02-20,IMAGE,N/A (not video),False,https://www.instagram.com/p/BfbKIjlDc1B/,Morris Arking discussing Syrian Minhageem of Purim. @btorah . #Torah #Class #Learning #Judaism #Purim #Sephardic #Community #Sephardic #Syrian #SyrianCommunity #SephardicCommunity #Jewish #SyrianJews #SephardicJews #BethTorah #Tradition #Custom
17865534865219534,2018-02-20,CAROUSEL_ALBUM,N/A (not video),False,https://www.instagram.com/p/BfayCOUjC4S/,"Save the date! Jubilee Anniversary of Sephardic Institute, Sephardic High School and 70th Anniversary of the State of Israel April 19th, 2018"
17912521867112065,2018-02-19,IMAGE,N/A (not video),False,https://www.instagram.com/p/BfZBRXnD1rJ/,"Pre-Purim Learning Program tomorrow night at Ahaba Ve Ahva for men, women and young adults! . . #Torah #Classes #Learning #Judaism #Purim #Sephardic #Community #Rabbi #Sephardic #Egyptian #Mazza #InspirationalNight"
17925719428054696,2018-02-19,IMAGE,N/A (not video),False,https://www.instagram.com/p/BfYjecrDFd8/,"Were very excited to announce our new president, Mr. Joseph A. Shamah! See link in bio to read his full message #SCAPressRelease"
17925956689037022,2018-02-19,IMAGE,N/A (not video),False,https://www.instagram.com/p/BfYVcahjWuh/,"Community Bet Midrash Pre Purim Classes for men in Deal, NJ tonight. @westdealshul @theideal_life . . #Torah #Classes #Learning #Judaism #Purim #Sephardic #Community #Rabbi #Sephardic #WestDeal #TheIdealLife #IdealLifeLearning #BetMidrash #GuestSpeakers"
17897800570150346,2018-02-13,IMAGE,N/A (not video),False,https://www.instagram.com/p/BfJkmZrDaef/,"For a limited time, we are sponsoring a FREE trip to the @aipac conference for anyone under the age of 30. Sign up before it’s too late. . #Israel #Aipac #Washington #Lead #Lobby #Learn #Relationship #VP #Ambassador #Community #Sephardic #United"
17896212058176470,2018-02-09,IMAGE,N/A (not video),False,https://www.instagram.com/p/Be-vl64D97j/,What a turn out! Thank you Wendy Mogel for informing us on how to relate to our teens. Also- thanks for all who helped make last night possible. . . @thecenterscc @sbh_updates @yofhs @magendavidofficial @welovemdyhs @welovemdy @barkaiyeshiva
17924175031010673,2018-02-09,IMAGE,N/A (not video),False,https://www.instagram.com/p/Be9TbCsDKIy/,"Want to make a difference? Interested in helping Israel? Want to get inspired from amazing speakers like Prime Minister @b.netanyahu , Ambassador Haley and Vice President @mike.pence? Then the annual @aipac policy is for you! Not to mention that WE ARE SPONSORING ANYONE BELOW THE AGE OF 30! Act fast before all the spots are taken!"
17912526316100662,2018-02-08,IMAGE,N/A (not video),False,https://www.instagram.com/p/Be8GbwWjkzf/,TONIGHT @7:30 Wendy Mogel is speaking about Avoiding Hyper-Parenting in the Digital Age. . .  @thecenterscc @barkaiyeshiva @magendavidofficial @welovemdy @welovemdyhs @yoflatbush @yofhs @sbh_updates
17923772266044468,2018-02-06,IMAGE,N/A (not video),False,https://www.instagram.com/p/Be262ZgDp1j/,Have you signed up for the Teach NYS mission to Albany yet? Make your voice heard! March 13 2018- mark your calendar @orthodoxunion @teachadvocacy
17914255312074386,2018-02-06,IMAGE,N/A (not video),False,https://www.instagram.com/p/Be1frdtjIYF/,Parent Enrichment Weekly Classes with Rabbi Moses Haber is now on *Tuesday* Mornings @barkaiyeshiva
17862462682211884,2018-02-01,IMAGE,N/A (not video),False,https://www.instagram.com/p/BeqWER8j_Kj/,Weekly Women’s Bible Classes at Sephardic Synagogue @our_synagogues
17921411632011710,2018-01-31,IMAGE,N/A (not video),False,https://www.instagram.com/p/Benz0WiDpcG/,@tanachstudy By the Numbers
17909245336110763,2018-01-31,IMAGE,N/A (not video),False,https://www.instagram.com/p/BemS7jTjHw8/,✔️NY Times Best Selling Author . ✔️Clinical Physiologist ✔️Parenting Expert . Wendy Mogel is speaking about Avoiding Hyper-Parenting in the Digital Age next Thursday @7:30pm . .  @thecenterscc @barkaiyeshiva @magendavidofficial @welovemdy @welovemdyhs @yoflatbush @yofhs @sbh_updates
17861386732217079,2018-01-30,IMAGE,N/A (not video),False,https://www.instagram.com/p/BelT_bDjwYz/,"Reserve your seats before it’s too late! Visit MESNY.org/Nobeh for an Afternoon of Nobeh - this Sunday, 1-4 pm at @manhattan_east_synagogue"
17922344587052317,2018-01-30,IMAGE,N/A (not video),False,https://www.instagram.com/p/Bejde0IjscS/,"The SRC is proud to announce their Siyum Mishne Torah in Sefarim HaMada, Ahaba and Zemanim! Tomorrow night @9pm"
17861796553214615,2018-01-29,IMAGE,N/A (not video),False,https://www.instagram.com/p/Beie6WMDHyQ/,Celebrate Israel @ 70 with @barkaiyeshiva on April 21st @btorah
17861813827208306,2018-01-28,IMAGE,N/A (not video),False,https://www.instagram.com/p/BegYPZ2DsMQ/,"On February 5th, @tanachstudy is bringing in Dr. Yael Ziegler!"
17918748325009482,2018-01-18,IMAGE,N/A (not video),False,https://www.instagram.com/p/BeFlHuZDgo8/,Qol Ha-Qahal Issue 55: Tu’ Be’Shvat is now available online at SCAupdates.org
17892152755153492,2018-01-17,IMAGE,N/A (not video),False,https://www.instagram.com/p/BeD3a_hjZSl/,"Sephardic Jewish leader Elie Abadie (Rabbi of the Manhattan East Synagogue, Director of The Sephardic Academy of Manhattan, and a practicing gastroenterologist in NYC) discusses the challenges of promoting Sephardic Jewish culture on the American Jewish scene. PART 1 Wednesday - 9pm & Midnight (6pm & 9pm PT) Thursday - 3pm (Noon PT) Sunday - Noon & 6pm (9am & 3pm PT) PART 2  Wednesday, January 24 - 9pm & Midnight (6pm & 9pm PT)"
17919403468032602,2018-01-11,IMAGE,N/A (not video),False,https://www.instagram.com/p/BdzzwX5DdIT/,Wendy Mogel’s coming to town!! Save the date- Thursday February 8th . .  @thecenterscc @barkaiyeshiva @magendavidofficial @yoflatbush @sbh_updates
17917975378004973,2018-01-09,IMAGE,N/A (not video),False,https://www.instagram.com/p/BdvN_l_Dsqf/,Join Teach NYS on a mission to Albany and make your voice heard! 📢📢📢 @orthodoxunion @teachadvocacy
17904693712104583,2018-01-08,IMAGE,N/A (not video),False,https://www.instagram.com/p/Bdqwc6kj1gl/,3 ladies classes this week @our_synagogues
17910180511068200,2017-12-27,IMAGE,N/A (not video),False,https://www.instagram.com/p/BdOOoAcDKrh/,Women’s class tonight @8:00pm with Rabbi Nathan Dweck @btorah 2nd floor on 10th of Tebet in Melakhim and Yehezkel
17855311039214401,2017-12-25,IMAGE,N/A (not video),False,https://www.instagram.com/p/BdGzPCWjcVt/,Special women’s class with Rabbi Ralph Tawil this Tuesday
17889781924142026,2017-12-19,IMAGE,N/A (not video),False,https://www.instagram.com/p/Bc5S-AQjgTd/,Hanukkah Celebration  UN HQ Hanukkiah Lighting With Rabbi Dr. Elie Abadi of Manhattan East Synagogue  Tonight at 5pm United Nations Isaias Wall (1st Ave & 43rd Street)
17914107736044257,2017-12-19,IMAGE,N/A (not video),False,https://www.instagram.com/p/Bc4tDIIjHkY/,@safra_synagogue_nyc
17883880429170186,2017-12-17,IMAGE,N/A (not video),False,https://www.instagram.com/p/Bc0Es2Ujz42/,Mikdash Eliyahu is honored to host a Hanukkah Celebration with Israel ambassador to the UN Danny Danon this Tuesday
17887149340151534,2017-12-15,IMAGE,N/A (not video),False,https://www.instagram.com/p/Bcur3vCDWGE/,Join @safra_synagogue_nyc THIS SUNDAY! We are celebrating the 6th night of Hanukkah with fun and games for the entire family!  Hanukkiah Lighting | Hanukkah Trivia | Sevivon Spin Contest Bingo: Hanukkah Edition | Doughnut Dipping Station | Pizza & Desserts  rsvp@ejsny.org  Suggested Donation $18/person $72/family  The Hanukkah Family Game Night has been generously sponsored by Deborah & Isaac Ash in honor of their children.
17913201424057289,2017-12-14,IMAGE,N/A (not video),False,https://www.instagram.com/p/BcscShyDfBU/,The Art of Career Launch: How to Hustle Your Way to Success. This Tuesday night at 6:30pm. Sign up at www.gempanel.eventbrite.com
17886077641152094,2017-12-14,IMAGE,N/A (not video),False,https://www.instagram.com/p/BcrqvZ4D0pr/,Parent Enrichment Weekly Classes at @barkaiyeshiva continue with Vicky Harari giving a class titled: HELP! Learning how to help ourselves so we can help our children
17888016721188139,2017-12-13,IMAGE,N/A (not video),False,https://www.instagram.com/p/BcqJr3-lrrL/,Tonight!
17884413736163991,2017-12-13,IMAGE,N/A (not video),False,https://www.instagram.com/p/BcpqYreDUWJ/,Qol Ha-Qahal Issue 54: Hanukkah is now available online at SCAupdates.org
17885551375155255,2017-12-12,IMAGE,N/A (not video),False,https://www.instagram.com/p/BcnUjI_DW_5/,Join Beth Torah for a women’s Hanukkah class Rabbi Nathan Dweck tomorrow night at 8:00pm @btorah @btorah_hs
17907301243067312,2017-12-12,IMAGE,N/A (not video),False,https://www.instagram.com/p/Bcm277rD4dv/,Tomorrow night Rabbi Moses Haber is giving a couple’s class on Hanukka as part of @barkaiyeshiva parent enrichment program
17895246022095510,2017-12-10,IMAGE,N/A (not video),False,https://www.instagram.com/p/Bch-e11jjLF/,Congregation Beit Edmond  @safra_synagogue_nyc  Weekly Women’s Class With Mrs. Vivien Hidary @vivhidary  Tomorrow at 1:30pm Hanukkah The Festival of Enlightenment
17885410729150018,2017-12-08,IMAGE,N/A (not video),False,https://www.instagram.com/p/BccQQisjPsf/,@haroldshamah is discussing “Optimizing Potential By Connecting to G-D” on Dec 20th at 6:00PM @wework
17885380408145065,2017-12-07,IMAGE,N/A (not video),False,https://www.instagram.com/p/BcaELqIDxul/,"Rabbi Alex Israel will be a Scholar in Residence this weekend thanks to @tanach_study ! Join him @shaareshalom , Kol Israel and the home of Rabbi Moses & @molliehab"
17911398343044439,2017-12-06,IMAGE,N/A (not video),False,https://www.instagram.com/p/BcX3kl3j8um/,Parent Enrichment Weekly Classes at @barkaiyeshiva continue tomorrow with @rachdweck giving a workshop on C.A.L.M.
17881635109171550,2017-12-04,IMAGE,N/A (not video),False,https://www.instagram.com/p/BcTIquCjF7N/,Tomorrow night @btorah !
17885053909177985,2017-12-04,IMAGE,N/A (not video),False,https://www.instagram.com/p/BcSFBHbjv20/,Ahaba Ve Ahva Proudly Presents  A Pre-Hanuka Learning Program  Tomorrow Night!
17910538303024489,2017-11-30,IMAGE,N/A (not video),False,https://www.instagram.com/p/BcHpCYpj_fd/,Sephardic Synagogue Ladies Classes @our_synagogues
17886819571138536,2017-11-29,IMAGE,N/A (not video),False,https://www.instagram.com/p/BcFdcFgjcCN/,Tonight! Former Knesset Member Rabbi Dov Lipman is speaking Israel’s incredible story & contribution to the world through @innoafrica at @shaareshalom
17884047592145070,2017-11-27,IMAGE,N/A (not video),False,https://www.instagram.com/p/BcAtRJ2jVOH/,This Saturday night @hayil_minyan is showing the most recent episode of @sephardicheritagemuseum at 8pm... don’t miss out on this opportunity!
17868150190198382,2017-11-23,IMAGE,N/A (not video),False,https://www.instagram.com/p/Bb1hB3GDC6f/,Qol Ha-Qahal Issue 53: Thanksgiving is now available online at SCAupdates.org
17883855013190865,2017-11-21,IMAGE,N/A (not video),False,https://www.instagram.com/p/Bbww_wJDrDf/,Rabbi Nathan Dweck’s Class tonight for high school girls at Beth Torah  @btorah @btorah_hs
17896046560098955,2017-11-19,IMAGE,N/A (not video),False,https://www.instagram.com/p/BbsJJceDaE_/,Former Knesset Member Rabbi Dov Lipman is speaking Israel’s incredible story & contribution to the world through @innoafrica on November 29th @shaareshalom
17895447937101029,2017-11-17,IMAGE,N/A (not video),False,https://www.instagram.com/p/BbmjdPsj0-P/,This Shabbat @btorah @tanach_study
17895275452106549,2017-11-16,IMAGE,N/A (not video),False,https://www.instagram.com/p/BbkbGa2DeHb/,Register at EJSNY.org/youngcouples
17882448805144952,2017-11-16,IMAGE,N/A (not video),False,https://www.instagram.com/p/Bbj8K98jHdu/,"Saturday night @tanach_study will be hosting a unique panel, @btorah “The Tanakh Scholar’s Round Table” with: Professor Elie Assis Professor Joshua Berman *Light Dinner will be served  You can submit your questions by emailing info@tanachstudy.com. They will be presented at the event."
17883862189130136,2017-11-15,IMAGE,N/A (not video),False,https://www.instagram.com/p/BbiA_nsDFJQ/,Parent Enrichment Weekly Classes with Rabbi Moses Haber Thursday Mornings @barkaiyeshiva
17908165879050092,2017-11-15,IMAGE,N/A (not video),False,https://www.instagram.com/p/Bbhq1b7DMHI/,Baqashot this Friday night at Shaare Shalom!
17894928151116453,2017-11-14,IMAGE,N/A (not video),False,https://www.instagram.com/p/Bbe8GJ3Dq4v/,Tonight is @barkaiyeshiva open house... 50% off tuition for new families who attend!
17881290631178470,2017-11-14,IMAGE,N/A (not video),False,https://www.instagram.com/p/BbeUil-DPZw/,New Weekday Morning Classes with Rabbi Savdie at Ahaba Ve Ahva!
17891264512090200,2017-11-13,IMAGE,N/A (not video),False,https://www.instagram.com/p/Bbc9dquDCHR/,"@tanach_study is partnering with @btorah in a scholar in residence weekend, hosting Professor Elie Assis for the upcoming Shabbat – Parashat Toledot.  Saturday night there will be a unique panel, “The Tanakh Scholar’s Round Table” with: Professor Elie Assis Professor Joshua Berman *Light Dinner will be served  You can submit your questions by emailing info@tanachstudy.com. They will be presented at the event."
17882293966147691,2017-11-13,IMAGE,N/A (not video),False,https://www.instagram.com/p/BbcNqJAj_vh/,Congregation Beit Edmond  @safra_synagogue_nyc  Weekly Women’s Class With Mrs. Vivien Hidary  Today at 1:30pm Jacob & Esav Are You My Brother?
17880691951152251,2017-11-12,IMAGE,N/A (not video),False,https://www.instagram.com/p/BbaBOS4DLeJ/,“Isreal’s Secret War Against Terror Financing” tomorrow at 7pm @safra_synagogue_nyc
17895087904112256,2017-11-11,IMAGE,N/A (not video),False,https://www.instagram.com/p/BbXy40PDmBP/,Literacy Day @barkaiyeshiva tomorrow!
17890282993090191,2017-11-10,IMAGE,N/A (not video),False,https://www.instagram.com/p/BbUMRRGDDZg/,"Friday Night Lights @btorah_hs tonight! Hosting the Ariel Youth Delegation of Israeli Teens Socializing, Snacks & Games Open to High School Boys & Girls"
17877963049175811,2017-11-08,IMAGE,N/A (not video),False,https://www.instagram.com/p/BbP8dWujWEF/,Deadline to sign up is tomorrow!
17877861376172051,2017-11-08,IMAGE,N/A (not video),False,https://www.instagram.com/p/BbPjy-HjE3a/,Rabbi Nathan Dweck’s Class tonight for high school girls at Beth Torah  @btorah @btorah_hs
17877695185169187,2017-11-07,IMAGE,N/A (not video),False,https://www.instagram.com/p/BbMcVuODbVD/,Sephardic Synagogue Ladies Classes @our_synagogues
17906494699027059,2017-11-06,IMAGE,N/A (not video),False,https://www.instagram.com/p/BbKF2-jjue_/,Young Couples Shabbat Dinner 11.17.17 Minha 4:15 Kiddush & Maza 5:15pm Dinner 6:15pm @safra_synagogue_nyc
17883170602140029,2017-11-03,IMAGE,N/A (not video),False,https://www.instagram.com/p/BbC6jJbjtpP/,Tonight at Bnei Yitzhak for High School boys & girls!
17905611988047179,2017-11-02,CAROUSEL_ALBUM,N/A (not video),False,https://www.instagram.com/p/Ba_nGCeDSDy/,Ahaba Ve Ahva  Schedule of Classes (SWIPE TO SEE EACH DAY’S CLASSES)
17846653900219644,2017-11-01,IMAGE,N/A (not video),False,https://www.instagram.com/p/Ba90TARjTND/,"Tuesday, November 14th is @barkaiyeshiva open house... 50% off tuition for new families who attend!"
17889170116094389,2017-10-31,IMAGE,N/A (not video),False,https://www.instagram.com/p/Ba6dSQTDy3n/,Sephardic Synagogue Classes Schedule
17906333269019659,2017-10-30,IMAGE,N/A (not video),False,https://www.instagram.com/p/Ba4ChLbj-29/,Congregation Beit Edmond  Weekly Women’s Class With Mrs. Vivien Hidary  Today at 1:30pm Nation Building  One child at a time
17888796262088829,2017-10-29,IMAGE,N/A (not video),False,https://www.instagram.com/p/Ba1lWB5DPx0/,Last Sunday morning we heard an amazing talk from @rabbisacks ! Check it out on SCAupdates.org
17905063798061143,2017-10-27,IMAGE,N/A (not video),False,https://www.instagram.com/p/BawX_WXj71E/,"Enjoy a delicious fall harvest shabbat dinner with Young Professionals in their 20's and 30's*! Friday, November 3rd Prayers 5:30pm Kiddush & Light Bites 6:30pm Dinner 6:45pm @safra_synagogue_nyc"
17907583156059328,2017-10-26,VIDEO,NOT_FETCHED,False,https://www.instagram.com/p/Bata7cODt6w/,Video from Rabbi Sacks’ talk on Sunday morning about Jewish Responsibility is now available online. Check it out on SCAupdates.org @rabbisacks @btorah
17904493063001918,2017-10-23,IMAGE,N/A (not video),False,https://www.instagram.com/p/BamDX65DyCb/,Mikdash Eliyahu Schedule of Classes
17879045623144915,2017-10-21,IMAGE,N/A (not video),False,https://www.instagram.com/p/Bahx2Fpj-EH/,**Tomorrow @ 11:00am** Brunch with Rabbi Sacks on Jewish Responsibility  @btorah @rabbisacks
17878724050187858,2017-10-20,IMAGE,N/A (not video),False,https://www.instagram.com/p/BaePSDYDGxo/,Midreshet Eshel Winter Intersession Program  Dec 24-Jan 21st For more info email info@sephardicseminary.org
17903732395060017,2017-10-19,IMAGE,N/A (not video),False,https://www.instagram.com/p/BabtCxNDkw8/,"Next week Beth Torah will be hosting a week-long symposium discussing “The limits of Jewish Responsibility”. To download the schedule, visit Beth-Torah.com  @btorah"
17903520367047391,2017-10-18,IMAGE,N/A (not video),False,https://www.instagram.com/p/BaZNM7jjEAN/,"@propelnetwork helps community woman discover a profession, cover the cost of tuition and enrolling certification programs that generate higher income"
17879443510185637,2017-10-17,IMAGE,N/A (not video),False,https://www.instagram.com/p/BaWZL4CjJ7a/,“What are the limits of Jewish Responsibility?” A week-long conference hosted by Beth Torah @btorah  October 22-28 Featuring a kickoff event with Rabbi Jonathan Sacks @rabbisacks
17877230776145712,2017-10-11,IMAGE,N/A (not video),False,https://www.instagram.com/p/BaHsyoyje4D/,Qol Ha-Qahal Issue 52: Simhat Torah 5778 is now available online at SCAupdates.org
17878530649132251,2017-10-11,IMAGE,N/A (not video),False,https://www.instagram.com/p/BaHSQwJjjI0/,"Join us for a brunch with Rabbi Sacks on Jewish Responsibility Sunday, October 22nd @11:00am at Beth Torah  @btorah @rabbisacks"
17877601024142493,2017-09-28,IMAGE,N/A (not video),False,https://www.instagram.com/p/BZly5PrDTAm/,Yom Kippur Sihah with Rabbi Harold Sutton tonight at 9:15 at Magen David Yeshiva Torah Center. Open to men and @mazzaandmore will be served
17900541337027331,2017-09-28,IMAGE,N/A (not video),False,https://www.instagram.com/p/BZlkITdj9Go/,Midreshet Eshel Winter Intersession Program  Dec 24-Jan 21st For more info email info@sephardicseminary.org
17900700541003622,2017-09-27,IMAGE,N/A (not video),False,https://www.instagram.com/p/BZjs92blwTe/,Tonight will be a historic night at Beth Torah @btorah as @tanach_study will be celebrating the completion of Neviim & Ketuvim in our community’s first ever siyum tanach. The program will begin at 7:45pm
17875341868186896,2017-09-27,IMAGE,N/A (not video),False,https://www.instagram.com/p/BZjL78ZDWzG/,Parent Enrichment Weekly Classes begin tomorrow! @barkaiyeshiva
17876198116190577,2017-09-26,IMAGE,N/A (not video),False,https://www.instagram.com/p/BZghUqMD0ZU/,"Magen David Yeshivah Community Wide Yom Kippur Night of Torah Tonight at 9 Open to all parents & students Led by Rabbi Richard Tobias, Rabbi Joey Mizrachi and Rabbi Ikey Tawil"
17842085941214675,2017-09-26,IMAGE,N/A (not video),False,https://www.instagram.com/p/BZgULLLD0bn/,Sign up for First Aid Basic Training taking place October 15th @safra_synagogue_nyc
17884408726088262,2017-09-25,IMAGE,N/A (not video),False,https://www.instagram.com/p/BZeDJ3oj2l3/,"High School Boys Class with Rabbi Nathan Dweck. Tonight, Monday Sept. 25th @ 8:00-9:00 at Beth Torah. Topic: Sefer Yonah -- Yonah's Struggle with G-d. MAZZA WILL BE SERVED! @btorah @btorah_hs"
17887962292100990,2017-09-25,IMAGE,N/A (not video),False,https://www.instagram.com/p/BZd1W8bDY7n/,Kol Israel Weekly Learning Program
17905968649021228,2017-09-24,IMAGE,N/A (not video),False,https://www.instagram.com/p/BZbpDD2DQUm/,"Congregation Beit Edmond  Weekly Women’s Class With Mrs. Vivien Hidary  Tomorrow, Monday, September 25th at 1:00pm Noah’s Dove  The Tail of Jonah Reveals a Path to Repentance and Renewal"
17874390364155280,2017-09-24,IMAGE,N/A (not video),False,https://www.instagram.com/p/BZZ78q-DUEN/,New Men’s Class with Rabbi Jack Savdie
17872837933163379,2017-09-20,IMAGE,N/A (not video),False,https://www.instagram.com/p/BZRDDgMDCw6/,"Update: Due to the overwhelming response, @sephardicheritagemuseum has decided to add a second screening of this must see film! 2nd screening of Episode 6  Thursday, September 28 at 8pm in MDY @welovemdy  Call 718 954 3357 and leave a message to reserve your tickets"
17876928763131585,2017-09-20,IMAGE,N/A (not video),False,https://www.instagram.com/p/BZQ8Izljubq/,Qol Ha-Qahal Issue 51: High Holidays 5778 is now available online at SCAupdates.org
17885449573126265,2017-09-19,IMAGE,N/A (not video),False,https://www.instagram.com/p/BZOycN2DJM1/,"Magen David Yeshivah Community Wide Yom Kippur Night of Torah- Next Tuesday, September 26th at 9pm Open to all parents & students Led by Rabbi Richard Tobias, Rabbi Joey Mizrachi and Rabbi Ikey Tawil"
17900520628008236,2017-09-18,IMAGE,N/A (not video),False,https://www.instagram.com/p/BZMRLglDvqk/,Rabbi Beyda's new weekly Parashat haShavua classes begins tonight at Bnei Yitzhak!
17886843265111280,2017-09-18,IMAGE,N/A (not video),False,https://www.instagram.com/p/BZL6Oqbl-4T/,"@tanach_study & Herzog Tanach are partnering together for the final phase of TanachStudy- Studying all of Humash! They have world renowned rabbis, scholars, authors, leaders and teachers on board, so mark your calanders, launch date is September 28th!"
17873890183188616,2017-09-14,IMAGE,N/A (not video),False,https://www.instagram.com/p/BZCcEUMDT6u/,Beth Torah High Holiday Morning Class Schedule! @btorah
17882898973081531,2017-09-14,IMAGE,N/A (not video),False,https://www.instagram.com/p/BZBogt0jJAs/,"Joseph J. Sitt and the Sephardic Heritage Museum @sephardicheritagemuseum present the PREMIERE of EPISODE 6: The LIFE and ESCAPE of the JEWS of SYRIA  1930-1967 Save the date:  Wednesday, September 27 at Magen David Yeshiva @welovemdy  Doors open: 6pm  Program will begin 7:30pm For ticket info please call: 718-954-3357  List of interviewees: Rabbi Eli Abadie, M.D. Joe Aboudi Professor Yom Tob Assis Albert Ayal Dr. Mayer Ballas Alice Tawil Beyda Selly Yedid Beyda Albert Chehebar Gabriel Chehebar "
17884812559120458,2017-09-13,IMAGE,N/A (not video),False,https://www.instagram.com/p/BY_nCwKDF7h/,Don't miss Dr. Yael Ziegler speaking tomorrow night for @tanach_study
17899372099000463,2017-09-13,IMAGE,N/A (not video),False,https://www.instagram.com/p/BY-5fPpj1Pg/,Hochma U'mussar  New Year-New Plans!
17884537945125418,2017-09-12,IMAGE,N/A (not video),False,https://www.instagram.com/p/BY8fllJjd6A/,Fourth Annual Community Wide Sehilot Service at Edmond J. Safra Synagogue of NYC will be this Saturday night at 12:30am @safra_synagogue_nyc
17898737977059007,2017-09-11,IMAGE,N/A (not video),False,https://www.instagram.com/p/BY56BWoDsNE/,Beth Torah High Holiday Classes begin tonight! @btorah
17892256063069317,2017-09-10,IMAGE,N/A (not video),False,https://www.instagram.com/p/BY3Ok46ju_w/,COME CELEBRATE OUR COMMUNITY'S FIRST EVER SIYUM TANACH  9.27.17 / 7:45pm @btorah  @tanach_study
17872493593147346,2017-09-08,IMAGE,N/A (not video),False,https://www.instagram.com/p/BYxyeemjIN3/,Understanding the High Holy Days Prayers with Rabbi Yosef Bitton
17898414280038579,2017-09-06,IMAGE,N/A (not video),False,https://www.instagram.com/p/BYt_TfJDpbK/,NEW High School Minyan at Beth Torah with Rabbi Nathan Dweck. Begins this Shabbat Sept. 9th- Minyan at 9:00am followed by Delicious Breakfast and Class at 11:00am
17872318198185350,2017-09-06,IMAGE,N/A (not video),False,https://www.instagram.com/p/BYrc06pjpe6/,"Join Dr. Avigail Rock & @tanach_study this Sunday morning to hear about ""Akedat Yitzhak: The story in the peshat and as Retold in Selihot"""
17898123223044538,2017-09-05,IMAGE,N/A (not video),False,https://www.instagram.com/p/BYqbUtFjE4k/,Sign up today by visiting ejsny.org/mommyandme !
17895198277059373,2017-08-25,IMAGE,N/A (not video),False,https://www.instagram.com/p/BYOrlCrDUYn/,This Shabbat at the JCC... Shabbat Shalom!
17895041380017605,2017-08-18,IMAGE,N/A (not video),False,https://www.instagram.com/p/BX7691fj9iT/,This Shabbat at the JCC... Shabbat Shalom!
17894475760033732,2017-08-17,IMAGE,N/A (not video),False,https://www.instagram.com/p/BX5nAnqj92y/,"**TONIGHT @8:15** PART 1: ""If you love me, read my mind"" A Special Series, ""My Significant Other"", with Rabbi Yosef Bitton at Edmond J. Safra Synagogue (Hathaway)"
17893476181048387,2017-08-16,IMAGE,N/A (not video),False,https://www.instagram.com/p/BX3FDXAj9dQ/,Some more pictures from our Men's Summer 2017 Learning Program
17893686598046228,2017-08-15,IMAGE,N/A (not video),False,https://www.instagram.com/p/BX0KtswDyUE/,"Rabbi Naftali Besser Staying Inspired  Tuesdays, 12:15pm-1:15pm Edmond J. Safra Synagogue"
17893208581018299,2017-08-11,IMAGE,N/A (not video),False,https://www.instagram.com/p/BXqgzFuDiBA/,This Shabbat at the JCC... Shabbat Shalom!
17881490944098615,2017-08-10,IMAGE,N/A (not video),False,https://www.instagram.com/p/BXobOH6jp80/,"""My Significant Other"" A Special Series with Rabbi Yosef Bitton at Edmond J. Safra Synagogue (Hathaway)"
17893358071020567,2017-08-09,IMAGE,N/A (not video),False,https://www.instagram.com/p/BXk8B62DjwP/,College and Young Professionals Summer 2017 Lecture Series: Irv Safdie  This Thursday at 8:30pm Hosted by Joe & Sonia Betesh
17893377379041645,2017-08-08,IMAGE,N/A (not video),False,https://www.instagram.com/p/BXi8aqaDaii/,Some more pictures from our Women's Summer 2017 Learning Program
17881256935128504,2017-08-08,IMAGE,N/A (not video),False,https://www.instagram.com/p/BXi8HvDjji2/,"Rabbi Isaac Tawil Contemporary Topics in Kashrut Tuesday, 8:00pm-9:00pm Edmond J. Safra Synagogue"
17870388001141318,2017-08-08,IMAGE,N/A (not video),False,https://www.instagram.com/p/BXi7b3yDh_8/,TOMORROW: August 9th Book Launch: “Branching out from Sepharad” by Sarina Roffe Edmond J. Safra Synagogue
17879499679127584,2017-08-07,IMAGE,N/A (not video),False,https://www.instagram.com/p/BXgjCktDr_v/,Join us for a special class tomorrow with Mrs. Vicky Harari!
17893037902049894,2017-08-07,IMAGE,N/A (not video),False,https://www.instagram.com/p/BXgImbTD9tC/,Some pictures from our College & Young Professionals Summer 2017 Lecture Series
17867747380156580,2017-08-07,IMAGE,N/A (not video),False,https://www.instagram.com/p/BXf9nGDjFHB/,"***Reminder- Tonight!*** Mr. Harold Shamah with DJ Cohen, Cheri Srour & Guests"
17892590296056313,2017-08-06,IMAGE,N/A (not video),False,https://www.instagram.com/p/BXdCET0jzam/,Some pictures from our Men's Summer 2017 Learning Program
17879272840121820,2017-08-06,IMAGE,N/A (not video),False,https://www.instagram.com/p/BXb87PrDJRm/,"""My Significant Other"" A Special Series with Rabbi Yosef Bitton at Edmond J. Safra Synagogue (Hathaway)"
17877010195087628,2017-08-04,IMAGE,N/A (not video),False,https://www.instagram.com/p/BXYHdjSD7iu/,This Shabbat at the JCC... Shabbat Shalom!
17878965577123568,2017-08-04,IMAGE,N/A (not video),False,https://www.instagram.com/p/BXX-3j5jV-F/,Join us this Monday night!
17893199029062198,2017-08-03,IMAGE,N/A (not video),False,https://www.instagram.com/p/BXVkK73DxbL/,Some pictures from our Women's Summer 2017 Learning Program
17891437387054535,2017-08-02,IMAGE,N/A (not video),False,https://www.instagram.com/p/BXTT2yljPOP/,College and Young Professionals Summer 2017 Lecture Series: Rabbi Ikey Tawil This Thursday at 8:30pm Hosted by Bella Steinberg
17891952745042837,2017-08-02,CAROUSEL_ALBUM,N/A (not video),False,https://www.instagram.com/p/BXTNqV-j9h3/,Yesterday Mrs. Rayna Cohen painted with over 35 girls and today she delivered the projects to @thespecialchildrenscenter !
17867505547146206,2017-08-02,IMAGE,N/A (not video),False,https://www.instagram.com/p/BXTFHgajtQ0/,"Classes are on the homepage of our website, SCAupdates.org"
17892286585002810,2017-08-01,IMAGE,N/A (not video),False,https://www.instagram.com/p/BXQqW1bDDvt/,Rabbi Besser addressing a full crowd at our annual Rabbi Dr. Ezra Labaton Tish'a Be'ab Day of Learning at the JCC
17891460880056110,2017-07-30,IMAGE,N/A (not video),False,https://www.instagram.com/p/BXJtUEjDjYX/,Rabbi Dr. Ezra Labaton Tish'a Be-Ab Learning at the JCC 2017 Schedule
17878058533126183,2017-07-28,IMAGE,N/A (not video),False,https://www.instagram.com/p/BXGJrYlDHUM/,Qol Ha-Qahal Issue 50: 9th of Ab is now available online at SCAupdates.org
17850349975196887,2017-07-28,IMAGE,N/A (not video),False,https://www.instagram.com/p/BXGC7cDjPft/,This Shabbat at the JCC... Shabbat Shalom!
17891550838011331,2017-07-27,IMAGE,N/A (not video),False,https://www.instagram.com/p/BXDrJrcjTCK/,College and Young Professionals Summer 2017 Lecture Series: Rabbi Avi Harari Tonight at 8:30pm Hosted by Albert & Rose Mishaan
17879073394129179,2017-07-26,IMAGE,N/A (not video),False,https://www.instagram.com/p/BXBKxpsjwC4/,"Book Launch: “Branching out from Sepharad” by Sarina Roffe NEW DATE: August 9th, 2017 Edmond J. Safra Synagogue"
17878979056107804,2017-07-25,IMAGE,N/A (not video),False,https://www.instagram.com/p/BW_B-04jDxM/,Please join us tomorrow for a workshop on awareness and prevention of child abuse. All parents and community educators from early childhood to high school are invited to attend. This free workshop will begin at 11:00am at 75 Hathaway Ave. @sbh_updates
17877668827121920,2017-07-25,CAROUSEL_ALBUM,N/A (not video),False,https://www.instagram.com/p/BW-0z0fjHVb/,Yesterday's women's class by Mrs. Esther Hidary
17881847851077759,2017-07-25,IMAGE,N/A (not video),False,https://www.instagram.com/p/BW-TZ2SDIv9/,Tish'a Be'ab Learning at the JCC. Stay tuned for full schedule
17879008030117007,2017-07-25,IMAGE,N/A (not video),False,https://www.instagram.com/p/BW-SlaPD0J8/,College and Young Professionals Summer 2017 Lecture Series: Rabbi Avi Harari This Thursday at 8:30pm Hosted by Albert & Rose Mishaan
17865040303191867,2017-07-24,IMAGE,N/A (not video),False,https://www.instagram.com/p/BW8UqoZjvkw/,Rabbi Richard Tobias teaching young adults at the summer learning program at Edmond J. Safra Synagogue of Hathaway Ave
17878822321118658,2017-07-24,IMAGE,N/A (not video),False,https://www.instagram.com/p/BW8TmTJjdb1/,"Rabbi Ricky Hidary High School / College Girls | Jewish Ethics  Mondays, 8:00pm-9:00pm Edmond J. Safra Synagogue"
17890720921051207,2017-07-24,IMAGE,N/A (not video),False,https://www.instagram.com/p/BW730QHjLVd/,"Rabbi Charles Safdie Timely Topics in Halacha Mondays, 9:00pm-10:00pm Edmond J. Safra Synagogue"
17878762987100597,2017-07-24,IMAGE,N/A (not video),False,https://www.instagram.com/p/BW7dUJEj6na/,"Mrs. Miriam Tawil Israel Today: challenges and triumphs Monday, July 24th, 11:00am-12:00pm Edmond J. Safra Synagogue"
17880977419073453,2017-07-21,IMAGE,N/A (not video),False,https://www.instagram.com/p/BW0LT5qjvzJ/,"Rabbi Riskin will be giving classes tomorrow morning at Sephardic of Elberon after first minyan AND main minyan.  SCA Minyan at the JCC will host him as well as he gives a class over Seuda Shelisheet.  Finally, Sunday morning he will be speaking at the home of Celeste & Michael Mishaan"
17893780246060136,2017-07-21,IMAGE,N/A (not video),False,https://www.instagram.com/p/BW0EUz-DT59/,GOING ON ALL NEXT WEEK!  Learn CPR by attending just one 2-hour class! @blinkcpr
17890619770026761,2017-07-21,IMAGE,N/A (not video),False,https://www.instagram.com/p/BWz1v_nD3xy/,This Shabbat at the JCC... Shabbat Shalom!
17890069732027361,2017-07-20,IMAGE,N/A (not video),False,https://www.instagram.com/p/BWxMvqHD0vn/,"College and Young Professionals Summer 2017 Lecture Series: Rabbi Ricky Hidary Tonight at 8:30pm Hosted by Lenora, Danielle & Eddie Ashkenazi"
17889941593038369,2017-07-19,IMAGE,N/A (not video),False,https://www.instagram.com/p/BWvJQnoDBUw/,Rabbi Besser teaching a room full of over 40 high school and college women last night!
17889436948048447,2017-07-19,IMAGE,N/A (not video),False,https://www.instagram.com/p/BWu6BfijZqv/,"Janice Mizrahi BenSadon 6th-8th grade girls (sub for Doris Cohen 7/19 and 7/26) Wednesdays, 6:30pm-7:30pm Edmond J. Safra Synagogue"
17864877697152807,2017-07-19,IMAGE,N/A (not video),False,https://www.instagram.com/p/BWu5UTTjU89/,"Mr. Edward Benjamin  Pirkei Abot Wednesdays, 9:00pm-10:00pm Edmond J. Safra Synagogue"
17890426261003804,2017-07-19,IMAGE,N/A (not video),False,https://www.instagram.com/p/BWuyjC8jmOi/,"Rabbi Joey Mizrachi Boys | Nebiim Wednesdays, 7:30pm-8:30pm Edmond J. Safra Synagogue"
17889446368043499,2017-07-18,IMAGE,N/A (not video),False,https://www.instagram.com/p/BWssWGUj_88/,"Book Launch: “Branching out from Sepharad” by Sarina Roffe August 2nd, 2017 Edmond J. Safra Synagogue"
17865211369149809,2017-07-18,IMAGE,N/A (not video),False,https://www.instagram.com/p/BWsJwKhD5fR/,"Mrs. Miriam Tawil 7/18, 7/25 | The Amida Tuesdays, 11:00am-12:00pm Edmond J. Safra Synagogue"
17889003379053689,2017-07-17,IMAGE,N/A (not video),False,https://www.instagram.com/p/BWqr9ZUDIhI/,"Rabbi Jack Savdie Beit Yossef B'iyun Mondays, 9:00pm-10:00pm Edmond J. Safra Synagogue"
17877823141110897,2017-07-17,IMAGE,N/A (not video),False,https://www.instagram.com/p/BWpV3BSDNJi/,"College and Young Professionals Summer 2017 Lecture Series: Rabbi Ricky Hidary This Thursday at 8:30pm Hosted by Lenora, Danielle & Eddie Ashkenazi"
17888534674019965,2017-07-17,IMAGE,N/A (not video),False,https://www.instagram.com/p/BWpU6opDoeT/,Check out our updated men's summer learning program schedule on SCAupdates.org
17866582660134094,2017-07-17,IMAGE,N/A (not video),False,https://www.instagram.com/p/BWoHYYNjViN/,"Rabbi Ikey Tawil High School/College girls  Mondays, 7:00pm-8:00pm Edmond J. Safra Synagogue"
17876383573120089,2017-07-16,IMAGE,N/A (not video),False,https://www.instagram.com/p/BWoCTUOjVp7/,PREVENT. DETECT. PROTECT.  Learning how to be a tellable parent  @sbh_updates
17848366777196356,2017-07-16,IMAGE,N/A (not video),False,https://www.instagram.com/p/BWl2EUMjRbG/,SCA summer learning program is off to an incredible start!
17864768989148325,2017-07-14,IMAGE,N/A (not video),False,https://www.instagram.com/p/BWiE-4pjy3Z/,This Shabbat at the JCC... Shabbat Shalom!
17862343666172900,2017-07-13,IMAGE,N/A (not video),False,https://www.instagram.com/p/BWfvghRDqyA/,"Join us this Shabbat, Parashat Pinehas, as we welcome Mrs. Shani Taragin! @tanach_study @westdealshul"
17888212549049941,2017-07-13,IMAGE,N/A (not video),False,https://www.instagram.com/p/BWfal1bDvjI/,College and Young Professionals Summer 2017 Lecture Series: Rabbi Naftali Besser Tonight at 8:30pm Hosted by Adele & Grace Sutton
17888266534008913,2017-07-13,IMAGE,N/A (not video),False,https://www.instagram.com/p/BWfY3J1jnKx/,Rabbi Ike Hanon teaching his students at our Summer Learning Program
17875837744123151,2017-07-13,IMAGE,N/A (not video),False,https://www.instagram.com/p/BWfXk-sD3gd/,"Congregation Ohel Yishak and Hayil invites college students and young professionals to an outdoor film screening of Israel’s #1 Film of the Year: The Women’s BalconySunday, July 16th at 8:00 pmOn the lawn @ 108 Allen Ave@hayil_minyan @our_synagogues"
17863526734183449,2017-07-12,IMAGE,N/A (not video),False,https://www.instagram.com/p/BWc0hJIDcJG/,"Mrs. Doris Cohen 6th-8th grade girls  Wednesdays, 6:30pm-7:30pm Edmond J. Safra Synagogue"
17876118781112911,2017-07-10,IMAGE,N/A (not video),False,https://www.instagram.com/p/BWYEcUfj377/,17th of Tammuz classes tomorrow!
17863165174183016,2017-07-10,IMAGE,N/A (not video),False,https://www.instagram.com/p/BWX5JLLDQyW/,"Repost: @our_synagogues ""Jam-packed BIBLE class with Mrs. Esther Hidary @eshid """
17873292835080330,2017-07-10,IMAGE,N/A (not video),False,https://www.instagram.com/p/BWXik2pDChl/,17th of Tammuz
17874997036123058,2017-07-10,IMAGE,N/A (not video),False,https://www.instagram.com/p/BWXiGXSDieX/,College and Young Professionals Summer 2017 Lecture Series: Rabbi Naftali Besser This Thursday night at 8:30pm Hosted by Adele & Grace Sutton
17887802371037437,2017-07-10,IMAGE,N/A (not video),False,https://www.instagram.com/p/BWWN0LbDc27/,"Mrs. Esther Hidary Topics in Jewish Thought  Mondays, 12:15pm-1:15pm Edmond J. Safra Synagogue"
17863418875176285,2017-07-10,IMAGE,N/A (not video),False,https://www.instagram.com/p/BWWNdK4jWj0/,Mr. Mickey Abraham  Medical Halacha Mondays-Thursdays 7:45am-8:15am Edmond J. Safra Synagogue
17888461870054296,2017-07-09,IMAGE,N/A (not video),False,https://www.instagram.com/p/BWVLblfj8u1/,Check out our article in the latest IMAGE magazine! @imageusa
17873059270095624,2017-07-09,IMAGE,N/A (not video),False,https://www.instagram.com/p/BWVHU4WjjSv/,"Classes Dedicated in Memory of Abe and Grace Hidary A""H"
17887782004052410,2017-07-09,IMAGE,N/A (not video),False,https://www.instagram.com/p/BWTzzi2jGik/,"Mrs. Vivien Hidary Women in Tanakh Mondays, 11:00am-12:00pm Edmond J. Safra Synagogue"
17879496013079968,2017-07-09,IMAGE,N/A (not video),False,https://www.instagram.com/p/BWTzc9ujot_/,"Mr. Ovadia Sutton  Daily Mishnayoth Sundays, Fridays 7:30am-8:00am Edmond J. Safra Synagogue"
17875937959115604,2017-07-07,IMAGE,N/A (not video),False,https://www.instagram.com/p/BWQOmXrDWfE/,PREVENT. DETECT. PROTECT.  Learning how to be a tellable parent  @sbh_updates
17865040309138871,2017-07-07,IMAGE,N/A (not video),False,https://www.instagram.com/p/BWQNdnEDZqr/,This Shabbat at the JCC... Shabbat Shalom!
17872917874089059,2017-07-07,CAROUSEL_ALBUM,N/A (not video),False,https://www.instagram.com/p/BWOvlL5j3d7/,"Packed house tonight at the Shamahs at our weekly Thursday night class for young adults! Rabbi Tobias introduced the topic of lsrael and how to define a ""Jewish State"". Everyone then broke into groups to discuss a few thought provoking questions. Finally, the groups presented their thoughts and shared their opinions with the room."
17861329684168129,2017-07-06,IMAGE,N/A (not video),False,https://www.instagram.com/p/BWNSJDPjjjL/,College and Young Professionals Summer 2017 Lecture Series: Rabbi Richard Tobias  Tonight at 8:30pm Hosted by Elliot and Michael Shamah
17862981832178408,2017-07-06,CAROUSEL_ALBUM,N/A (not video),False,https://www.instagram.com/p/BWNRUvXjQVE/,Just a few highlights on some classes that were given this week as part of our summer learning program. Check out SCAupdates.org for the schedule of classes we offer
17889507298051007,2017-07-06,IMAGE,N/A (not video),False,https://www.instagram.com/p/BWNPYOtDW70/,"Join SCC Young Adults this Monday night after work for some BBQ, sushi and drinks! @thecenter_scc"
17887327882023447,2017-07-04,IMAGE,N/A (not video),False,https://www.instagram.com/p/BWJIna-jxCm/,"SCA Women's Summer 2017 Learning Program BEGINS TOMORROW!!! To download a CLEARER and LARGER version of this flier, visit SCAupdates.org"
17861904889186579,2017-07-04,IMAGE,N/A (not video),False,https://www.instagram.com/p/BWJIJHsDUII/,College and Young Professionals Summer 2017 Lecture Series: Rabbi Richard Tobias  This Thursday night at 8:30pm Hosted by Elliot Shamah
17864543104139401,2017-07-03,IMAGE,N/A (not video),False,https://www.instagram.com/p/BWFoMhijwV_/,"Rabbi Nathan Dweck Pirke Abot | 6th-8th grade girls Mondays, 6:30pm-7:30pm Edmond J. Safra Synagogue"
17874737962117657,2017-07-03,IMAGE,N/A (not video),False,https://www.instagram.com/p/BWFdhGsjND6/,"Mr. Abie Betesh Pizmonim & Reading in a Maqam Mondays, 8:00pm-9:00pm Edmond J. Safra Synagogue"
17887472317026418,2017-07-03,IMAGE,N/A (not video),False,https://www.instagram.com/p/BWFdARCjZIk/,"Rabbi Joey Mizrachi The Jewish American Experience  Mondays, 8:00pm-9:00pm Edmond J. Safra Synagogue"
17886054157013622,2017-06-30,IMAGE,N/A (not video),False,https://www.instagram.com/p/BV91ruuDKFV/,This Shabbat at the JCC... Shabbat Shalom!
17861253238166971,2017-06-30,IMAGE,N/A (not video),False,https://www.instagram.com/p/BV9u4H6DTzu/,"The @aipac 2nd annual  Sephardic Community Event in Deal Today, Friday @ 3:30pm"
17887238233045788,2017-06-29,IMAGE,N/A (not video),False,https://www.instagram.com/p/BV8DAdpDH7N/,Qol Ha-Qahal Issue 49: 17th of Tammuz / July 4th is now available online at SCAupdates.org
17861712127155622,2017-06-29,IMAGE,N/A (not video),False,https://www.instagram.com/p/BV8CWBgDIMr/,"Rabbi Isaac Tawil Rashi on Parashat Hashabua Fridays, 7:30am-8:00am Edmond J. Safra Synagogue"
17886975331038341,2017-06-29,IMAGE,N/A (not video),False,https://www.instagram.com/p/BV8BqvPjeX3/,"Mrs. Freda Braha Positive Parenting  Wednesdays, 11:00am-12:00pm Edmond J. Safra Synagogue *SCA Women's Summer 2017 Learning Program begins July 5th*"
17861872630156100,2017-06-28,IMAGE,N/A (not video),False,https://www.instagram.com/p/BV5eVPcFT2A/,Shabbat Scholars in Residence @tanach_study @westdealshul
17863751536140941,2017-06-28,IMAGE,N/A (not video),False,https://www.instagram.com/p/BV4i2mUDL51/,"Rabbi Joey Mizrachi Jews Under Islam Wednesdays, 8:00pm-9:00pm Edmond J. Safra Synagogue"
17861545549156763,2017-06-28,IMAGE,N/A (not video),False,https://www.instagram.com/p/BV4iRLNDHPg/,"Mr. Mickey Abraham Selected Topics in Gemara Mondays-Wednesdays, 8:00pm-9:00pm Edmond J. Safra Synagogue"
17885144902062109,2017-06-27,IMAGE,N/A (not video),False,https://www.instagram.com/p/BV2KvrJDt1d/,Mr. Ovadia Sutton  Daily Mishnayoth Mondays-Thursdays  7:45am-8:15am Edmond J. Safra Synagogue
17871510172093628,2017-06-27,IMAGE,N/A (not video),False,https://www.instagram.com/p/BV2KQ1jDn4B/,"Rabbi Richard Tobias Rambam Wednesdays, 8:00pm-9:00pm Edmond J. Safra Synagogue"
17861007604178724,2017-06-27,IMAGE,N/A (not video),False,https://www.instagram.com/p/BV09kUdjAJU/,"What a night! Tonight we kicked off our men's summer learning program at Edmond J. Safra Synagogue (75 Hathaway) for the 8th summer in a row! This picture sums it all up- Rabbi Nathan Dweck learning with over 20 of his students. We are offering 120+ weekly classes, at mornings & nights. Find a class that you are interested in by visiting SCAupdates.org"
17860893664180358,2017-06-26,IMAGE,N/A (not video),False,https://www.instagram.com/p/BVz_eiSjCWS/,"Rabbi Ike Hanon Gemara Mondays, Wednesdays, 9:00pm-10:00pm Edmond J. Safra Synagogue"
17885507359021955,2017-06-26,IMAGE,N/A (not video),False,https://www.instagram.com/p/BVz_DOcjXAO/,"Rabbi Isaac Tawil Rambam Hilchot Aboda Zara Mondays, 8:00pm-9:00pm Edmond J. Safra Synagogue"
17885203558063177,2017-06-25,IMAGE,N/A (not video),False,https://www.instagram.com/p/BVxWfOxjnR0/,"Rabbi Charles Safdie Middle School Boys Mondays-Thursdays, 6:30pm-7:30pm Edmond J. Safra Synagogue *SCA Men's Summer 2017 Learning Program begins tomorrow*"
17886017416013563,2017-06-25,IMAGE,N/A (not video),False,https://www.instagram.com/p/BVxV86gj10d/,"SCA Men's Summer 2017 Learning Program BEGINS TOMORROW!!! To download a CLEARER and LARGER version of this flier, visit SCAupdates.org"
17861764792149597,2017-06-25,IMAGE,N/A (not video),False,https://www.instagram.com/p/BVxVZxMjsIt/,"Rabbi Harold Sutton Advanced Gemara Study Group Mondays-Wednesdays, 9:00pm-10:00pm Edmond J. Safra Synagogue *SCA Men's Summer 2017 Learning Program begins tomorrow*"
17886233680038437,2017-06-23,IMAGE,N/A (not video),False,https://www.instagram.com/p/BVruLn5jtGE/,This Shabbat at the JCC... Shabbat Shalom!
17872109116124232,2017-06-22,IMAGE,N/A (not video),False,https://www.instagram.com/p/BVpZRbeDRHL/,"SCA Summer 2017 Shabbat Calendar...to download a CLEARER and LARGER version of this flier, visit SCAupdates.org"
17885409001031845,2017-06-22,IMAGE,N/A (not video),False,https://www.instagram.com/p/BVpY7PQDqO0/,The SCA by the numbers
17863072315141308,2017-06-21,IMAGE,N/A (not video),False,https://www.instagram.com/p/BVms7UNjrTW/,"Mr. Abie Betesh High Holiday Hazzanut Mondays, 9:00pm-10:00pm Edmond J. Safra Synagogue *SCA Men's Summer 2017 Learning Program begins June 26th*"
17873275138128162,2017-06-21,IMAGE,N/A (not video),False,https://www.instagram.com/p/BVmsZqVjIvc/,"Mr. Victor Mosseri Hilchot De'ot Tuesdays, Wednesdays, 8:00pm-9:00pm Edmond J. Safra Synagogue *SCA Men's Summer 2017 Learning Program begins June 26th*"
17860643380158662,2017-06-20,IMAGE,N/A (not video),False,https://www.instagram.com/p/BVkN5-vDl8M/,"Mr. Dubbin Hanon Daily Halacha Mondays-Wednesdays, 9:00pm-10:00pm Edmond J. Safra Synagogue *SCA Men's Summer 2017 Learning Program begins June 26th*"
17875651261076169,2017-06-20,IMAGE,N/A (not video),False,https://www.instagram.com/p/BVkM31pDj_C/,"SCA Women's Summer 2017 Learning Program Dedicated in Memory of Abe and Grace Hidary... to download a CLEARER and LARGER version of this flier, visit SCAupdates.org"
17885123890009925,2017-06-20,IMAGE,N/A (not video),False,https://www.instagram.com/p/BVkMUxpDy4R/,"Rabbi Charles Safdie Timely Topics in Halacha Mondays, Wednesdays, 8:00pm-9:00pm Edmond J. Safra Synagogue *SCA Men's Summer 2017 Learning Program begins June 26th*"
17862341956130833,2017-06-19,IMAGE,N/A (not video),False,https://www.instagram.com/p/BVhkG0zDvIB/,"SCA Men's Summer 2017 Learning Program Dedicated in Memory of Abe and Grace Hidary. To download a CLEARER and LARGER version of this flier, visit SCAupdates.org"
17859157267186529,2017-06-19,IMAGE,N/A (not video),False,https://www.instagram.com/p/BVhjc_MjTjH/,Rabbi Jack Savdie Beit Yossef B'iyun Mondays 9:00pm-10:00pm Edmond J. Safra Synagogue *SCA Men's Summer 2017 Learning Program begins June 26th*
17879803501070655,2017-06-19,IMAGE,N/A (not video),False,https://www.instagram.com/p/BVhh79RD9SC/,Mr. Ovadia Sutton  Daily Mishnayoth Mondays-Thursdays  6:30am-7:00am Edmond J. Safra Synagogue *SCA Men's Summer 2017 Learning Program begins June 26th*
17884610032033203,2017-06-18,IMAGE,N/A (not video),False,https://www.instagram.com/p/BVe2qz2jqrg/,Mr. Edward Benjamin  Pirkei Abot Tuesdays  9:00pm-10:00pm Edmond J. Safra Synagogue *SCA Men's Summer 2017 Learning Program begins June 26th*
17873014822096712,2017-06-18,IMAGE,N/A (not video),False,https://www.instagram.com/p/BVe19ZpjpKP/,"Mrs. Emily Labaton Selected chapters in Navi Wednesdays, 12:15pm-1:15pm Edmond J. Safra Synagogue *SCA Women's Summer 2017 Learning Program begins July 5th*"
17871988066127197,2017-06-18,IMAGE,N/A (not video),False,https://www.instagram.com/p/BVe1h3Qj1EU/,Rabbi Avi Harari Select Topics in Gemara  Tuesdays  8:00pm-9:00pm Edmond J. Safra Synagogue *SCA Men's Summer 2017 Learning Program begins June 26th*
17872128526107948,2017-06-16,IMAGE,N/A (not video),False,https://www.instagram.com/p/BVZ8s_WDfqQ/,"Mr. Mickey Abraham Pirkei Abot Monday-Thursday, 6:30am-7:00am Edmond J. Safra Synagogue *SCA Men's Summer 2017 Learning Program begins June 26th*"
17871727627124569,2017-06-16,IMAGE,N/A (not video),False,https://www.instagram.com/p/BVZ8QQEjypM/,"Rabbi Ike Hanon Perashat Ha'shabuah Mondays, Wednesdays, 8:00pm-9:00pm Edmond J. Safra Synagogue *SCA Men's Summer 2017 Learning Program begins June 26th*"
17858664742184496,2017-06-15,IMAGE,N/A (not video),False,https://www.instagram.com/p/BVXZL-LDebx/,Rabbi Joey Mizrachi Analysis of Community Customs Sundays 8:45am-9:45am Fridays 8:45am-9:15am Edmond J. Safra Synagogue *SCA Men's Summer 2017 Learning Program begins June 26th*
17869752118089846,2017-06-15,IMAGE,N/A (not video),False,https://www.instagram.com/p/BVXYVfQD00b/,"Rabbi Nathan Dweck Halacha Yomit Mondays, 8:00pm-9:00pm Edmond J. Safra Synagogue *SCA Men's Summer 2017 Learning Program begins June 26th*"
17883147748003031,2017-06-15,IMAGE,N/A (not video),False,https://www.instagram.com/p/BVXXHg1D3GA/,"Rabbi Harold Sutton Halacha B'iyun Mondays-Thursdays, 6:30am-7:00am Edmond J. Safra Synagogue *SCA Men's Summer 2017 Learning Program begins June 26th*"
17872146415107322,2017-06-14,IMAGE,N/A (not video),False,https://www.instagram.com/p/BVVBwcND8pI/,"Mrs. Michelle Gindi 6th-8th Grade Girls Wednesdays, 6:30pm-7:30pm Edmond J. Safra Synagogue *SCA Women's Summer 2017 Learning Program begins July 5th*"
17844135370199312,2017-06-14,IMAGE,N/A (not video),False,https://www.instagram.com/p/BVVAduED4l3/,"Rabbi Richard Tobias College Men | Tanach Wednesdays, 9:00pm-10:00pm Edmond J. Safra Synagogue *SCA Men's Summer 2017 Learning Program begins June 26th*"
17869723018083510,2017-06-14,IMAGE,N/A (not video),False,https://www.instagram.com/p/BVU9JKij5_g/,"Rabbi Isaac Tawil Timely Topics in Halacha  Sundays, 10:00am-10:45am Edmond J. Safra Synagogue *SCA Men's Summer 2017 Learning Program begins June 26th*"
17858458378175913,2017-06-13,IMAGE,N/A (not video),False,https://www.instagram.com/p/BVSpzCCDKD0/,"SCA Women's Summer 2017 Learning Program Dedicated in Memory of Abe and Grace Hidary... to download a CLEARER and LARGER version of this flier, visit SCAupdates.org"
17883323401001914,2017-06-13,IMAGE,N/A (not video),False,https://www.instagram.com/p/BVSoacrjEct/,"SCA Men's Summer 2017 Learning Program Dedicated in Memory of Abe and Grace Hidary... to download a CLEARER and LARGER version of this flier, visit SCAupdates.org"
17858958730165356,2017-06-12,IMAGE,N/A (not video),False,https://www.instagram.com/p/BVP7GL_D5KS/,"SCA Statement June 12, 2017"
17856444982192798,2017-05-24,IMAGE,N/A (not video),False,https://www.instagram.com/p/BUfKgCLjjih/,"The @JerusalemBiennale presents a survey of contemporary Jewish Art from around the world. This show, featuring many of our community’s artists, was invited to participate. Help us put these stories on the world stage: support us at www.scaupdates.org/donate. For more info about our show visit www.scaupdates.org/homelands. #JIMENA #art #Artshow #middleeastern"
17856837208164200,2017-05-22,IMAGE,N/A (not video),False,https://www.instagram.com/p/BUZbDRKjdSe/,Qol Ha-Qahal Issue 48: Yom Yerushalayim/Shabuot Issue is now available online at SCAupdates.org
17881197601012012,2017-05-16,IMAGE,N/A (not video),False,https://www.instagram.com/p/BUKW8QbjCR0/,SCA Women's Learning Program Schedule Alert
17868829201128855,2017-05-12,IMAGE,N/A (not video),False,https://www.instagram.com/p/BUAJP6vDXqz/,Councilman David Greenfield is bringing Mayor Bill de Blasio for a town hall meeting especially for residents of Fltabush and Boro Park. This is a unique opportunity to ask the Mayor directly about any local issue. The Mayor will be coming to FDR High School at 5800 20th Avenue this Tuesday at 7pm with his top aides and Commissioners. This unique event is free but you MUST RSVP to get a ticket. Only a few tickets are left and it is important that our community be well represented. So please try 
17879543674034374,2017-05-09,IMAGE,N/A (not video),False,https://www.instagram.com/p/BT4iKuTjJe_/,TOMORROW: Special Pre-Shabuot Class on Matan Torah with Mr. Ricky Cohen at 10:30 @btorah
17855321338174389,2017-05-09,IMAGE,N/A (not video),False,https://www.instagram.com/p/BT3vYNdjnaW/,"Women's 2017 Learning Program: Rabbi Moses Haber Tuesdays  7:00pm-8:00pm  Bnei Yitzhak, 730 Ave S"
17855114860193177,2017-05-08,IMAGE,N/A (not video),False,https://www.instagram.com/p/BT17LMKDb-W/,"Night series classes with Mrs. Grace Timsit, @gracietimsit , continues tonight!"
17882839483043018,2017-05-08,IMAGE,N/A (not video),False,https://www.instagram.com/p/BT1dlSZDyEL/,"Women's 2017 Learning Program: Mrs. Margaret Benhamu Mondays 12:45pm-1:45pm Mikdash Eliyahu, 400 Ave U"
17856610762148852,2017-05-04,IMAGE,N/A (not video),False,https://www.instagram.com/p/BTrZpZDD1jm/,Special Pre-Shabuot Class on Matan Torah with Mr. Ricky Cohen this Wednesday at 10:30 @btorah
17854859647186001,2017-05-03,IMAGE,N/A (not video),False,https://www.instagram.com/p/BTorCD_DPLi/,"Women's 2017 Learning Program: Rabbi Raymond Harari Wednesdays 1:00pm-2:00pm Mikdash Eliyahu, 400 Ave U"
17868106927111154,2017-05-02,IMAGE,N/A (not video),False,https://www.instagram.com/p/BTmpuSyDFEE/,🇮🇱Rabbi Ricky Hidary's Special Yom Ha'asmaut Class @btorah ! 🇮🇱
17881167103047887,2017-05-02,IMAGE,N/A (not video),False,https://www.instagram.com/p/BTlrnJij7Lz/,"Women's 2017 Learning Program: Mrs. Aura Sutton Tuesdays  8:15pm-9:15pm Hochma U'Mussar, 718 Ave S"
17866961593122947,2017-05-01,IMAGE,N/A (not video),False,https://www.instagram.com/p/BTkJThbjVfe/,Special Yom Ha'asmaut Class with Rabbi Ricky Hidary tomorrow at 11 @btorah
17857699780141287,2017-05-01,IMAGE,N/A (not video),False,https://www.instagram.com/p/BTjeOb7DSV6/,"Night series classes with Mrs. Grace Timsit, @gracietimsit , begins tonight!"
17857633873137839,2017-05-01,IMAGE,N/A (not video),False,https://www.instagram.com/p/BTh-TgkjAf0/,SCA Women's Learning Program Schedule Alert
17865530764090870,2017-04-30,IMAGE,N/A (not video),False,https://www.instagram.com/p/BThsjHIDgIr/,*Updated SCA Women's Learning Program Spring Schedule. Download and enlarge on SCAupdates.org
17880008677054818,2017-04-30,IMAGE,N/A (not video),False,https://www.instagram.com/p/BThLHagj5u4/,"Rabbi Joey Mizrachi will be speaking at 11am (instead of Mrs. Vivien Hidary) at Mikdash Eliyahu, 400 Avenue U. His topic Yeheskiel 37:  A Latter Day Lens"
17865258484094887,2017-04-30,IMAGE,N/A (not video),False,https://www.instagram.com/p/BTfXkLZjE9O/,Special Yom Ha'asmaut Class with Rabbi Ricky Hidary this Tuesday at 11 @btorah
17865154525094664,2017-04-28,IMAGE,N/A (not video),False,https://www.instagram.com/p/BTbb0uCDRud/,Qol Ha-Qahal Issue 47: Yom Ha'asmaut Issue is now available online at SCAupdates.org
17878745698055156,2017-04-26,IMAGE,N/A (not video),False,https://www.instagram.com/p/BTW8XraDGCg/,@safra_synagogue_nyc
17867314417107974,2017-04-26,IMAGE,N/A (not video),False,https://www.instagram.com/p/BTW4HZdDHE5/,Tomorrow! Visit SCAupdates.org to RSVP before it's too late!
17878611049051217,2017-04-25,IMAGE,N/A (not video),False,https://www.instagram.com/p/BTUcqPtDTRi/,Night series classes with Mrs. Grace Timsit begins this Monday night!
17879215300041727,2017-04-25,VIDEO,NOT_FETCHED,False,https://www.instagram.com/p/BTTh5GKjQKS/,"Video footage of the amazing story of Mrs. Sabina Green, a Holocaust Survivor that shared her story with us yesterday at 400 Ave U, Mikdash Eliyahu. To hear her story, see link in bio #YomHashoah #NeverForget"
17867154976113012,2017-04-24,IMAGE,N/A (not video),False,https://www.instagram.com/p/BTSThFSDNbM/,Women's 2017 Learning Program: Mrs. Esther Hidary @eshid Alternate Tuesdays 12:15pm - 1:15pm Beth Torah @btorah
17865020287081263,2017-04-24,CAROUSEL_ALBUM,N/A (not video),False,https://www.instagram.com/p/BTR9c7mjF80/,"Packed house today at 400 Ave U, Mikdash Eliyahu, as 60 women showed up to hear the amazing story of Mrs. Sabina Green (aged 95!) and how she survived the Holocaust #YomHashoah #NeverForget"
17864970412090716,2017-04-24,IMAGE,N/A (not video),False,https://www.instagram.com/p/BTP-tlKjp2T/,"Please join us tomorrow at Mikdash Eliyahu, 400 Ave U as we hear from Holocaust Survivor Mrs. Sabina Green #neverforget"
17879823280009273,2017-04-23,IMAGE,N/A (not video),False,https://www.instagram.com/p/BTPLkZxjkR8/,SCA Women's Learning Program Schedule Alert
17867357725100733,2017-04-23,IMAGE,N/A (not video),False,https://www.instagram.com/p/BTNf2mRDfk8/,**SCA WOMEN'S LEARNING PROGRAM RESUMES MONDAY**
17864714635082230,2017-04-21,IMAGE,N/A (not video),False,https://www.instagram.com/p/BTKUTyAj0gf/,Join us for a special program answering the question: What Role Should We Play in the Future of Our Country?
17866873186100281,2017-04-19,IMAGE,N/A (not video),False,https://www.instagram.com/p/BTE0dgcjFLR/,"The @JerusalemBiennale presents a survey of contemporary Jewish Art from around the world. This show, featuring many of our community’s artists, was invited to participate. Help us put these stories on the world stage: support us at www.scaupdates.org/donate. For more info about our show visit www.scaupdates.org/homelands. #JIMENA #art #Artshow #middleeastern"
17876971309060170,2017-04-16,IMAGE,N/A (not video),False,https://www.instagram.com/p/BS9N1KtDavG/,2 weeks left to sign up for the @SabraInstitute for next year! Applications are due April 30th
17868626359074167,2017-04-13,IMAGE,N/A (not video),False,https://www.instagram.com/p/BS1SAnoDf6x/,YOM HASHOAH 2017
17855827126131096,2017-04-10,IMAGE,N/A (not video),False,https://www.instagram.com/p/BStPwuPjw0H/,"Join us for a special evening with Sephardic community leaders and Eric Goldstein, CEO of @ujafedny for a rich conversation on contemporary Israeli society.  @ilead_sca graduates will engage in roundtable discussions while Sephardic organizational leadership attend a briefing with Eric Goldstein. We will then come together to consider our collective Jewish future."
17869173643076355,2017-04-09,IMAGE,N/A (not video),False,https://www.instagram.com/p/BSpWNkBjSKS/,Qol Ha-Qahal Issue 46: Pesah is now available online at SCAupdates.org
17876945596013979,2017-04-07,IMAGE,N/A (not video),False,https://www.instagram.com/p/BSl6IDvjp_i/,Attention all current juniors in high school: Sign up for the Sabra Institute for next year! Applications due at the end of the month!
17855372467138303,2017-04-06,VIDEO,NOT_FETCHED,False,https://www.instagram.com/p/BSiyUtjj7JR/,"Footage of Sivan from @innoafrica speaking @btorah is now on the homepage of our website, SCAupdates.org"
17852601787190258,2017-04-03,IMAGE,N/A (not video),False,https://www.instagram.com/p/BSbhLYIjlgM/,5K race in Brooklyn to support HODS!
17865459088104083,2017-04-03,IMAGE,N/A (not video),False,https://www.instagram.com/p/BSZx-v-jgTj/,SCA Women's Learning Program Schedule Alert
17875645297051665,2017-04-02,IMAGE,N/A (not video),False,https://www.instagram.com/p/BSXShiCjZy-/,"Rabbi Joseph Dweck TOMORROW, Sunday, April 2nd 177 Sullivan Street"
17854918261136325,2017-03-31,IMAGE,N/A (not video),False,https://www.instagram.com/p/BSTTfU7Dg23/,Reminder- @innoafrica is coming to @btorah tomorrow night!
17876141449013038,2017-03-30,IMAGE,N/A (not video),False,https://www.instagram.com/p/BSRPQgUDvY8/,Join @ujafedny @thecenter_scc @exceednetwork this Monday evening!
17865075595115137,2017-03-30,IMAGE,N/A (not video),False,https://www.instagram.com/p/BSQyaumD6Na/,Mark your calendars- April 24th! #neverforget
17852248447178282,2017-03-29,IMAGE,N/A (not video),False,https://www.instagram.com/p/BSPXWg3jfJX/,"Artist @irenemamiye explores her Egyptian heritage in her Video piece, included in the Homelands show. Veils created out of shadowy photographs from her past undulate and fall to the ground, at once hiding and revealing parts of history that we can’t quite recapture. Support the Homelands show as we travel to the @JerusalemBiennale and later to other venues and help bring these stories to audiences around the world. Donate: www.scaupdates.org/donate. Learn more: www.scaupdates.org/homelands.  #J"
17867225314075217,2017-03-29,IMAGE,N/A (not video),False,https://www.instagram.com/p/BSO4mV0DOfW/,"Join us for a special 2 part class concluding tomorrow on ""Halakhot of Pesah: In the kitchen and beyond"" with Mrs. Aura Sutton at Beth Torah @btorah"
17864349808120926,2017-03-28,IMAGE,N/A (not video),False,https://www.instagram.com/p/BSMOjZUjAk9/,Rejuvenation & inspiration revitalization! Sign up for a week-long women's trip to stimulate your soul with @midreshet.eshel and @gosephardic this May!
17852311888167784,2017-03-28,IMAGE,N/A (not video),False,https://www.instagram.com/p/BSLwLYuDt3x/,Pre-Pesah Learning Class Schedule at Beth Torah! @btorah
17864151976127779,2017-03-27,IMAGE,N/A (not video),False,https://www.instagram.com/p/BSJ458TD1kJ/,Women's 2017 Learning Program: Mrs. Ilana Alouf Tuesdays 1:30PM-2:30PM Beth Torah @btorah
17852839039155558,2017-03-26,IMAGE,N/A (not video),False,https://www.instagram.com/p/BSHejFPjBkV/,SCA Women's Learning Program Schedule Alert
17864820745097255,2017-03-26,IMAGE,N/A (not video),False,https://www.instagram.com/p/BSHEvK4DtlZ/,"***Tomorrow*** Join us for a SPECIAL PESAH CLASS with Mrs. Annie Savdie this Monday, March 27th at 12:45 at Mikdash Eliyahu, 400 Ave U"
17864902372128656,2017-03-26,IMAGE,N/A (not video),False,https://www.instagram.com/p/BSGjCUgDpf6/,This Saturday night @innoafrica is coming to @btorah !
17864531959115803,2017-03-26,IMAGE,N/A (not video),False,https://www.instagram.com/p/BSFboUvDFsz/,Young Professionals Tour of Greece 2017!
17864638582098755,2017-03-24,IMAGE,N/A (not video),False,https://www.instagram.com/p/BSBU-A3jS_2/,The entire community is welcome to attend the annual Seder El-Tawid at Ahaba Ve Ahva tomorrow night!
17864597830129504,2017-03-23,IMAGE,N/A (not video),False,https://www.instagram.com/p/BR_WXVxjRbj/,"Rabbi Joseph Dweck Sunday, April 2nd 177 Sullivan Street"
17875206712038209,2017-03-23,IMAGE,N/A (not video),False,https://www.instagram.com/p/BR_Bzl1DSpu/,Sephardic Educational Center: Jerusalem United 50 Mission to Israel
17851740319179443,2017-03-23,IMAGE,N/A (not video),False,https://www.instagram.com/p/BR-xfWajRKQ/,Join @tanach_study this Sunday morning for a special class with Rabbi Alex Israel!
17869303624068245,2017-03-22,IMAGE,N/A (not video),False,https://www.instagram.com/p/BR9C1QED1Vs/,"Join us for a special 2 part class beginning tomorrow on ""Halakhot of Pesah: In the kitchen and beyond"" with Mrs. Aura Sutton at Beth Torah @btorah"
17851711327182237,2017-03-22,IMAGE,N/A (not video),False,https://www.instagram.com/p/BR8pK25jBcB/,"Join us for a SPECIAL PESAH CLASS with Mrs. Annie Savdie this Monday, March 27th at 12:45 at Mikdash Eliyahu, 400 Ave U"
17864591908107648,2017-03-22,IMAGE,N/A (not video),False,https://www.instagram.com/p/BR8HLt8jWwC/,"Women's 2017 Learning Program: Rabbi Naftali Besser Wednesdays 10:30am-11:45am Beth Torah, @BTorah"
17852418133159060,2017-03-21,IMAGE,N/A (not video),False,https://www.instagram.com/p/BR6KYHyD7mw/,"Community artist Fortune Chalme’s work, “Sitoh’s Collander”, is a video piece included in Homelands. In it she uses her great-grandmother’s collander from Syria, one of only two objects she brought with her to the US. Help send Homelands to the @JerusalemBiennale by donating at www.scaupdates.org/donate . Find out who else is participating and about their work at www.scaupdates.org/homelands. #JIMENA #Jewish #art #Artshow #middleeastern #sephardic #Jewishart @Koracha_couture"
17851662754166686,2017-03-20,IMAGE,N/A (not video),False,https://www.instagram.com/p/BR4DmZODPes/,Women's 2017 Learning Program: Rabbi Ricky Hidary Alternate Tuesdays 12:15pm - 1:15pm Beth Torah @btorah
17864251603105789,2017-03-20,IMAGE,N/A (not video),False,https://www.instagram.com/p/BR3fF__jxu0/,This Saturday night!
17874324193011907,2017-03-20,IMAGE,N/A (not video),False,https://www.instagram.com/p/BR1xYhSD9lT/,SCA Women's Learning Program Schedule Alert
17864168494105741,2017-03-19,IMAGE,N/A (not video),False,https://www.instagram.com/p/BR1O5kjjylT/,Women's 2017 Learning Program: Rabbi Avi Harari Mondays 8:00pm-9:00pm  Shaare Shalom @shaare_shalom
17865969508072298,2017-03-16,IMAGE,N/A (not video),False,https://www.instagram.com/p/BRsi83ej3II/,It's never too late to join our women's learning program! Stop by for a class or two and check out what the hype is all about- you won't regret it!
17869019755067150,2017-03-15,IMAGE,N/A (not video),False,https://www.instagram.com/p/BRqEujPjgOy/,Sign up while you still can!
17874422281036096,2017-03-13,IMAGE,N/A (not video),False,https://www.instagram.com/p/BRl9qSSjm0v/,SCA Women's Learning Program Schedule Alert
17874667159049050,2017-03-13,IMAGE,N/A (not video),False,https://www.instagram.com/p/BRlUEe1DO_W/,"Toady, Mrs. Margaret Benhamu will begin her classes on the Haggada titled ""The Haggada- Something to Talk About"", at 12:45PM at Mikdash Eliyahu, 400 Avenue U. @marbenhamu"
17875074622048544,2017-03-12,IMAGE,N/A (not video),False,https://www.instagram.com/p/BRi9UXPDG6Z/,Did you see our article about our Women’s Leaning Program in this month’s IMAGE magazine? Check it out on SCAupdates.org!
17874022888061202,2017-03-12,IMAGE,N/A (not video),False,https://www.instagram.com/p/BRhMOZiDcAu/,"Photographer Zion Ozeri has had his work featured in many prominent museums like the Israel Museum. His photographs explore disbanded Jewish communities around the world. Here we see a man in Argentina, displaying his own paintings of his “Two Homelands”. Where is home when you’ve moved all around the world? Homelands explores this question and others related to the stories of the Jews of Muslim lands. Find out more at www.scaupdates.org/homelands. Help send us to the @Jerusalembiennale and to o"
17863646074121611,2017-03-10,IMAGE,N/A (not video),False,https://www.instagram.com/p/BRdYn_tjLTw/,"Women's 2017 Learning Program: Mrs. Ilana Alouf  Shabbats Minha Time  Hochma U'Mussar, 718 Ave S"
17874085006033118,2017-03-09,IMAGE,N/A (not video),False,https://www.instagram.com/p/BRbstYGjy_2/,Qol Ha-Qahal Issue 45: Purim is now available online at SCAupdates.org
17874611308061661,2017-03-08,IMAGE,N/A (not video),False,https://www.instagram.com/p/BRYTTi4jCPv/,Women's 2017 Learning Program: Mrs. Emily Labaton Wednesdays  12:00pm-1:00pm  Beth Torah @btorah
17850619252186919,2017-03-07,IMAGE,N/A (not video),False,https://www.instagram.com/p/BRWORSkjcO2/,"Next Wednesday, March 15 at 11am at Beth Torah (@btorah) we will be welcoming Rabbi Ilan Acoca to discuss his book- ""The Sephardic Book of Why""."
17874649654015034,2017-03-07,IMAGE,N/A (not video),False,https://www.instagram.com/p/BRVjeb5j9kj/,"Women's 2017 Learning Program: Rabbi Moses Haber Tuesdays  7:00pm-8:00pm  Bnei Yitzhak, 730 Ave S"
17868137788071285,2017-03-06,IMAGE,N/A (not video),False,https://www.instagram.com/p/BRTf1kujomJ/,SCA Women's Learning Program Schedule Alert
17873277241028989,2017-03-05,IMAGE,N/A (not video),False,https://www.instagram.com/p/BRRYzANjqoO/,"Women's 2017 Learning Program: Mrs. Vivien Hidary Mondays  11:00am-12:30pm  Mikdash Eliyahu, 400 Ave U"
17873864293024378,2017-03-05,IMAGE,N/A (not video),False,https://www.instagram.com/p/BRPb12Dj8EL/,"@Lenorecohen created the Homelands show after working with @Raquelmizmizphoto on their project, The Silent Refugees. This image will be traveling to the @JerusalemBiennale along with the rest of the artists’ works on the theme: Jewish refugees from Muslim lands. Here we see @daharii , a 22 year old refugee from Yemen, in his current hometown of NYC. He moved to the US on his own at age 13. Learn more about his fascinating story and the Homelands show at www.scaupdates.org/homelands . Support us "
17862918130109831,2017-03-02,IMAGE,N/A (not video),False,https://www.instagram.com/p/BRJc6rnDCf1/,Last chance to sign up! Contact @gladys_haddad ASAP!
17850368275167740,2017-03-02,IMAGE,N/A (not video),False,https://www.instagram.com/p/BRI73GFDSc6/,Women's Learning Program Schedule
17873526733023679,2017-03-02,IMAGE,N/A (not video),False,https://www.instagram.com/p/BRHY-0Ql689/,"This Saturday night @hayil_minyan will be hosting a showing of @sephardicheritagemuseum film ""Episode 3: Life In Bensonhurst"" free of charge. Doors open @ 6:30 with a 7:00PM start time"
17873690665023624,2017-03-01,IMAGE,N/A (not video),False,https://www.instagram.com/p/BRGqURCjWST/,"Women's 2017 Learning Program: Rabbi Raymond Harari Wednesdays 1:00pm-2:00pm Mikdash Eliyahu, 400 Ave U"
17850213571172903,2017-02-28,CAROUSEL_ALBUM,N/A (not video),False,https://www.instagram.com/p/BREWhVEjTy7/,A few pictures from this morning's special Purim class with Mr. Ricky Cohen
17864809120074417,2017-02-28,IMAGE,N/A (not video),False,https://www.instagram.com/p/BREAJsLDimI/,SCA SPECIAL PURIM CLASS!  When: Today @ 1:30PM Where: Beth Torah @btorah Speaker: Mr. Ricky Cohen Topic: Using the text of Beresheet to better understand Purim
17850134443161495,2017-02-27,IMAGE,N/A (not video),False,https://www.instagram.com/p/BRB1p9QjFnR/,Women's 2017 Learning Program: Mrs. Annie Savdie Tuesdays  11:00am-12:00pm Beth Torah @btorah
17872742935019341,2017-02-27,IMAGE,N/A (not video),False,https://www.instagram.com/p/BQ_qDKWjozm/,SCA Women's Learning Program Schedule Alert
17873552212001550,2017-02-26,IMAGE,N/A (not video),False,https://www.instagram.com/p/BQ-1PZljVE2/,"All tickets purchased through EL AL will be entitled to a 10% discount …. Any organization, representative or emissary that will bring 50 participants from the same place will be entitled to a free ticket. Visit Yerushalayim.info to find out more!"
17850834268144701,2017-02-24,IMAGE,N/A (not video),False,https://www.instagram.com/p/BQ6GnjXjcxn/,"SCA SPECIAL PURIM CLASS!  When: Tuesday, Feb 28th @1:30PM Where: Beth Torah @btorah Speaker: Mr. Ricky Cohen Topic: Using the text of Beresheet to better understand Purim"
17852007823132417,2017-02-23,IMAGE,N/A (not video),False,https://www.instagram.com/p/BQ2nyWvjwdE/,"The @JerusalemBiennale presents a survey of contemporary Jewish Art from around the world. This show, featuring many of our community’s artists, was invited to participate. Help us put these stories on the world stage: support us at www.scaupdates.org/donate. For more info about our show visit www.scaupdates.org/homelands. #JIMENA #art #Artshow #middleeastern"
17852157913132656,2017-02-22,IMAGE,N/A (not video),False,https://www.instagram.com/p/BQ0tDRyjpRP/,Sign up before it's too late!
17849917549154535,2017-02-21,IMAGE,N/A (not video),False,https://www.instagram.com/p/BQxgGqIDAov/,Women's 2017 Learning Program: Mrs. Esther Hidary @eshid Alternate Tuesdays 12:15pm - 1:15pm Beth Torah @btorah
17872985623063632,2017-02-20,IMAGE,N/A (not video),False,https://www.instagram.com/p/BQwDX0tjvGD/,Women's Learning Program Schedule
17872534915046893,2017-02-20,IMAGE,N/A (not video),False,https://www.instagram.com/p/BQt32EFjpZl/,SCA Women's Learning Program Schedule Alert
17849515966190374,2017-02-19,IMAGE,N/A (not video),False,https://www.instagram.com/p/BQrD8fqDT0u/,Attendance of SCA Women's Learning Program has been growing and growing! Check out some pics from some classes given last week
17861878987102606,2017-02-17,IMAGE,N/A (not video),False,https://www.instagram.com/p/BQnRJ1-j8Y0/,Women's 2017 Learning Program: Mrs. Vivien Hidary Shabbats Minha Time  Beth Torah @btorah
17850065581151256,2017-02-16,IMAGE,N/A (not video),False,https://www.instagram.com/p/BQlTwfyDJMO/,"Close to 1 million Jews left their home countries in the Middle East and North Africa as their communities disbanded in the last century. How did this affect us personally and globally? Artists present their takes in this new show, traveling soon with your help to the @JerusalemBiennale . Find out more and support this effort at www.scaupdates.org/homelands #JIMENA #art #Artshow #middleeastern #sephardic #Jewishart"
17863467493073621,2017-02-15,IMAGE,N/A (not video),False,https://www.instagram.com/p/BQieQJuFK8X/,Rabbi Sion Setton @ssetton  Wednesdays  6:30-7:30 NYU Bronfman Center @bronfmancenter Dinner by Mocha Burger @mochaburgernyc
17872256542048155,2017-02-14,IMAGE,N/A (not video),False,https://www.instagram.com/p/BQfjWAzlXrS/,"Women's 2017 Learning Program: Mrs. Frieda Cattan (@frieda_cattan ) Tuesdays in February  11:15am-12:15pm Mikdash Eliyahu, 400 Ave U"
17851301335133131,2017-02-13,IMAGE,N/A (not video),False,https://www.instagram.com/p/BQdzJv0Fa8k/,#TeachNYS
17848947880189595,2017-02-12,IMAGE,N/A (not video),False,https://www.instagram.com/p/BQbHrQVF21l/,Some pictures that highlight week 1 of our new WINTER-SPRING WOMEN'S LEARNING PROGRAM. Join us tomorrow for: MRS. VIVIEN HIDARY @11:00 MRS. MARGRET BENHAMU @12:45 RABBI AVI HARARI @8:00
17849076457175649,2017-02-11,IMAGE,N/A (not video),False,https://www.instagram.com/p/BQY84S5FITm/,"One year arayat for MEYER ""MICKEY"" KAIREY will be TOMORROW at Magen David 67th Street"
17861226247103364,2017-02-10,IMAGE,N/A (not video),False,https://www.instagram.com/p/BQWAb3clclz/,Women's 2017 Learning Schedule: Shabbat
17859215581095170,2017-02-09,IMAGE,N/A (not video),False,https://www.instagram.com/p/BQTvG3gFrkJ/,Qol Ha-Qahal Issue 44: Tu Bishbat Shabbat Shira Issue is now available online at SCAupdates.org
17872322776007425,2017-02-09,IMAGE,N/A (not video),False,https://www.instagram.com/p/BQTU1QuleZM/,This new show is partnering with the SCA to bring the stories of Jews from Muslim lands to a large international show in Jerusalem ( @jerusalembiennale ) this October. Find out more and support some of our community’s artists at www.scaupdates.org/homelands #JIMENA #Jewish #art #Artshow #middleeastern #sephardic #Jewishart
17871513154030398,2017-02-08,IMAGE,N/A (not video),False,https://www.instagram.com/p/BQQXMeWl6Td/,Women's 2017 Learning Schedule: Wednesdays
17865269104067991,2017-02-07,IMAGE,N/A (not video),False,https://www.instagram.com/p/BQNvVcyFuri/,Women's 2017 Learning Schedule: Tuesdays
17848476631190777,2017-02-06,IMAGE,N/A (not video),False,https://www.instagram.com/p/BQLIygtlC1O/,Women's 2017 Learning Schedule: Mondays
17870913676037246,2017-02-05,IMAGE,N/A (not video),False,https://www.instagram.com/p/BQIzu1Ol3X5/,We hope you have enjoyed winter break... Spring semester begins tomorrow!
17847326014172733,2017-01-19,IMAGE,N/A (not video),False,https://www.instagram.com/p/BPc74azlopT/,"All pictures from Saturday night's Dennis Ross Lecture and Q & A are now available on the homepage of our website, SCAupdates.org"
17869679719045246,2017-01-18,VIDEO,NOT_FETCHED,False,https://www.instagram.com/p/BPbCodhFqDg/,"Footage from Saturday night's Dennis Ross Lecture and Q & A is now available on the homepage of our website, SCAupdates.org"
17847214834192784,2017-01-17,IMAGE,N/A (not video),False,https://www.instagram.com/p/BPYNVAMFD79/,"Join @safra_synagogue_nyc of NYC and Zionist Organization of America: New York this THURSDAY January 19th!  Recognized as a primary authority of legal and diplomatic issues related to Israel-Arab conflict, Professor Eugene Kontorovich will be discussing the issues of Jewish Towns and International Law in Israel.  6:00pm Patron Reception: $36 Wine & Hors D’oeuvres 7:00pm Lecture: $10  To register visit: tinyurl.comKontorovich"
17868883993012092,2017-01-16,IMAGE,N/A (not video),False,https://www.instagram.com/p/BPU9jRDl-3W/,"Our women's learning program will resume on February 6th with an updated schedule of even more classes! To check it out, visit SCAupdates.org"
17869586959004163,2017-01-15,IMAGE,N/A (not video),False,https://www.instagram.com/p/BPTb5kjFLxN/,"Last night, before Dennis Ross addressed over 300 community members, participants of The Sabra Institute got an exclusive meeting with him."
17847102127173719,2017-01-15,IMAGE,N/A (not video),False,https://www.instagram.com/p/BPSSbBAlApD/,Qol Ha-Qahal Issue 43: Shemot-Va'era Winter Vacation Issue is now available online at SCAupdates.org
17847041689192107,2017-01-13,IMAGE,N/A (not video),False,https://www.instagram.com/p/BPNNNpyl-5j/,"Final reminder for tomorrow night's event! In conjunction with @btorah and The Sabra Institute, Rep Dennis Ross will be coming in for a lecture and Q&A!"
17860656010074636,2017-01-12,IMAGE,N/A (not video),False,https://www.instagram.com/p/BPLtov8FuDA/,Women's Learning Program resumes February 6th with a new schedule!
17848636429134846,2017-01-09,IMAGE,N/A (not video),False,https://www.instagram.com/p/BPD1NzEldGc/,Women's 2016 Learning Program: Rabbi Naftali Besser  Wednesdays 10:30AM-11:45AM Beth Torah @btorah
17873307757009221,2017-01-08,IMAGE,N/A (not video),False,https://www.instagram.com/p/BPBEjhLlbgz/,SCA Women's Learning Program Schedule Alert
17862679336071600,2017-01-05,IMAGE,N/A (not video),False,https://www.instagram.com/p/BO5PsKLF_HQ/,Sign up for a young professionals Shabbat Dinner @safra_synagogue_nyc next weekend by visiting EJSNY.org/AsianFusion
17869040845021294,2017-01-04,IMAGE,N/A (not video),False,https://www.instagram.com/p/BO2mR8qF9jU/,Dennis Ross Lecture and Q&A on January 14th @btorah ! Save the date!
17868192820019771,2017-01-04,IMAGE,N/A (not video),False,https://www.instagram.com/p/BO2Y2PQFbkn/,Thank you to all who participated in our trip yesterday to the @METmuseum Jerusalem exhibit. A special thank you is on order to our tour guide Prof. Aaron Koller and to Mrs. @MollieHab for organizing!
17867553787033523,2017-01-03,IMAGE,N/A (not video),False,https://www.instagram.com/p/BO0JQ-oFZO_/,Please donate some blood Tuesday January 10th @safra_synagogue_nyc
17869996024063370,2017-01-03,IMAGE,N/A (not video),False,https://www.instagram.com/p/BOzMt0dFYvk/,SCA Women's Learning Program Schedule Alert
17868936439033113,2017-01-02,IMAGE,N/A (not video),False,https://www.instagram.com/p/BOxiWGvFF7W/,"Women's Learning Program: Mrs. Vicky Harari Tuesdays 12:15pm-1:15pm Mikdash Eliyahu, 400 Ave U"
17868318520017172,2017-01-01,IMAGE,N/A (not video),False,https://www.instagram.com/p/BOvOaQMl0BF/,"Please note classes for this semester will end Thursday January 12, 2017 and will resume after winter vacation.  Also- Mrs. Vivien Hidary will not be giving her class tomorrow and Mrs. Frieda Cattan's class is canceled on Tuesday due to our trip to the MET Museum. All other classes this week remain as listed above"
17846391595150978,2016-12-31,VIDEO,NOT_FETCHED,False,https://www.instagram.com/p/BOs0gF_l3K7/,Some highlights of 2016
17857376023127133,2016-12-29,IMAGE,N/A (not video),False,https://www.instagram.com/p/BOnDBGzFwNX/,Join us this Tuesday on a very special trip to the @metropolitanmuseum ... This Jerusalem exhibit will be closing in less than 2 weeks. All attendees must RSVP by visiting SCAupdates.org before Shabbat. We urge you to sign up ASAP as the trip is EXTREMELY LIMITED and almost half of our tickets are already sold!
17845544383148157,2016-12-29,IMAGE,N/A (not video),False,https://www.instagram.com/p/BOlV8eLlaoq/,Only a few days left to apply! @ilead_sca
17857850869116591,2016-12-28,IMAGE,N/A (not video),False,https://www.instagram.com/p/BOklR1Plb6p/,"Partnering with @sbh_updates , we are very excited to announce that @djcohen7 and @cherisrour will be discussing inspiration and faith, moderated by @haroldshamah . January 9th at 8pm at @westdealshul Women, men and teens welcome. Save the date! #teamdeej #becauseican #becausewecan"
17857648069118691,2016-12-27,IMAGE,N/A (not video),False,https://www.instagram.com/p/BOhwsP0ltp4/,"Women's 2016 Learning Program: Mr. Ronnie Benun Tuesdays 1:30PM-2:30PM Mikdash Eliyahu, 400 Ave U"
17880530194048102,2016-12-26,IMAGE,N/A (not video),False,https://www.instagram.com/p/BOfnQSXFK5X/,"SCA Women's 2016 Learning Program SPECIAL HANUKKAH SERIES CONCLUDES tomorrow @ 12:30 at Mikdash Eliyahu, 400 Ave U, with Mrs. Annie Savdie!"
17867543992009163,2016-12-25,IMAGE,N/A (not video),False,https://www.instagram.com/p/BOc_k5oluCb/,Qol Ha-Qahal Issue 42: Hanukkah 5777 is now available online at SCAupdates.org
17845818604173448,2016-12-21,IMAGE,N/A (not video),False,https://www.instagram.com/p/BOS-zJKFXtp/,Women's 2016 Learning Program: Mrs. Margaret Benhamu @marbenhamu Thursdays 1:00pm-2:00pm Beth Torah @btorah
17867144482036820,2016-12-21,IMAGE,N/A (not video),False,https://www.instagram.com/p/BOSG-CKlxvY/,Rabbi Sion Setton @ssetton  Wednesdays  6:30-7:30 NYU Bronfman Center @bronfmancenter Dinner by Mocha Burger @mochaburgernyc
17868256399051027,2016-12-20,IMAGE,N/A (not video),False,https://www.instagram.com/p/BOP1DTIFK-R/,Applications close in less than 2 weeks! @ilead_sca
17845700383189235,2016-12-19,IMAGE,N/A (not video),False,https://www.instagram.com/p/BONvXoaloJX/,"SCA Women's 2016 Learning Program SPECIAL HANUKKAH SERIES Continues tomorrow @ 12:30 at Mikdash Eliyahu, 400 Ave U, with Rabbi Richard Tobias!"
17868272524045522,2016-12-19,IMAGE,N/A (not video),False,https://www.instagram.com/p/BOM_raxFM_Y/,"Come hear Mr. Yossi Apter speak about his heroic son Noam Apter Thursday December 22nd, 2016 Avenue N Jewish Center  321 Ave N Brooklyn  8:30pm  For more details call David: 301-675-1299"
17845699528158428,2016-12-19,IMAGE,N/A (not video),False,https://www.instagram.com/p/BOLmoz2FFOd/,SCA Women's Learning Program Schedule Alert
17845434889189329,2016-12-13,IMAGE,N/A (not video),False,https://www.instagram.com/p/BN-LbCxFwNX/,"Women's 2016 Learning Program: Rabbi Raymond Harari Wednesdays 1:00PM-2:00PM Mikdash Eliyahu, 400 Ave U"
17868047371032401,2016-12-12,IMAGE,N/A (not video),False,https://www.instagram.com/p/BN7igR4FuCe/,"SCA Women's 2016 Learning Program SPECIAL HANUKKAH SERIES Begins tomorrow @ 12:30 at Mikdash Eliyahu, 400 Ave U with Esther Hidary! @eshid"
17886702031027372,2016-12-11,IMAGE,N/A (not video),False,https://www.instagram.com/p/BN4S7zbFCDL/,"Many community magazines and newsletters recently wrote articles about our amazing Rabbi Sack and Rabbi Dweck panel last month. Visit SCAupdates.org “press release” section to read articles from @imageusa magazine, The Phoenix (a publication of @YOFHS) and The Flame (a publication of @welovemdyhs)"
17845825399143610,2016-12-09,IMAGE,N/A (not video),False,https://www.instagram.com/p/BNzHh4ylgz6/,@safra_synagogue_nyc
17845241893147829,2016-12-08,IMAGE,N/A (not video),False,https://www.instagram.com/p/BNxRBVXl_vj/,Last chance to sign up for our Young Professionals Friday Night Dinner tomorrow night! To sign up visit SCAdinner.eventbrite.com
17845230775165943,2016-12-08,IMAGE,N/A (not video),False,https://www.instagram.com/p/BNxJqNWFQFG/,"SCA Women's 2016 Learning Program SPECIAL HANUKKAH SERIES Tuesdays @ 12:30 at Mikdash Eliyahu, 400 Ave U"
17866363822001112,2016-12-07,IMAGE,N/A (not video),False,https://www.instagram.com/p/BNuET2FFHi5/,Come hear @cherisrour and @djcohen7 tell their stories tonight @btorah #becauseican #teamdeej
17845150102185225,2016-12-06,IMAGE,N/A (not video),False,https://www.instagram.com/p/BNriJ3fFqK0/,This Thursday night come hear Michael Oren @btorah !
17866426009029085,2016-12-06,IMAGE,N/A (not video),False,https://www.instagram.com/p/BNrU9OXFubX/,Build Yourself. Build Your Nation. Experience Israel. Get College Credits. ILEAD 2017 @ilead_sca
17866258753029728,2016-12-06,IMAGE,N/A (not video),False,https://www.instagram.com/p/BNp99nwF3vX/,"Women's 2016 Learning Program: Mrs. Frieda Cattan (@frieda_cattan ) Tuesdays 11:15am-12:15pm Mikdash Eliyahu, 400 Ave U"
17867271931012093,2016-12-04,IMAGE,N/A (not video),False,https://www.instagram.com/p/BNm_gLkFjDK/,It's never too late to join our women's learning program!
17860268053068366,2016-12-02,IMAGE,N/A (not video),False,https://www.instagram.com/p/BNha3_FFNlb/,Tomorrow night @hayil_minyan will be hosting a showing of @sephardicheritagemuseum film episode 2 FOR FREE. Doors open @6:30 and start time will be @7:00PM sharp!
17844916102171404,2016-11-30,IMAGE,N/A (not video),False,https://www.instagram.com/p/BNcBDXKlciL/,Women's 2016 Learning Program: Wednesdays
17856082459100287,2016-11-29,IMAGE,N/A (not video),False,https://www.instagram.com/p/BNaGipZFZL_/,Build Yourself. Build Your Nation. Experience Israel. Get College Credits. ILEAD 2017 @ilead_sca
17844846397179186,2016-11-29,IMAGE,N/A (not video),False,https://www.instagram.com/p/BNZhTyBlkla/,Tomorrow is the last day to get a discount when signing up for our young professionals dinner and panel. For more information visit SCAdinner.eventbrite.com
17866070698024663,2016-11-29,IMAGE,N/A (not video),False,https://www.instagram.com/p/BNYDw9NFRad/,"Women's 2016 Learning Program: Mrs. Vicky Harari Tuesdays 12:15pm-1:15pm Mikdash Eliyahu, 400 Ave U"
17856054388117693,2016-11-28,IMAGE,N/A (not video),False,https://www.instagram.com/p/BNXVvpXlu0R/,It’s time the Sephardic Community eliminate this avoidable problem of Agunot. For more information visit SCAupdates.org
17845187281136731,2016-11-27,IMAGE,N/A (not video),False,https://www.instagram.com/p/BNVLzLklTxV/,"Women's 2016 Learning Program: Mrs. Vivien Hidary Mondays 11:00am-12:30pm Mikdash Eliyahu, 400 Ave U"
17855384380080836,2016-11-24,IMAGE,N/A (not video),False,https://www.instagram.com/p/BNM57n9lUQ-/,Save the date! @cherisrour @djcohen7 @btorah #becauseican #teamdeej
17865594430004737,2016-11-24,IMAGE,N/A (not video),False,https://www.instagram.com/p/BNLGAwllgFc/,Qol Ha-Qahal Issue 41: Thanksgiving is now available online at SCAupdates.org
17859793240065841,2016-11-23,IMAGE,N/A (not video),False,https://www.instagram.com/p/BNKRE-EFgft/,"The @jewishvoice wrote an awesome article about last week's event titled ""At SCA Event, Rabbis Ponder Judaism’s Future For A Millennial Audience"" check out the full article by visiting SCAupdates.org"
17844642163192576,2016-11-23,VIDEO,NOT_FETCHED,False,https://www.instagram.com/p/BNIeinElfqK/,"Footage from last week's panel with @rabbisacks and Rabbi Joseph Dweck is now available on the homepage of our website, SCAupdates.org"
17855404339122731,2016-11-21,IMAGE,N/A (not video),False,https://www.instagram.com/p/BNFq6OZFuPM/,Join us for a special class with Mrs. Annie Savdie tomorrow!
17866245841047113,2016-11-21,IMAGE,N/A (not video),False,https://www.instagram.com/p/BNFLYhBllgU/,Sign up for this awesome young professionals dinner and panel! Early bird discount is offered until December 1st... RSVP at SCAdinner.eventbrite.com
17857157389077506,2016-11-21,IMAGE,N/A (not video),False,https://www.instagram.com/p/BNEo-tol2iZ/,SCA Women's Learning Program Schedule Alert
17865897838030659,2016-11-20,IMAGE,N/A (not video),False,https://www.instagram.com/p/BNDDO_zFYv0/,"Focus on the Facts: Recognizing and Responding to Media Bias Against Israel  Learn how CAMERA identifies and counter anti-Israel bias in the media and how you can too!  Tomorrow, Monday November 21, 2016 at 7pm  FREE w/ PRE-REGISTRATION  http://camerasafra.eventbrite.com  @safra_synagogue_nyc"
17844483688171554,2016-11-18,IMAGE,N/A (not video),False,https://www.instagram.com/p/BM9TkvwFZua/,Save the date! @hayil_minyan @sephardicheritagemuseum
17844630856143832,2016-11-17,IMAGE,N/A (not video),False,https://www.instagram.com/p/BM6uSQ-FhCc/,The monopoly on human rights @safra_synagogue_nyc
17855422117107107,2016-11-16,IMAGE,N/A (not video),False,https://www.instagram.com/p/BM4wHWDlDCM/,"Last night we were privileged to hear from two inspiring rabbis, @RabbiSacks and Rabbi Joseph Dweck. They addressed issues that the audience, mainly young adults, cared about, as they were sending in live questions to our moderator, Denise Zami. Thank you to those who work hard to make this event happen and to all those who attended! All pictures from the event are now on our Facebook page"
17861889313065437,2016-11-16,IMAGE,N/A (not video),False,https://www.instagram.com/p/BM4Z3nSlMjb/,What a night! More pictures to follow later today...
17856844057077615,2016-11-16,VIDEO,NOT_FETCHED,False,https://www.instagram.com/p/BM2iYX7l986/,Our panel is underway! Hundreds of young adults fill the room to hear @RabbiSacks and Rabbi Joseph Dweck.
17855318500118258,2016-11-15,IMAGE,N/A (not video),False,https://www.instagram.com/p/BM1Z8t0l-Eu/,"Please note that we will not be accepting walk ins for tonights event. There is only room for those who have  reserved their seat in advanced. To those who have an RSVP: The panel portion of the night is scheduled for 7:00pm, so please plan ahead and arrive no later than 6:45 taking into account parking, possible transit delays due to weather conditions, security and finding your seat."
17856825316073337,2016-11-15,IMAGE,N/A (not video),False,https://www.instagram.com/p/BMz7MEpFASj/,SCA Women's Learning Program Schedule Alert
17844506875140130,2016-11-14,IMAGE,N/A (not video),False,https://www.instagram.com/p/BMzO_USFzrG/,Women's 2016 Learning Program: Rabbi Avi Harari Mondays  8:00pm-9:00pm Shaare Shalom
17854321324088849,2016-11-13,IMAGE,N/A (not video),False,https://www.instagram.com/p/BMw4AUMli1c/,SCA Women's Program Schedule Alert
17865559093052718,2016-11-11,IMAGE,N/A (not video),False,https://www.instagram.com/p/BMrchhwlD6P/,"TONIGHT @7:30PM ""Beyond the Limit"" with Mrs. Esther Hidary at the home of Eddie, Nina & Daniel Esses (446 Quentin Road) Don't miss it! Open to all ages 17+, not just ILEAD graduates!"
17865749941042819,2016-11-09,IMAGE,N/A (not video),False,https://www.instagram.com/p/BMlyWQNliP_/,Women's 2016 Learning Program: Rabbi Naftali Besser  Wednesdays 10:30AM-11:45AM Beth Torah @btorah
17866016497060513,2016-11-09,IMAGE,N/A (not video),False,https://www.instagram.com/p/BMkw3Tdldh3/,"Rabbi Raymond Harari's class will resume NEXT Wednesday, November 16th"
17855128807108723,2016-11-08,IMAGE,N/A (not video),False,https://www.instagram.com/p/BMj6R4MFx5f/,Only 1 week away! Don't miss out on this special opportunity to hear from @rabbisacks and Rabbi Joseph Dweck who will be addressing our young adults at the Museum of Jewish Heritage. RSVP for free at SCApanel.eventbrite.com
17844121810175822,2016-11-08,IMAGE,N/A (not video),False,https://www.instagram.com/p/BMjnCsDFQEk/,Women's 2016 Learning Program: Rabbi Moses Haber Tuesdays  7:00pm-8:00pm Bnei Yitzhak
17844114781171699,2016-11-07,IMAGE,N/A (not video),False,https://www.instagram.com/p/BMhrcDHF0kk/,Our women's program continues to inspire many to attend. Thanks for posting @our_shuls
17855235766106363,2016-11-07,IMAGE,N/A (not video),False,https://www.instagram.com/p/BMg_mWPlUyV/,Women's 2016 Learning Program: Rabbi Ricky Hidary @rhidary  Mondays 12:45pm-1:45pm Mikdash Eliyahu
17844010591171295,2016-11-05,IMAGE,N/A (not video),False,https://www.instagram.com/p/BMcjh5qFTV1/,"Some pictures of week 1 of our Fall Women’s Learning Program! To see the full schedule of all classes offered, visit SCAupdates.org"
17843971666175483,2016-11-04,IMAGE,N/A (not video),False,https://www.instagram.com/p/BMZP27SFEZ2/,"NEXT FRIDAY NIGHT @7:30PM ""Beyond the Limit"" with Mrs. Esther Hidary at the home of Eddie, Nina & Daniel Esses (446 Quentin Road) Don't miss it! Open to all ages 17+, not just ILEAD graduates!"
17864967685030519,2016-11-03,IMAGE,N/A (not video),False,https://www.instagram.com/p/BMWpa9alclF/,Women's 2016 Learning Program: Mrs. Margaret Benhamu @marbenhamu Thursdays 1:00pm-2:00pm Beth Torah @btorah
17864815354008328,2016-11-02,IMAGE,N/A (not video),False,https://www.instagram.com/p/BMUCInxlBKs/,"With over 80% of our seats filled and 300+ sign ups, it's imperative that you reserve your seat before it's too late! To find out more about this event and RSVP, visit: SCApanel.eventbrite.com"
17864753755037651,2016-11-02,IMAGE,N/A (not video),False,https://www.instagram.com/p/BMT42nMlfbH/,Women's 2016 Learning Program: Mrs. Emily Labaton Wednesdays 12:00pm-1:00pm Beth Torah
17843854498193167,2016-10-31,IMAGE,N/A (not video),False,https://www.instagram.com/p/BMPq8nxl2IQ/,"To kick off a new season of learning, we had an amazing day with Mrs. Vivien Hidary and Rabbi Ricky Hidary. Rabbi Avi Harari will be teaching his weekly 8:00-9:00 class at Shaare Shalom (2021 Ave S) tonight as well. To see the complete SCA Women’s Learning Schedule, visit SCAupdates.org"
17865046051012792,2016-10-30,IMAGE,N/A (not video),False,https://www.instagram.com/p/BMM0mlUFFZw/,"SCA Women's Learning Program, under the leadership of Mrs. Mollie Haber, begins TOMORROW! To download a bigger and cleared version of the schedule above, visit SCAupdates.org"
17853702235082043,2016-10-28,IMAGE,N/A (not video),False,https://www.instagram.com/p/BMHlwDgFCgJ/,"The SCA cordially invites young adults, ages 18-30, to an intellectually stimulating and important discussion with @RabbiSacks and Rabbi Joseph Dweck as they address approaches to faith in future. The event will be held on Tuesday, November 15th at 7:00 pm at the Museum of Jewish Heritage in Manhattan. Entrance is free with advance registration and will be $18 at the door. Sign up with link in bio. Hors d'oeuvres & refreshments will be served."
17853100177083630,2016-10-14,IMAGE,N/A (not video),False,https://www.instagram.com/p/BLixqcYlB2M/,Qol Ha-Qahal Issue 40: Sukkot is now available online at SCAupdates.org
17854974169079055,2016-10-13,IMAGE,N/A (not video),False,https://www.instagram.com/p/BLgW4YUlb1H/,"SCA Scholar in Residence Program Presents: @rabbisacks  November 15th, 2016 Stay tuned for more details..."
17842968721186719,2016-10-05,IMAGE,N/A (not video),False,https://www.instagram.com/p/BLMmBzDFAMh/,"SCA Women's Learning Program, under the leadership of Mrs. Mollie Haber, begins October 31st! To download a bigger and cleared version of the schedule above, visit SCAupdates.org"
17862904555002679,2016-10-02,IMAGE,N/A (not video),False,https://www.instagram.com/p/BLERn6jBiBh/,May we have many more successful summers (and years) full of learning like we have provided for the community in the past. Tizku LeShanim Rabot!
17842799278159877,2016-09-29,IMAGE,N/A (not video),False,https://www.instagram.com/p/BK8MBChBIpI/,Qol Ha-Qahal Issue 39: Rosh Hashanah / Yom Kippur is now available online at SCAupdates.org
17842686763189400,2016-09-28,IMAGE,N/A (not video),False,https://www.instagram.com/p/BK57upZhlel/,Join Sephardic Synagogue this Shabbat as their HAYIL (college and young professional) Minyan hosts community hero SERGEANT JOE BENUN. Minyan begins at 9:15 followed by a breakfast and discussion with Seargant Benun
17862991630041422,2016-09-25,IMAGE,N/A (not video),False,https://www.instagram.com/p/BKyfzWihWvB/,Midreshet Eshel Women's Intercession Program!
17862081691041838,2016-09-20,IMAGE,N/A (not video),False,https://www.instagram.com/p/BKlEr0HhBiK/,The @btorah conference continues! For a list of all classes bring offered this week see link in bio
17842120942156780,2016-09-06,IMAGE,N/A (not video),False,https://www.instagram.com/p/BKBIvwhBRT_/,"SCA Scholar in Residence Program Presents: RABBI LORD JOHNATHAN SACKS @rabbisacks  November 15th, 2016 Stay tuned for more details..."
17842039702158787,2016-09-02,IMAGE,N/A (not video),False,https://www.instagram.com/p/BJ3DluVBg4x/,Shabbat Shalom!
17852658808076726,2016-08-26,IMAGE,N/A (not video),False,https://www.instagram.com/p/BJlCT6Dh5o4/,Join us this Shabbat as we wish a farewell to Rabbi Joseph Dweck!
17862220852018748,2016-08-26,IMAGE,N/A (not video),False,https://www.instagram.com/p/BJksSIshbgp/,Shabbat Shalom!
17860732225028253,2016-08-23,VIDEO,NOT_FETCHED,False,https://www.instagram.com/p/BJddQC3B3sq/,"The SCA Today.  To watch entire video, visit the about page on SCAupdates.org"
17851374391109362,2016-08-22,VIDEO,NOT_FETCHED,False,https://www.instagram.com/p/BJbWBXLBMpp/,All classes are now available online so that you can watch and listen to the meaningful ideas shared at our Tish'a be'ab program last Sunday. Classes can be found by visiting SCAupdates.org
17862553891035374,2016-08-19,IMAGE,N/A (not video),False,https://www.instagram.com/p/BJTeY4Chr36/,Shabbat Shalom!
17861599726056309,2016-08-17,VIDEO,NOT_FETCHED,False,https://www.instagram.com/p/BJOo_jxhesl/,"A much deserved standing ovation for Mrs. Emily Labaton before she spoke about her husband this past Sunday at our Tish’a Be’ab Day of Learning in memory of Rabbi Dr. Ezra Labaton zt”l. To listen to her speech, visit SCAupdates.org"
17859675496001207,2016-08-15,VIDEO,NOT_FETCHED,False,https://www.instagram.com/p/BJIfJLQBZMr/,The Tish'a Be'ab video address from @RabbiSacks to the SCA that was shown yesterday is now released online. To watch the 12 minute clip visit SCAupdates.org
17860721020053311,2016-08-15,IMAGE,N/A (not video),False,https://www.instagram.com/p/BJIOfzxhIwT/,What a day. Thanks to all who made it possible.
17850842374100450,2016-08-14,VIDEO,NOT_FETCHED,False,https://www.instagram.com/p/BJGzbvRBfnT/,"Aerial view of parking today at the JCC during our Rabbi Dr. Ezra Labaton A""H Tribute"
17860281307049048,2016-08-14,IMAGE,N/A (not video),False,https://www.instagram.com/p/BJGevsoh2Xg/,Charles Anteby and @djcohen7 inspiring hundreds of young adults. @sbh_youth
17850560983083160,2016-08-14,VIDEO,NOT_FETCHED,False,https://www.instagram.com/p/BJGQbmnBl_3/,So many community members showed up today that we couldn't fit in the auditorium. Lobby streaming filling up quickly....
17860667758032549,2016-08-14,IMAGE,N/A (not video),False,https://www.instagram.com/p/BJGPvckhqVv/,Rabbi Sacks addressing the SCA
17850544747090998,2016-08-14,IMAGE,N/A (not video),False,https://www.instagram.com/p/BJEnRDrhex1/,Rabbi Joey Dweck leading a discussion following a Twilight Zone episode here at the JCC. Prayers and classes will take place all day tomorrow. Schedule can be found at SCAupdates.org
17850513748095046,2016-08-12,IMAGE,N/A (not video),False,https://www.instagram.com/p/BJBfyNUhcxr/,Shabbat shalom!
17850435475084962,2016-08-11,IMAGE,N/A (not video),False,https://www.instagram.com/p/BI-QITQhVy0/,Qol Ha-Qahal Issue 38: 9th of Ab is now available online at SCAupdates.org
17851579810073453,2016-08-11,IMAGE,N/A (not video),False,https://www.instagram.com/p/BI99mSwh-WO/,Young Adult Summer 2016 Lecture Series: Join us tonight as we hear from Rabbi Joseph Dweck at the Cattans!
17850730462101861,2016-08-10,IMAGE,N/A (not video),False,https://www.instagram.com/p/BI8BzAoh6EF/,"FOR ENLARGED VERSION OF OUR ANNUAL TISH'A BE'AB DAY OF LEARNING AT THE JCC, VISIT SCAUPDATES.ORG"
17862792199058905,2016-08-09,IMAGE,N/A (not video),False,https://www.instagram.com/p/BI6CLjLB-3X/,Join thousands of community members at our annual Tish'a Be'ab Day of Learning at the JCC. Schedule will be released tomorrow
17860980238026721,2016-08-05,VIDEO,NOT_FETCHED,False,https://www.instagram.com/p/BIuzX8rhIJJ/,"For complete audio of last night's class, check it out on our website!"
17850094246125887,2016-08-05,IMAGE,N/A (not video),False,https://www.instagram.com/p/BIuuRWpBpyS/,Shabbat Shalom!
17850359806111493,2016-08-04,IMAGE,N/A (not video),False,https://www.instagram.com/p/BIr2F4hBYrm/,Young Adult Summer 2016 Lecture Series: Join us tonight as we hear from Rabbi Joseph Dweck at the Ashkenazies!
17859526681020770,2016-08-03,IMAGE,N/A (not video),False,https://www.instagram.com/p/BIqWbk5Bc3j/,Rabbi Richard Tobias Wednesdays 7:00pm-8:00pm
17850101329093669,2016-08-03,IMAGE,N/A (not video),False,https://www.instagram.com/p/BIqOvjGh4w2/,Rabbi Avi Harari  Tuesdays & Wednesdays 9:00pm-10:00pm
17850305947125342,2016-08-03,IMAGE,N/A (not video),False,https://www.instagram.com/p/BIpPh-yh8jO/,Rabbi Nathan Dweck Wednesdays  6:15pm-7:15pm
17853024211065671,2016-08-02,IMAGE,N/A (not video),False,https://www.instagram.com/p/BInuAUshDcv/,"Rooftop, Sunset & Cocktails. Ages 21+. RSVP by visiting ujafedny.org/event/view/young-sephardic-adults-summer-after-hours/"
17859701707030564,2016-08-02,IMAGE,N/A (not video),False,https://www.instagram.com/p/BInRTr-hvJO/,Rabbi Avi Harari  Tuesdays  7:00pm-8:00pm
17859133141031189,2016-08-02,IMAGE,N/A (not video),False,https://www.instagram.com/p/BIm02deBthV/,Rabbi Naftali Besser  Tuesdays  12:15pm-1:15m
17853518173070957,2016-08-01,IMAGE,N/A (not video),False,https://www.instagram.com/p/BIlI7K0heuI/,Rabbi Ikey Tawil Monday-Wednesday 9:00pm-10:00pm
17859375382030935,2016-08-01,IMAGE,N/A (not video),False,https://www.instagram.com/p/BIkQvG3BvK3/,Rabbi Charles Safdieh Mondays & Wednesdays  6:15pm-7:15pm
17860023004057729,2016-07-31,IMAGE,N/A (not video),False,https://www.instagram.com/p/BIitM_Lh4ky/,Rabbi Harold Sutton Weekday Mornings 7:00am-8:00am
17850014350082037,2016-07-31,IMAGE,N/A (not video),False,https://www.instagram.com/p/BIh2kETBUqQ/,"The Middle East, Europe and America- Towards a New Equation Thursday August 4th - 6pm  Join us for an evening with Dr. Mordechai Kedar, as he explains the developments of the last generation in which the Middle East (aka Islam) spreads itself in Europe and America. @safra_synagogue_nyc"
17850838657075524,2016-07-29,IMAGE,N/A (not video),False,https://www.instagram.com/p/BIdMZLNhmQR/,Shabbat shalom!
17859355726036762,2016-07-29,VIDEO,NOT_FETCHED,False,https://www.instagram.com/p/BIciZzLBW3x/,"To watch the entire class, check out the videos tab of our website, SCAupdates.org"
17850022090114157,2016-07-29,IMAGE,N/A (not video),False,https://www.instagram.com/p/BIcfuDcBco4/,Dozens of Young Adults came together last night to hear Rabbi Joseph Dweck at our weekly Young Adult Summer 2016 Lecture Series hosted by the Shalam family. Join us next week at the Ashkenazies to hear from him again. Footage of this class will be up shortly- stay tuned!
17858741317058566,2016-07-28,IMAGE,N/A (not video),False,https://www.instagram.com/p/BIagDraBfdT/,Rabbi Harold Sutton Thursdays  9:00pm- 10:00pm
17849966077106821,2016-07-28,IMAGE,N/A (not video),False,https://www.instagram.com/p/BIZ83CNBZ6f/,Young Adult Summer 2016 Lecture Series: Join us tonight as we hear from Rabbi Joseph Dweck at the Shalams!
17849787715126639,2016-07-27,IMAGE,N/A (not video),False,https://www.instagram.com/p/BIYFZ-ABzQQ/,Rabbi Moses Haber Wednesdays  8:30pm- 10:00pm
17858329801054164,2016-07-27,IMAGE,N/A (not video),False,https://www.instagram.com/p/BIXoJevBflC/,Rabbi Richard Tobias  Mondays and Wednesdays  8:00pm- 9:00pm
17859979630001866,2016-07-27,IMAGE,N/A (not video),False,https://www.instagram.com/p/BIXaxR4BJl2/,Rabbi Joseph Dweck Wednesdays 11:00am-12:00pm
17849792515091467,2016-07-27,IMAGE,N/A (not video),False,https://www.instagram.com/p/BIXXtV-hxC9/,Packed house last night with as Rabbi Joseph Dweck gives his first class of the summer to over 60 men and women at Hathaway
17861999839020577,2016-07-26,IMAGE,N/A (not video),False,https://www.instagram.com/p/BIVvS_th1PQ/,Rabbi Harold Sutton Monday-Wednesday 9:00pm-10:00pm
17849773171080090,2016-07-26,IMAGE,N/A (not video),False,https://www.instagram.com/p/BIVQ5AQhYJH/,Rabbi Avi Harari  Tuesdays & Wednesdays 8:00pm-9:00pm
17858245393010604,2016-07-26,IMAGE,N/A (not video),False,https://www.instagram.com/p/BIVE3RkBKG1/,Rabbi Joseph Dweck  Open to Men & Women  Tuesdays 8:30pm-10:00pm
17863313821021228,2016-07-26,IMAGE,N/A (not video),False,https://www.instagram.com/p/BIUy5M1B2U7/,Rabbi Ikey Tawil Today and next Tuesday 11:00am-12:00pm
17864704768019081,2016-07-25,IMAGE,N/A (not video),False,https://www.instagram.com/p/BITBwpUh7Kp/,Bible & BBQ with Mr. Harold Shamah Mondays @8:00pm in Brooklyn
17859122092047974,2016-07-25,IMAGE,N/A (not video),False,https://www.instagram.com/p/BISf5YOhE-3/,FREE CPR CLASSES! Sign up online! @blinkcpr
17850544441072035,2016-07-25,IMAGE,N/A (not video),False,https://www.instagram.com/p/BISb2arhh4F/,Rabbi Ikey Tawil  Mondays - Wednesdays  8:00pm-9:00pm
17849710267091768,2016-07-25,IMAGE,N/A (not video),False,https://www.instagram.com/p/BISLXqYBkBa/,Mrs. Michelle Gindi Mondays 6:30pm-7:30pm 6th-8th grade girls
17849839960110839,2016-07-25,IMAGE,N/A (not video),False,https://www.instagram.com/p/BIQ-AirBSE9/,Rabbi Richard Tobias  Mondays and Wednesdays  9:00pm-10:00pm
17850580120073610,2016-07-22,IMAGE,N/A (not video),False,https://www.instagram.com/p/BILZra3BO-0/,Shabbat Shalom!
17860407103026848,2016-07-21,IMAGE,N/A (not video),False,https://www.instagram.com/p/BII7Ky9B1Q_/,Qol Ha-Qahal Issue 37: 17th of Tammuz is now available online at SCAupdates.org
17849577706092448,2016-07-20,IMAGE,N/A (not video),False,https://www.instagram.com/p/BIGcdNmjLUT/,YOUNG ADULT SUMMER 2016 LEARNING PROGRAM  Dedicated in Memory of Abe J. Hidary
17850362953075551,2016-07-20,IMAGE,N/A (not video),False,https://www.instagram.com/p/BIF-JGjDMR1/,Rabbi Avi Harari Weekday mornings  7:00am-8:00am
17858983276058636,2016-07-20,IMAGE,N/A (not video),False,https://www.instagram.com/p/BIFY0oJhA_q/,Mrs. Sara Mizrachi Wednesdays (6/29-7/20) 11:00am-12:00pm
17859055648025491,2016-07-19,IMAGE,N/A (not video),False,https://www.instagram.com/p/BIDcd79jD1R/,Mrs. Rayna Cohen Tuesdays 6:30pm-7:30pm 6th-10th grade girls
17858454055022329,2016-07-19,IMAGE,N/A (not video),False,https://www.instagram.com/p/BICxX2HBc2I/,WOMEN'S SUMMER 2016 LEARNING PROGRAM  Dedicated in Memory of Abe J. Hidary
17850306979079588,2016-07-18,IMAGE,N/A (not video),False,https://www.instagram.com/p/BIBH2OBBFRq/,Have you seen our UPDATED learning program? So many classes were added this past week! Check out all of the adjustments by downloading a CLEAR and ENLARED schedule found on SCAupdates.org
17849408143082127,2016-07-18,IMAGE,N/A (not video),False,https://www.instagram.com/p/BIA9b98h7hS/,"Monday Nights at Shaare Shalom. To listen to all classes of Rabbi Avi Harari, search ""RabbiHarari"" on SoundCloud"
17857850380012206,2016-07-18,IMAGE,N/A (not video),False,https://www.instagram.com/p/BIAJCr-BLKY/,Rabbi Ikey Tawil Mondays 7:00pm-8:00pm High school/college girls
17849472118101296,2016-07-17,IMAGE,N/A (not video),False,https://www.instagram.com/p/BH-KkZUhnfx/,BOYS/GIRLS SUMMER 2016 LEARNING PROGRAM  Dedicated in Memory of Abe J. Hidary
17858841496025644,2016-07-17,IMAGE,N/A (not video),False,https://www.instagram.com/p/BH8dRZXBMrj/,This Tuesday night @safra_synagogue_nyc
17857780444013098,2016-07-15,IMAGE,N/A (not video),False,https://www.instagram.com/p/BH5MDNiBb9V/,Shabbat Shalom!
17862304552045067,2016-07-15,IMAGE,N/A (not video),False,https://www.instagram.com/p/BH4aVtMBCBz/,We would like to thank the Bildirici family for hosting Rabbi Avi Harari last night as part of our Young Adult Summer 2016 Lecture Series!
17849237293128626,2016-07-14,IMAGE,N/A (not video),False,https://www.instagram.com/p/BH22VdqBTWg/,"The residents of the Jersey Shore are honored and privileged to welcome The Rishon Letzion, Chief Rabbi of Israel: Hacham Yitzhak Yosef Monday, July 18th at 8:30PM SHARP  Men, Women and Children are invited to join together under one roof along with all of the rabbis and hazzanim of the community!  Congregation Magen David of West Deal 395 Deal Road, Ocean"
17861956738046537,2016-07-14,IMAGE,N/A (not video),False,https://www.instagram.com/p/BH2QZkhhFlA/,Young Adult Summer 2016 Lecture Series continues! Join us tonight as we hear from Rabbi Avi Harari at the Bildiricis!
17849301412088011,2016-07-13,IMAGE,N/A (not video),False,https://www.instagram.com/p/BHzVh5qBywL/,Mrs. Esther Hidary @Eshid Wednesdays 12:15pm-1:15pm Preceded by brunch at 12:00pm
17849363032111800,2016-07-12,IMAGE,N/A (not video),False,https://www.instagram.com/p/BHwvQ3thTF6/,Rabbi Raymond Harari Today and next Tuesday 11:00am-12:00pm
17849331505124420,2016-07-11,IMAGE,N/A (not video),False,https://www.instagram.com/p/BHvQbiOBVAt/,"What a turnout! This past Thursday night, Rabbi Richard Tobias kicked off our third annual Young Adult Summer 2016 Lecture Series at the Chattah household to over 50 young adults! Next week the Bildiricis will be hosting Rabbi Avi Harari- details to follow later in the week!"
17849610511105169,2016-07-11,IMAGE,N/A (not video),False,https://www.instagram.com/p/BHuJlb_h3hV/,Mrs. Vivian Hidary Mondays  11:00am-12:00pm
17850015286078186,2016-07-08,IMAGE,N/A (not video),False,https://www.instagram.com/p/BHmbgSHhFBt/,This Shabbat at the JCC...Shabbat Shalom!
17858601031033664,2016-07-07,IMAGE,N/A (not video),False,https://www.instagram.com/p/BHj4OTbhhfD/,Young Adult Summer 2016 Lecture Series resumes today! Join us in hearing Rabbi Tobias speak at the Chattahs!
17849967331079131,2016-07-06,IMAGE,N/A (not video),False,https://www.instagram.com/p/BHhy4wXBfgI/,Mrs. Doris Cohen Wednesdays 6:30-7:30 5th-8th grade girls
17859922852055253,2016-07-01,IMAGE,N/A (not video),False,https://www.instagram.com/p/BHVY_RXhLWX/,Qol Ha-Qahal Issue 36 is now available online at SCAupdates.org
17849629216072616,2016-06-29,VIDEO,NOT_FETCHED,False,https://www.instagram.com/p/BHQI-XWB3Fm/,"Message by @jerseyshorehatzalah  Hatzalah gets calls every summer about life endangering moments from bike riding. After parties, after drinking, people think they're invincible or too old to wear a helmet or they don't want to mess up their hair. The permanent damage that can happen from not wearing a helmet is not worth it. Protect yourself. Protect your loved ones. Because you're worth it. Created by Old Farm Productions."
17848737775124155,2016-06-28,IMAGE,N/A (not video),False,https://www.instagram.com/p/BHNCf6qhpxh/,Join us Tuesday nights!
17848781719125581,2016-06-27,IMAGE,N/A (not video),False,https://www.instagram.com/p/BHKI66LBIa6/,Women's Summer 2016 Learning Program starts today!
17859425452008658,2016-06-26,IMAGE,N/A (not video),False,https://www.instagram.com/p/BHIEUirh3k_/,"SCA Women's Summer 2016 Learning Program in Memory of Abe J. Hidary A""H. First class starts tomorrow! To enlarge, download or print this flier visit SCAupdates.org"
17848673071127643,2016-06-26,IMAGE,N/A (not video),False,https://www.instagram.com/p/BHID78LhJRL/,"SCA Men's Summer 2016 Learning Program in Memory of Abe J. Hidary A""H. First class starts tomorrow night! To enlarge, download or print this flier visit SCAupdates.org"
17857648240019860,2016-06-24,IMAGE,N/A (not video),False,https://www.instagram.com/p/BHCe8tDhBub/,"The SCA is pleased to offer Shabbat Minyanim, under the leadership of Rabbi Harold Sutton, located at the JCC's Axelrod Auditorium, 100 Grant Ave.  Parasha: Behaalotekha Maqam: Sigah Scholar in Residence: Rabbi Avi Harari  Friday Night Shir Hashirim: 6:45pm Minha: 7:00pm Candle lighting: 8:12  Shabbat Morning Minyanim: First Minyan: 6:40am (starting with qorbanot) followed by qiddush, breakfast and class given by Rabbi Avi Harari High School and College Minyan: 9:15am (starting with qorbanot) wi"
17848771576103714,2016-06-24,IMAGE,N/A (not video),False,https://www.instagram.com/p/BHCeN_hB9BT/,"Shabbat Summer Speaker Schedule!For an enlarged version of the above flier, visit SCAupdates.org"
17851813033066949,2016-06-21,IMAGE,N/A (not video),False,https://www.instagram.com/p/BG67Xtgv8Ai/,SUMMER PIZMONIM CLASSES!  For more details contact Mr. Betesh (646) 772-8483
17857125868027135,2016-06-17,IMAGE,N/A (not video),False,https://www.instagram.com/p/BGxOG71P8Fi/,Shabbat shalom!
17857553950014925,2016-06-15,IMAGE,N/A (not video),False,https://www.instagram.com/p/BGr_Q6OP8C9/,Join us tomorrow night!
17857385896011316,2016-06-14,VIDEO,NOT_FETCHED,False,https://www.instagram.com/p/BGo57Zdv8Cs/,SCA Education Conference 2016: NYC Councilman David Greenfield on Challenges on College Campuses. Check out the full video at SCAupdates.org
17848194979124265,2016-06-10,IMAGE,N/A (not video),False,https://www.instagram.com/p/BGelWSDv8Ht/,Schedule of classes at Congregation Magen David of West Deal tomorrow night...Hag Sameah!
17848270396128745,2016-06-09,IMAGE,N/A (not video),False,https://www.instagram.com/p/BGcDjOaP8Oj/,Qol Ha-Qahal Issue 35: Shabuot is now available online at SCAupdates.org
17857019539051418,2016-06-08,VIDEO,NOT_FETCHED,False,https://www.instagram.com/p/BGZ6pUMP8Fc/,SCA Education Conference 2016: Rabbi Lord Johnathan Sacks on BDS movement. Check out the full video at SCAupdates.org
17848134718104096,2016-06-05,IMAGE,N/A (not video),False,https://www.instagram.com/p/BGRwSwJv8LA/,Applications are due June 7th!
17857333837063658,2016-06-05,IMAGE,N/A (not video),False,https://www.instagram.com/p/BGQUtUqP8KW/,Qol Ha-Qahal Issue 34: Yom Yerushalayim is now available online at SCAupdates.org
17857731982054544,2016-06-03,IMAGE,N/A (not video),False,https://www.instagram.com/p/BGMfaMEP8Ej/,Schedule of classes at Congregation Magen David of West Deal next Saturday night.
17847979585124614,2016-06-02,IMAGE,N/A (not video),False,https://www.instagram.com/p/BGKdhgyP8AG/,"*TONIGHT, FREE FOR COLLEGE AND YOUNG PROFESSIONALS!*"
17848665166076910,2016-05-29,IMAGE,N/A (not video),False,https://www.instagram.com/p/BF_4p3Ev8Pa/,"FREE for college and young professionals under 25! To RSVP, email David@mhidary.com"
17927494498010740,2016-05-27,IMAGE,N/A (not video),False,https://www.instagram.com/p/BF6iwyhv8Ku/,"What a night! 150 high school students from 7 different synagogues united to celebrate Lag LaOmer together. Catered by @Izzysbbq - the food was incredible! Games included Anomia, Taboo and Monopoly Deal. To top it all off David Salameh (9th grade, @WeloveMDYHS) won the raffle for an @Amazon gift card for $500.00!"
17856903628060256,2016-05-26,IMAGE,N/A (not video),False,https://www.instagram.com/p/BF4jhtcP8IR/,"Thank you to our sponsors! Don't forget, tonight at 7:30 at Kol Israel!"
17856617149004127,2016-05-26,IMAGE,N/A (not video),False,https://www.instagram.com/p/BF3uHOlP8Jo/,ALL FOR ONE LAG LAOMER BBQ TONIGHT! Come by Kol Israel at 7:30 to grab some @Izzysbbq and automatically be entered in a raffle for an @amazon gift card for $500.00!
17847723283086124,2016-05-20,IMAGE,N/A (not video),False,https://www.instagram.com/p/BFpEJFGv8Gc/,*FREE FOR COLLEGE AND YOUNG PROFESSIONALS!*
17847623797108689,2016-05-19,IMAGE,N/A (not video),False,https://www.instagram.com/p/BFlvBOSv8Bb/,"What's At Stake: The 2016 Election and the Future of America's Alliance with Israel presented by @aipac and the founding editor of the Times of Israel, David Horovitz  Thursday May 19, 2016 at 6:30pm  Please RSVP to dmitzner@aipac.org  A $50 discount to next years AIPAC Policy Conference (March 26-28, 2017) will be offered to everyone who attends that hasn't yet signed up!  Edmond J. Safra Synagogue 11 East 63rd Street | NYC"
17847621166108386,2016-05-18,IMAGE,N/A (not video),False,https://www.instagram.com/p/BFj5p1rP8BR/,"Some pictures from last week's Yom Ha'asmaut ISRAEL FEST 2016! To see all the pictures visit our Facebook page, ""Sephardic Community Alliance"""
17856112663049046,2016-05-17,IMAGE,N/A (not video),False,https://www.instagram.com/p/BFhFEyhv8J5/,"Special shoutout to our IDF hero Joe Benun, who joined us at last week's Yom Ha'asmaut Israel Fest! Keep making us proud! Check back tomorrow for the rest of the pics from Israel Fest"
17857880335031135,2016-05-16,IMAGE,N/A (not video),False,https://www.instagram.com/p/BFednJPv8Eq/,"All for one Lag LaOmer BBQ Thursday, May 26th 2016 @7:30 Kol Israel Open to all high school students...Spread the word!"
17847527437113267,2016-05-15,IMAGE,N/A (not video),False,https://www.instagram.com/p/BFcmlnLv8LG/,"""Into the Wilderness"" Hike of Mt. Tammany with Josh Brown was a blast! @ilead_sca"
17847415459103506,2016-05-13,IMAGE,N/A (not video),False,https://www.instagram.com/p/BFWeiaxP8DG/,"***THIS SUNDAY*** ILEAD experience bring you ""Into the Wilderness"" Hike Mt. Tammany with special guest Josh Brown Who: Young Adults 17+ Cost: $15 RSVP: ILEADexperience.org/hike Today is the last day to sign up"
17847396115083667,2016-05-12,IMAGE,N/A (not video),False,https://www.instagram.com/p/BFT9nfuv8CG/,"*FINAL REMINDER* *ISRAEL FEST IS TONIGHT!!!* ""Pre-Sale Price"" ends this afternoon. Tickets will be available for purchase at the door as well. See you tonight!"
17847371185080980,2016-05-11,IMAGE,N/A (not video),False,https://www.instagram.com/p/BFRJnG2v8Hy/,ISRAEL FEST IS TOMORROW!!! Sign up while you still can at SCAupdates.org!
17847320179113134,2016-05-10,IMAGE,N/A (not video),False,https://www.instagram.com/p/BFO8Ry4v8Mx/,Only 2 days away! Tickets are selling out fast! Get em while you still can at SCAupdates.org
17850058255066260,2016-05-09,IMAGE,N/A (not video),False,https://www.instagram.com/p/BFMZqAJP8LS/,This Thursday night!!! Tickets available at SCAupdates.org!
17847288175110746,2016-05-08,IMAGE,N/A (not video),False,https://www.instagram.com/p/BFJ1cObP8Hl/,Have you signed up for ISRAEL FEST yet? Visit SCAupdates.org to secure your spot before it's too late!
17855946130031186,2016-05-08,IMAGE,N/A (not video),False,https://www.instagram.com/p/BFIOe0IP8EZ/,"All for one Lag LaOmer BBQ Thursday, May 26th 2016 @7:30 Kol Israel Open to all high school students...Spread the word!"
17856056743035969,2016-05-06,IMAGE,N/A (not video),False,https://www.instagram.com/p/BFEspCMv8IH/,Qol Ha-Qahal Issue 33: Yom Ha'asmaut is now available online at SCAupdates.org  Shabbat Shalom!
17856428755012165,2016-05-06,IMAGE,N/A (not video),False,https://www.instagram.com/p/BFC-y5NP8A5/,One week from tonight! Buy tickets at SCAupdates.com
17847258697113498,2016-05-04,IMAGE,N/A (not video),False,https://www.instagram.com/p/BE_2gsiP8I5/,You won't want to miss it... RSVP at SCAupdates.org
17847198517127068,2016-05-03,IMAGE,N/A (not video),False,https://www.instagram.com/p/BE82MU6v8C1/,Sign up now at SCAupdates.org!
17846913403082517,2016-04-26,IMAGE,N/A (not video),False,https://www.instagram.com/p/BErKrbgP8Nd/,RSVP by May 1st and get a ticket for HALF PRICE... Link in bio!
17855937145004813,2016-04-21,IMAGE,N/A (not video),False,https://www.instagram.com/p/BEeWTvnP8L-/,Qol Ha-Qahal Issue 32: Pesah is now available online at SCAupdates.org
17846706811113459,2016-04-17,IMAGE,N/A (not video),False,https://www.instagram.com/p/BETx9SNP8Dj/,"ILEAD experience bring you ""Into the Wilderness"" Hike Mt. Tammany with special guest Josh Brown! When: Sunday, May 15th Who: Young Adults 17+ Cost: $15 RSVP: ILEADexperience.org/hike"
17846798104111445,2016-04-17,IMAGE,N/A (not video),False,https://www.instagram.com/p/BESDU1hv8Mo/,Great turn out this past Thursday Night at Mikdash Eliyahu hearing Professor Gerald Schroeder address the Qahal on Science & Torah
17856286174062744,2016-04-15,IMAGE,N/A (not video),False,https://www.instagram.com/p/BEOmZonP8OV/,"This Shabbat at Ahaba Ve Ahva will be our ALL FOR ONE SEBET!!! After minyan, high school minyanim from across the community will join together for lunch, dibre torah, panel discussions and games. Open to boys and girls... See you there!"
17856047758063854,2016-04-14,IMAGE,N/A (not video),False,https://www.instagram.com/p/BEMUNQFP8Gy/,***TONIGHT*** Join us in hearing Professor Gerald Schroeder on Science and Torah at Mikdash Eliyahu.  7:30 Dessert & Wine 8:00 Lecture followed by Q&A
17846625256108081,2016-04-13,IMAGE,N/A (not video),False,https://www.instagram.com/p/BEJB2rOv8Kh/,"This years @btorah Pesah Education includes Rabbi Avi Harari speaking about The Haggada and Yesiat Misrayim, tonight at 8:00PM and is open to all!"
17855986900008235,2016-04-12,IMAGE,N/A (not video),False,https://www.instagram.com/p/BEHEhpfP8Ja/,Save the date. Details to follow.
17857287829050302,2016-04-12,IMAGE,N/A (not video),False,https://www.instagram.com/p/BEFF2Cav8KK/,Applications for the Sephardic Birthright Trip is due in exactly 1 week... Sign up before it's too late! @israelfreespirit
17855483821052007,2016-04-10,IMAGE,N/A (not video),False,https://www.instagram.com/p/BEBz3IZv8G1/,"Thursday night we had a very successful bake sale to raise funds for the upcoming ""All For One"" Sebet. Thanks to hosts Albert and Jeanee Rahmey for graciously opening up their home to us, as well as all who helped make the night possible. We to see everyone this Shabbat at Ahaba Ve Ahva at 11:30am!"
17855313718013007,2016-04-10,IMAGE,N/A (not video),False,https://www.instagram.com/p/BEAFOqFP8GS/,"Join us in hearing Professor Gerald Schroeder on Science and Torah, April 14th at Mikdash Eliyahu.  7:30 Dessert & Wine 8:00 Lecture followed by Q&A"
17846603023103050,2016-04-08,IMAGE,N/A (not video),False,https://www.instagram.com/p/BD8e6x4v8Jf/,Join us this Shabbat in welcoming Rabbi Sacks! Spread the word!
17856025684044444,2016-04-07,IMAGE,N/A (not video),False,https://www.instagram.com/p/BD6IxrGP8Hk/,'All for One' Bake Sale TONIGHT 5:30-9:30. Home of Albert & Jeanee Rahmey 1312 East 7th. Speakers at 8:30 are R Tobias and R Benhamu.  Food & Chinese auction!
17855776033042884,2016-04-06,IMAGE,N/A (not video),False,https://www.instagram.com/p/BD3AUKhP8My/,"***TODAY*** Women's Learning Program  Rosh Hodesh Series  Nissan The Unsung Heroes of the Exodus: Shifrah, Puah and Pharaoh's Daughter  Rabbi Hayyim Angel Lunch: 12:30pm Class: 1:00pm @btorah"
17849416240064066,2016-04-05,IMAGE,N/A (not video),False,https://www.instagram.com/p/BD08pe-P8L3/,"Shaare Shalom Presents  Guest Speaker Series  The Passover Haggadah: Can it be changed? Tomorrow @ 8:30  Snacks and Refreshments will be served.  Cong. Shaare Shalom 2021 Ave S (Corner of east 21st) Featuring Mr. Joey Mosseri Sponsored by Elliot & Jennifer Douek,  Douek Family Foundation in memory of Minerva and Mitchel Seruya | David and Jenie Gammal"
17846646718095381,2016-04-04,IMAGE,N/A (not video),False,https://www.instagram.com/p/BDyWkf9P8Hm/,"ILEAD experience bring you ""Into the Wilderness"" Hike Mt. Tammany with special guest Josh Brown! When: Sunday, May 15th Who: Young Adults 17+ Cost: $15 RSVP: ILEADexperience.org/hike"
17855933725044192,2016-04-03,VIDEO,NOT_FETCHED,False,https://www.instagram.com/p/BDv4NZ0v8Bh/,"Last year, we had the pleasure of hearing Rabbi Sacks address hundreds of young adults in our community. Footage of the event can be found under the ""videos"" tab at SCAupdates.org. This upcoming Shabbat, Rabbi Sacks will be joining us Friday night at Bnei Yitzhak and Saturday morning at Beth Torah. For exact times and details, check out the homepage of SCAupdates.org"
17846534329086320,2016-04-03,IMAGE,N/A (not video),False,https://www.instagram.com/p/BDuAl3LP8GR/,This FREE 4 part series continues tomorrow morning at 11am!
17855431834017267,2016-04-01,IMAGE,N/A (not video),False,https://www.instagram.com/p/BDqINN5P8Aj/,"Women's Learning Program  Rosh Hodesh Series  Nissan The Unsung Heroes of the Exodus: Shifrah, Puah and Pharaoh's Daughter  Rabbi Hayyim Angel Wednesday April 6th Lunch: 12:30pm Class: 1:00pm @btorah"
17846366218094136,2016-03-31,IMAGE,N/A (not video),False,https://www.instagram.com/p/BDnut5Lv8HJ/,This Shabbat @shaare_shalom !
17854573090040793,2016-03-30,IMAGE,N/A (not video),False,https://www.instagram.com/p/BDk9VU6P8Cx/,PLEASE HELP SPREAD THE WORD ABOUT TONIGHT @Btorah
17846296756084742,2016-03-29,IMAGE,N/A (not video),False,https://www.instagram.com/p/BDjSsnnP8Gr/,Chapters in Jewish History with Rabbi Yosef Bitton tomorrow night at 8
17846222875106223,2016-03-28,IMAGE,N/A (not video),False,https://www.instagram.com/p/BDgGP-IP8AQ/,"Shaare Shalom Presents  Guest Speaker Series  The Passover Haggadah: Can it be changed? Wednesday April 6th @8:30  Snacks and Refreshments will be served.  Cong. Shaare Shalom 2021 Ave S (Corner of east 21st) Featuring Mr. Joey Mosseri Sponsored by Elliot & Jennifer Douek,  Douek Family Foundation in memory of Minerva and Mitchel Seruya | David and Jenie Gammal"
17846103394093367,2016-03-25,IMAGE,N/A (not video),False,https://www.instagram.com/p/BDYGCx-P8MG/,"****TONIGHT**** @9:15 ""Beyond the Limit"" with Rabbi Avi Harari at the home of Elliot & Victor Dweck (350 Ave O Between east 3rd and 4th) Shabbat Shalom!"
17846102491095335,2016-03-23,IMAGE,N/A (not video),False,https://www.instagram.com/p/BDT3NF4P8H4/,"Please join us in welcoming Rabbi Lord Jonathan Sacks for a Shabbat April 8-9th, 2016"
17854268629042200,2016-03-22,IMAGE,N/A (not video),False,https://www.instagram.com/p/BDQ1uBUP8AI/,Sephardic Birthright Trip Summer 2016 @israelfreespirit
17848751977066249,2016-03-21,IMAGE,N/A (not video),False,https://www.instagram.com/p/BDOZnXEP8Ml/,"All For One Sebet April 16th, 2016 Save the Date!"
17859655099014437,2016-03-20,IMAGE,N/A (not video),False,https://www.instagram.com/p/BDJ32cRv8Ag/,Starting tomorrow!
17845783153112526,2016-03-18,IMAGE,N/A (not video),False,https://www.instagram.com/p/BDGVKSzP8GZ/,"NEXT FRIDAY NIGHT @9:15 ""Beyond the Limit"" with Rabbi Avi Harari at the home of Elliot & Victor Dweck (350 Ave O Between east 3rd and 4th)"
17854755982005909,2016-03-17,IMAGE,N/A (not video),False,https://www.instagram.com/p/BDDqeimP8Id/,Qol Ha-Qahal Issue 31: Shabbat Zakhor-Purim is now available online at SCAupdates.org
17855274358044434,2016-03-16,IMAGE,N/A (not video),False,https://www.instagram.com/p/BDBOXGaP8OA/,Chapters in Jewish History with Rabbi Yosef Bitton
17845599268095308,2016-03-15,IMAGE,N/A (not video),False,https://www.instagram.com/p/BC_KivcP8GD/,"Over 50 women attended Miriam Perez event earlier today at Sephardic Synagogue!  If you missed it, she will be speaking again later tonight at Safra Synagogue of NYC at 7:00PM @safra_synagogue_nyc"
17846407147078226,2016-03-15,IMAGE,N/A (not video),False,https://www.instagram.com/p/BC-uMXTP8N7/,@sbh_gem Career Night Series: Young Professional Women  Tomorrow at 6:30  Panelists: Simone Hidary Sophia Hazan Vicki Shammah Linda Maleh Jill Gindi
17855273152047715,2016-03-15,IMAGE,N/A (not video),False,https://www.instagram.com/p/BC8_diuP8E-/,There will be TWO opportunities to hear Mrs. Miriam Peretz tomorrow  1. Sephardic Synagogue @1:00PM with Esther Hidary (@our_shuls)  2. Congregation Edmond J. Safra @7:00PM (@safra_synagogue_nyc)
17854623994055329,2016-03-14,IMAGE,N/A (not video),False,https://www.instagram.com/p/BC78Z1AP8Om/,It's never too late to start attending our Women's Learning Program!
17846236450074465,2016-03-13,IMAGE,N/A (not video),False,https://www.instagram.com/p/BC5Z5KSP8FS/,This upcoming free series of online lectures together with WebYeshiva begins next Sunday! There are 4 lectures meant for parents and children to learn together including a hands-on at home dyeing experiment.
17846148772074174,2016-03-13,IMAGE,N/A (not video),False,https://www.instagram.com/p/BC33Ge2P8A8/,Sephardic Birthright Trip Summer 2016
17854838641062307,2016-03-11,IMAGE,N/A (not video),False,https://www.instagram.com/p/BC0FBJSP8Cv/,NEXT FRIDAY NIGHT Murder at the Masquerade A Mysterious Shabbat Dinner @safra_synagogue_nyc
17845893772077227,2016-03-10,IMAGE,N/A (not video),False,https://www.instagram.com/p/BCyD45BP8OB/,"Mrs. Miriam Perez March 15th @1:00pm Sephardic Synagogue  MC: Mrs. Esther Hidary Lunch followed by a lecture, Q&A and book signing"
17854554349023398,2016-03-09,IMAGE,N/A (not video),False,https://www.instagram.com/p/BCvBJHDP8KT/,***Today*** Women's Learning Program  Rosh Hodesh Series  Purim: Manot & Matanot Are we giving or taking?  Rabbi Moshe Tessone @btorah
17853098284058963,2016-03-08,IMAGE,N/A (not video),False,https://www.instagram.com/p/BCsvoTyP8P4/,Congregation Edmond J. Safra presents: Miriam Perez  And her story of a mother and a homeland March 15th @7pm  @safra_synagogue_nyc
17845019188086631,2016-03-07,IMAGE,N/A (not video),False,https://www.instagram.com/p/BCpzWGHP8Cw/,"Save the date- Friday night, March 25th @9:15 ""Beyond the Limit"" with Rabbi Avi Harari at the home of Elliot & Victor Dweck (350 Ave O Between east 3rd and 4th)"
17854076200039407,2016-03-06,IMAGE,N/A (not video),False,https://www.instagram.com/p/BCna7pOv8P6/,@sbh_gem Career Night Series: Young Professional Women  March 16th at 6:30
17854053574004187,2016-03-04,IMAGE,N/A (not video),False,https://www.instagram.com/p/BCifA-XP8Pp/,Mrs. Miriam Peretz  March 15 at 1:00pm Sephardic Synagogue
17854006588012458,2016-03-03,IMAGE,N/A (not video),False,https://www.instagram.com/p/BCf6DSCv8It/,Last chance to sign up for tomorrow nights young couples Shabbat dinner.  BE A PART OF THE LEGACY Sign up at EJSNY.org/youngcouples
17852911099063480,2016-03-02,IMAGE,N/A (not video),False,https://www.instagram.com/p/BCc79uBv8M7/,Murder at the Masquerade A Mysterious Shabbat Dinner @safra_synagogue_nyc
17844768247092673,2016-03-01,IMAGE,N/A (not video),False,https://www.instagram.com/p/BCaVsQMv8Ni/,Next month @shaare_shalom @oursoldiersspeak
17844922915081142,2016-02-29,IMAGE,N/A (not video),False,https://www.instagram.com/p/BCYRedIv8Jd/,Women's Learning Program  Rosh Hodesh Series  Purim: Manot & Matanot Are we giving or taking?  Rabbi Moshe Tessone Wednesday March 9th @btorah
17854044514015264,2016-02-26,IMAGE,N/A (not video),False,https://www.instagram.com/p/BCQYPoYv8Is/,"Join us this Shabbat in welcoming our Scholar in Residence, Rabbi Daniel Bouskila"
17844709870093915,2016-02-25,IMAGE,N/A (not video),False,https://www.instagram.com/p/BCN80F9v8As/,Qol Ha-Qahal Issue 30: Ki Tissa is now available online at SCAupdates.org
17853547522006975,2016-02-24,IMAGE,N/A (not video),False,https://www.instagram.com/p/BCL9NQev8BD/,@sccbrooklyn
17847142387068615,2016-02-16,IMAGE,N/A (not video),False,https://www.instagram.com/p/BB25KT6P8FD/,Last weeks book club had over 30 women in attendance!
17844345628081978,2016-02-12,IMAGE,N/A (not video),False,https://www.instagram.com/p/BBsenZdP8ND/,"***TONIGHT*** ILEAD Experience Presents: ""Beyond The Limit"" Open to all high school seniors and young adults aged 17+ Featuring a discussion led by Rabbi Richard Tobias, followed by desserts & games  At the home of Eddie, Nina & Daniel Esses, 446 Quentin Road Tonight at 8:30PM For more information visit ILEADexperience.org"
17844395641092079,2016-02-11,VIDEO,NOT_FETCHED,False,https://www.instagram.com/p/BBqErprP8N0/,"Full video from our Michael Oren Event is now online... Check it out on the ""Videos"" tab on SCAupdates.org"
17844334087104189,2016-02-10,IMAGE,N/A (not video),False,https://www.instagram.com/p/BBnI1K3v8KP/,"Today!  Book Club, Moderated by Esther Hidary @btorah"
17844369769125137,2016-02-09,IMAGE,N/A (not video),False,https://www.instagram.com/p/BBkXxUgv8CJ/,Tonight! Wall Street with Douglas Silverman Dinner and VIP session for College and Young Professionals
17852925724035847,2016-02-08,IMAGE,N/A (not video),False,https://www.instagram.com/p/BBhtlL8v8Ow/,Save the date!
17844230083085163,2016-02-07,IMAGE,N/A (not video),False,https://www.instagram.com/p/BBgCeu3v8Gb/,See link in bio for more info!
17844286108117391,2016-02-06,IMAGE,N/A (not video),False,https://www.instagram.com/p/BBdpITnP8JH/,Shabu'ah Tob!  Qol Ha-Qahal Issue 29: Mishpatim - Terumah is now available online at SCAupdates.org
17852644873023988,2016-02-05,IMAGE,N/A (not video),False,https://www.instagram.com/p/BBaLg1Nv8PP/,Tomorrow night! @tanach_study
17852802529036991,2016-02-01,IMAGE,N/A (not video),False,https://www.instagram.com/p/BBPr5-NP8FZ/,"ILEAD Experience Presents: ""Beyond The Limit"" Open to all high school seniors and young adults aged 17+ Featuring a discussion led by Rabbi Richard Tobias, followed by desserts & games  At the home of Eddie, Nina & Daniel Esses, 446 Quentin Road February 12th, 2016 beginning at 8:30PM For more information visit ILEADexperience.org"
17853025093037631,2016-01-31,IMAGE,N/A (not video),False,https://www.instagram.com/p/BBNGvj4v8Ef/,"SAVE THE DATE February 10th, 2016 Book Club, Moderated by Esther Hidary @btorah"
17844855076073102,2016-01-27,IMAGE,N/A (not video),False,https://www.instagram.com/p/BBDwsg4v8Ma/,"Wall Street with Douglas Silverman, February 9th"
17853624370041028,2016-01-17,IMAGE,N/A (not video),False,https://www.instagram.com/p/BApNxzev8Hz/,"Michael Oren addressing our qahal this past Thursday night at Kol Israel. For all the pictures from the night, check out our Facebook page!"
17853376531019367,2016-01-15,IMAGE,N/A (not video),False,https://www.instagram.com/p/BAj25OmP8Nz/,Qol Ha-Qahal Issue 28: Bo - Beshalah is now available online at SCAupdates.org  Shabbat Shalom!
17843974264118534,2016-01-14,IMAGE,N/A (not video),False,https://www.instagram.com/p/BAh6onHP8EN/,Last chance to get tickets for tonight!
17853240019018556,2016-01-13,IMAGE,N/A (not video),False,https://www.instagram.com/p/BAfYlTKP8F_/,"With only a few spots left, NOW is the time to sign up for this amazing trip! See link in bio!"
17852723926041108,2016-01-11,IMAGE,N/A (not video),False,https://www.instagram.com/p/BAafJCSv8IB/,
17852504239060130,2016-01-08,IMAGE,N/A (not video),False,https://www.instagram.com/p/BAQrOPSv8O9/,"SAVE THE DATE February 10th, 2016 Book Club, Moderated by Esther Hidary @btorah"
17846706943069728,2016-01-01,IMAGE,N/A (not video),False,https://www.instagram.com/p/BAAk3yUv8OE/,Qol Ha-Qahal Issue 27: Shemot - Vaera is now up online at SCAupdates.org  Shabbat Shalom!
17843775094101807,2015-12-28,IMAGE,N/A (not video),False,https://www.instagram.com/p/_1jlanP8Bg/,"With deposits due January 10th, make sure to secure your spot on the trip ASAP. See link in bio!"
17853586627010009,2015-12-23,IMAGE,N/A (not video),False,https://www.instagram.com/p/_ormG_P8Go/,"BIG NEWS!!!! Former ambassador and current member of knesset Michael Oren will addressing the SCA, Thursday Night, January 14th. (For security purposes, please) RSVP at SCAupdates.org now before all the tickets for this amazing event get sold out!!"
17850924766047692,2015-12-11,IMAGE,N/A (not video),False,https://www.instagram.com/p/_KJchAv8HW/,"Extend for free, with project beyond!"
17851298512053664,2015-12-10,IMAGE,N/A (not video),False,https://www.instagram.com/p/_HjoNEP8Aa/,"Young Mikdash Eliyahu invites college students and young adults to a ""Hunukkafest"", this Friday night @8!"
17851559140006189,2015-12-09,IMAGE,N/A (not video),False,https://www.instagram.com/p/_E6rKHv8Kl/,"""Vedibarta Bam"" Learning Program is tonight... hope to see you there!"
17850768163001223,2015-12-09,IMAGE,N/A (not video),False,https://www.instagram.com/p/_EnYNJP8JF/,"Good morning!  Please join us this afternoon, in hearing from Mrs. Emily Labaton, as part of our Rosh Hodesh Series. 12:30 lunch and 1PM class, don't be late!"
17845606357069374,2015-12-07,IMAGE,N/A (not video),False,https://www.instagram.com/p/-_-AZ2P8Hj/,@exceednetwork
17850413221063967,2015-12-06,IMAGE,N/A (not video),False,https://www.instagram.com/p/-9iyb7P8Eu/,Qol Ha-Qahal Issue 26: Hanukkah is now up online at SCAupdates.org  Hag Sameah!
17850017179056279,2015-12-06,IMAGE,N/A (not video),False,https://www.instagram.com/p/-9hpBgv8BV/,This Wednesday!
17850062389019890,2015-12-04,IMAGE,N/A (not video),False,https://www.instagram.com/p/-4BZvPP8FP/,"Experience the life on a kibbuts. For more information, see link in bio. Shabbat Shalom!"
17848433782011176,2015-12-03,IMAGE,N/A (not video),False,https://www.instagram.com/p/-1WRK5v8JV/,"Learn the History of the Bevis-Marks Synagogue. To find about more about this trip, check out the link in our bio!"
17843453791085368,2015-12-02,IMAGE,N/A (not video),False,https://www.instagram.com/p/-zAA-UP8AM/,Please join us tonight at Beth Torah as we hear from Professor Nathan Aviezer
17843404540106857,2015-12-01,IMAGE,N/A (not video),False,https://www.instagram.com/p/-wYAcnP8PW/,Hike the land of Israel. For more information check out the link in our bio!
17850788407039357,2015-11-30,IMAGE,N/A (not video),False,https://www.instagram.com/p/-t8z5MP8Pc/,"Tour the Scenic Views on London. For more details, see link in bio!"
17843265379108981,2015-11-29,IMAGE,N/A (not video),False,https://www.instagram.com/p/-q6RI-v8K7/,"Innovate with the ""Start Up Nation"""
17843151409103823,2015-11-27,IMAGE,N/A (not video),False,https://www.instagram.com/p/-l6c1Yv8IZ/,Qol Ha-Qahal Issue 25: Vayishlah-Vayeshev is now up online at SCAupdates.org  Shabbat Shalom!
17848680439023517,2015-11-26,IMAGE,N/A (not video),False,https://www.instagram.com/p/-jdWesP8Mw/,Last chance to sign up for tomorrow night's event! Link in bio!
17843033998120249,2015-11-25,IMAGE,N/A (not video),False,https://www.instagram.com/p/-gzlKfP8PX/,Reconnect with Rabbi Joey Dweck
17842985509129417,2015-11-24,IMAGE,N/A (not video),False,https://www.instagram.com/p/-eamCNv8OL/,Pray at the historical K'nis Ades
17848981486016631,2015-11-23,IMAGE,N/A (not video),False,https://www.instagram.com/p/-b280kv8Mt/,For more information contact Michelle Catton or Victor Dweck
17844393265064346,2015-11-18,IMAGE,N/A (not video),False,https://www.instagram.com/p/-OrPAvv8E5/,Join us this Saturday night for a Melave Malka!
17846006014015965,2015-11-17,IMAGE,N/A (not video),False,https://www.instagram.com/p/-MLQb9v8PL/,"5 day Israel extension, December/January... FOR FREE!"
17846968360007746,2015-11-16,IMAGE,N/A (not video),False,https://www.instagram.com/p/-JhF0ZP8HB/,Analyze with the Beit Din of London
17846376469005593,2015-11-15,IMAGE,N/A (not video),False,https://www.instagram.com/p/-HNWaQv8DY/,
17842259377119004,2015-11-13,IMAGE,N/A (not video),False,https://www.instagram.com/p/-B_r-vP8Eg/,Join us this Shabbat as we welcome Rabbi David Stav.  Shabbat Shalom!
17842784854072300,2015-11-12,IMAGE,N/A (not video),False,https://www.instagram.com/p/9_avWGv8JM/,Experience the Yom Yerushalayim Parade
17842137901089769,2015-11-11,IMAGE,N/A (not video),False,https://www.instagram.com/p/98vZJov8NV/,
17845259839014391,2015-11-10,IMAGE,N/A (not video),False,https://www.instagram.com/p/96P7ckP8BS/,Today is the last day to RSVP with the early bird price. Link in bio!
17842599520073094,2015-11-09,IMAGE,N/A (not video),False,https://www.instagram.com/p/93_l8Cv8Gp/,"Please join us this Wednesday, November 11th, at Mikdash Eliyahu (400 Ave U) at 1:00pm, to hear Rabbi Ricky Hidary speak about ""Barekhi Nafshi: appreciating the ever-renewing cycles of nature"", as a part of our Rosh Hodesh Series"
17841860776121006,2015-11-06,IMAGE,N/A (not video),False,https://www.instagram.com/p/9wMXjwP8Eg/,"Join us tonight for this FREE event that is open to ALL, even non ILEAD graduates!  Shabbat Shalom!"
17844831343009214,2015-11-05,IMAGE,N/A (not video),False,https://www.instagram.com/p/9tNMxkv8Kk/,For more information contact Michelle Catton or Victor Dweck @sccbrooklyn
17844686395009080,2015-11-02,IMAGE,N/A (not video),False,https://www.instagram.com/p/9j9acvv8KS/,It's not too late to join our Women's Learning Program!
17844642373009080,2015-10-30,IMAGE,N/A (not video),False,https://www.instagram.com/p/9dwypjP8Hs/,Qol Ha'Qahal Issue 24: Veyera-Haye Sarah is now up online at SephardicCommunityAlliance.org Shabbat Shalom!
17844630787009080,2015-10-29,IMAGE,N/A (not video),False,https://www.instagram.com/p/9buxSQP8MK/,Last night Neil Lazarus addressed community members about how to effectively advocate for Israel
17844614128009080,2015-10-28,IMAGE,N/A (not video),False,https://www.instagram.com/p/9YxwDbP8J8/,Tonight!
17844612370009080,2015-10-28,IMAGE,N/A (not video),False,https://www.instagram.com/p/9YgmewP8Jl/,Sign up now for early bird price! Link in bio.
17844599278009080,2015-10-27,IMAGE,N/A (not video),False,https://www.instagram.com/p/9WBe53P8DB/,Stay tuned for more details in this weeks Qol Ha'Qahal!
17844585442009080,2015-10-26,IMAGE,N/A (not video),False,https://www.instagram.com/p/9TZ3UDP8CM/,"Go see what your friends Steven Cohen, Edward Benjamin, Lew Esses, Esther Leventer, Sally Mizrachi, Raymond Cohen, Leo Hanono, Jacob Cohen, Albert Mishaan, and Max Steinberg have in store for you! @TorahExchange"
17844567976009080,2015-10-25,IMAGE,N/A (not video),False,https://www.instagram.com/p/9QvA6yv8GV/,Come hear Israel advocacy tips and tricks by Neil Lazarus
17844561610009080,2015-10-25,VIDEO,NOT_FETCHED,False,https://www.instagram.com/p/9PgVfjP8IY/,@btorah
17844560806009080,2015-10-25,IMAGE,N/A (not video),False,https://www.instagram.com/p/9PW6Juv8G_/,Now at Beth Torah!
17844477022009080,2015-10-20,IMAGE,N/A (not video),False,https://www.instagram.com/p/9D-dacv8J-/,Open to ALL high school seniors and young adults aged 17 and older!
17844381670009080,2015-10-19,IMAGE,N/A (not video),False,https://www.instagram.com/p/9BNVqIv8Ps/,
17844321817009080,2015-10-15,IMAGE,N/A (not video),False,https://www.instagram.com/p/83wCoBP8CN/,"Next Saturday night, come support Israel!"
17844299437009080,2015-10-14,IMAGE,N/A (not video),False,https://www.instagram.com/p/81inGdP8KZ/,Join us tomorrow!
17844270622009080,2015-10-13,IMAGE,N/A (not video),False,https://www.instagram.com/p/8y7XBrv8GW/,Come hear Rabbi Hayyim Angel for a special Rosh Hodesh Class @btorah
17844244552009080,2015-10-12,IMAGE,N/A (not video),False,https://www.instagram.com/p/8wYGUeP8GF/,Women's Learning Program Schedule for  Tuesdays
17844218026009080,2015-10-11,IMAGE,N/A (not video),False,https://www.instagram.com/p/8twFdDP8MT/,"Being that this is the first full week of our Women's Learning Program, each night we will post what classes will be given the following day."
17844148726009080,2015-10-08,VIDEO,NOT_FETCHED,False,https://www.instagram.com/p/8ls2zRP8Hr/,Help us support Israel!
17844125230009080,2015-10-07,IMAGE,N/A (not video),False,https://www.instagram.com/p/8iYf4zv8H6/,Starting today!
17844063775009080,2015-10-03,IMAGE,N/A (not video),False,https://www.instagram.com/p/8ZPg4JP8DB/,Stay tuned for more details...
17844046180009080,2015-10-02,IMAGE,N/A (not video),False,https://www.instagram.com/p/8WM4ODP8B_/,Qol Ha'Qahal Issue 23: Shemini 'Asseret & Simhat Torah is now available online at SephardicCommunityAlliance.org  Hag Sameah and Shabbat Shalom!
17844032230009080,2015-10-01,IMAGE,N/A (not video),False,https://www.instagram.com/p/8Ti5ZoP8Lu/,@shaare_shalom
17843956036009080,2015-09-25,IMAGE,N/A (not video),False,https://www.instagram.com/p/8DthRlv8Ld/,"Mark your calendars from now! October 24th-25th @btorah , we are having an Art Boutique For Israel!"
17843903815009080,2015-09-21,IMAGE,N/A (not video),False,https://www.instagram.com/p/75SrJKP8Ab/,Have you signed up yet? It's not too late!
17843869123009080,2015-09-18,IMAGE,N/A (not video),False,https://www.instagram.com/p/7yEgv_v8Ke/,"Last Night, 4 Community Hakhamim Inspired Over 65 High School Teens @btorah , preparing them for יום כיפור!"
17843849062009080,2015-09-16,IMAGE,N/A (not video),False,https://www.instagram.com/p/7tGVkIv8Fg/,"Don't forget, tomorrow night @btorah, we are having a Night of Inspiration in preparation for Yom Kippur"
17843805184009080,2015-09-13,IMAGE,N/A (not video),False,https://www.instagram.com/p/7k6_KWP8Kl/,תזכו לשנים רבות
17843776552009080,2015-09-11,IMAGE,N/A (not video),False,https://www.instagram.com/p/7fq2qLv8OW/,"To buy tickets, visit https://www.ileadexperience.org/payments.asp  Shabbat Shalom!"
17843769565009080,2015-09-10,IMAGE,N/A (not video),False,https://www.instagram.com/p/7c-Am0P8IO/,"Qol Ha'Qahal Issue 22: High Holidays 5776, Special Anniversary Issue is now availible online at SephardicCommunityAlliance.org  Hag Sameah!"
17843765737009080,2015-09-09,IMAGE,N/A (not video),False,https://www.instagram.com/p/7bCA4kP8On/,To get involved contact qahalnewsletter@gmail.com
17843759704009080,2015-09-08,IMAGE,N/A (not video),False,https://www.instagram.com/p/7YTKW9v8M-/,Registration is officially open! Sign up now!
17843240272009080,2015-09-06,IMAGE,N/A (not video),False,https://www.instagram.com/p/7RNOZVP8Ip/,
17842899994009080,2015-09-04,IMAGE,N/A (not video),False,https://www.instagram.com/p/7Nqs_-v8Hq/,"The SCA is pleased to offer Shabbat Minyanim, under the leadership of Rabbi Harold Sutton, located at the JCC's Axelrod Auditorium, 100 Grant Ave.  Parasha: Ki Tabo Scholar in Residence: Rabbi Harold Sutton  Friday Night Shir Hashirim: 6:45pm Minha: 7:00pm Candle lighting: 7:05pm  Shabbat Morning Minyanim: First Minyan: 6:40am followed by a breakfast and class given by Rabbi Harold Sutton  High School and College Minyan: 9:15am with Rabbi Ikey Tawil followed by breakfast  Kids Program: 9:30am fo"
17842671430009080,2015-08-31,IMAGE,N/A (not video),False,https://www.instagram.com/p/7EINkPv8Dj/,Look out for more details soon!
17842386352009080,2015-08-28,IMAGE,N/A (not video),False,https://www.instagram.com/p/67_PoHP8L4/,"The SCA is pleased to offer Shabbat Minyanim, under the leadership of Rabbi Harold Sutton, located at the JCC's Axelrod Auditorium, 100 Grant Ave.  Parasha: Ki Tesse Scholar in Residence: Rabbi Harold Sutton  Friday Night Shir Hashirim: 6:45pm Minha: 7:00pm Candle lighting: 7:15pm  Shabbat Morning Minyanim: First Minyan: 6:40am followed by a breakfast and class given by Rabbi Harold Sutton  High School and College Minyan: 9:15am with Rabbi Ikey Tawil followed by breakfast  Kids Program: 9:30am f"
17842182895009080,2015-08-21,IMAGE,N/A (not video),False,https://www.instagram.com/p/6qFQN9P8GS/,"The SCA is pleased to offer Shabbat Minyanim, under the leadership of Rabbi Harold Sutton, located at the JCC's Axelrod Auditorium, 100 Grant Ave.  Parasha: Shofetim Scholar in Residence: Rabbi Joseph Dweck  Friday Night Shir Hashirim: 6:45pm Minha: 7:00pm Candle lighting: 7:26pm  Shabbat Morning Minyanim: First Minyan: 6:40am followed by a breakfast and class given by Rabbi Joseph Dweck High School and College Minyan: 9:15am with Rabbi Ikey Tawil followed by breakfast  Kids Program: 9:30am foll"
17842182343009080,2015-08-21,IMAGE,N/A (not video),False,https://www.instagram.com/p/6py1XrP8AB/,
17842177249009080,2015-08-20,IMAGE,N/A (not video),False,https://www.instagram.com/p/6nUkUUv8DC/,Qol Ha'Qahal Issue 21: Shofetim-Ki Teseh is now available online at SephardicCommunityAlliance.org
17842177099009080,2015-08-20,IMAGE,N/A (not video),False,https://www.instagram.com/p/6nOUNWP8Hm/,Join us tonight for the FINAL THURSDAY NIGHT CLASS!!!
17842161757009080,2015-08-17,VIDEO,NOT_FETCHED,False,https://www.instagram.com/p/6e9pFPv8Li/,"Siyum Dinner of Mazza, Deli, and Sushi to celebrate a successful summer of learning.  Thank you to R. Avi Harari, R. Ikey Tawil, R. Albert Setton, and R. Harold Sutton for sharing words of Dibrei Torah.  Looking forward to seeing you at SCA events this fall! Hazak U'Barukh to all involved!"
17842158505009080,2015-08-16,IMAGE,N/A (not video),False,https://www.instagram.com/p/6dYJcXP8CU/,"Thank you to Nina, Caroline, Gabe Bildirici and Corlies Crew for hosting this past Thursday night CO-ED College Class. This Thursday night is the final class of the series, given by Rabbi Joseph Dweck at the home of Charles, Barbara and Brenda Saka, 4 Clark Court"
17842157386009080,2015-08-16,IMAGE,N/A (not video),False,https://www.instagram.com/p/6c-s0av8CT/,Join us tomorrow night!
17842144834009080,2015-08-14,IMAGE,N/A (not video),False,https://www.instagram.com/p/6XdUgSv8MC/,"The SCA is pleased to offer Shabbat Minyanim, under the leadership of Rabbi Harold Sutton, located at the JCC's Axelrod Auditorium, 100 Grant Ave.  Parasha: Re'eh Scholar in Residence: Rabbi Joseph Dweck  Friday Night Shir Hashirim: 6:45pm Minha: 7:00pm Candle lighting: 7:36  Shabbat Morning Minyanim: First Minyan: 6:40am followed by a breakfast and class given by Rabbi Joseph Dweck  High School and College Minyan: 9:15am with Rabbi Ikey Tawil followed by breakfast  Kids Program: 9:30am followed"
17842141987009080,2015-08-13,IMAGE,N/A (not video),False,https://www.instagram.com/p/6VrfrLP8JP/,Please join us tonight!
17842137967009080,2015-08-12,IMAGE,N/A (not video),False,https://www.instagram.com/p/6TJCukP8A9/,Last night was ILEAD 2015 Graduation! Pioneers celebrated and shared their experiences with family and friends through speeches and slideshows
17842134253009080,2015-08-11,IMAGE,N/A (not video),False,https://www.instagram.com/p/6QkR6tv8IP/,
17842133866009080,2015-08-11,IMAGE,N/A (not video),False,https://www.instagram.com/p/6QUylkv8GZ/,We'll see you tonight!
17842130812009080,2015-08-10,IMAGE,N/A (not video),False,https://www.instagram.com/p/6ON45kP8N1/,"Thank you Louis and Renna Ades for hosting an amazing panel with Rabbi Joseph Dweck and Rabbi Ricky Hidary this past Thursday night! This week's Thursday night CO-ED & Young Professionals class will be at 8:15 at 215 Corlies Ave, hosted by Nina, Caroline, Gabe Bildirici and ""The Corlies Crew"""
17842125106009080,2015-08-09,IMAGE,N/A (not video),False,https://www.instagram.com/p/6K-a-Kv8KS/,Are you ready to combat the new face of Anti-Semitism on campus?
17842116664009080,2015-08-07,IMAGE,N/A (not video),False,https://www.instagram.com/p/6GGJ3RP8BE/,"The SCA is pleased to offer Shabbat Minyanim, under the leadership of Rabbi Harold Sutton, located at the JCC's Axelrod Auditorium, 100 Grant Ave.  Parasha: Eqeb Scholar in Residence: Rabbi Joseph Dweck  Friday Night Shir Hashirim: 6:45pm Minha: 7:00pm Candle lighting: 7:45  Shabbat Morning Minyanim: First Minyan: 6:40am followed by a breakfast and class given by Rabbi Joseph Dweck  High School and College Minyan: 9:15am with Rabbi Ikey Tawil followed by breakfast  Kids Program: 9:30am followed "
17842112275009080,2015-08-06,IMAGE,N/A (not video),False,https://www.instagram.com/p/6De9dkP8HC/,Tonight!
17842111999009080,2015-08-06,IMAGE,N/A (not video),False,https://www.instagram.com/p/6DSjqjP8Oa/,@ujafedNY @ilead_sca
17842108843009080,2015-08-05,IMAGE,N/A (not video),False,https://www.instagram.com/p/6BGZAaP8OC/,"Thank you Jacob and Geri Cohen for hosting our CO-ED College & Young Professionals class last Thursday night! This week (August 6th, 8:15pm) we will be having a Panel Discussion with Rabbi Joseph Dweck and Rabbi Ricky Hidary- ""Responding to the recent stabbing & church burning in Israel"" at the home of Renna and Louis Ades, 9 Holland Ave, Oakhurst, NJ 07755"
17842108570009080,2015-08-05,VIDEO,NOT_FETCHED,False,https://www.instagram.com/p/6A-uvJP8Mw/,Summer Learning Program- Week 5
17842104337009080,2015-08-04,IMAGE,N/A (not video),False,https://www.instagram.com/p/5-fJfjP8Eq/,Join us this Thursday for a special panel
17842102612009080,2015-08-04,IMAGE,N/A (not video),False,https://www.instagram.com/p/59xK0vv8I0/,Stop the Iran Nuclear Deal!
17842083904009080,2015-07-31,IMAGE,N/A (not video),False,https://www.instagram.com/p/5zWGZKP8P1/,"The SCA is pleased to offer Shabbat Minyanim, under the leadership of Rabbi Harold Sutton, located at the JCC's Axelrod Auditorium, 100 Grant Ave.  Parasha: Va'ethanan Scholar in Residence: Rabbi Joseph Dweck  Friday Night Shir Hashirim: 6:45pm Minha: 7:00pm Candle lighting: 7:53pm  Shabbat Morning Minyanim: First Minyan: 6:40am followed by a breakfast and class given by Rabbi Joseph Dweck  High School and College Minyan: 9:15am with Rabbi Ikey Tawil followed by breakfast  Kids Program: 9:30am f"
17842080571009080,2015-07-30,IMAGE,N/A (not video),False,https://www.instagram.com/p/5xenv_P8M5/,Join us tonight!
17842075942009080,2015-07-29,IMAGE,N/A (not video),False,https://www.instagram.com/p/5upAGtv8Az/,Join us August 17th!
17842075360009080,2015-07-29,IMAGE,N/A (not video),False,https://www.instagram.com/p/5uVzNZP8KF/,
17842070830009080,2015-07-28,IMAGE,N/A (not video),False,https://www.instagram.com/p/5r1nbAP8Er/,Join us this Thursday Night
17842070464009080,2015-07-28,IMAGE,N/A (not video),False,https://www.instagram.com/p/5rqzHGP8Ay/,Tonight's CO-ED high school class will be given by Mrs. Esther Hidary at 8:15
17842067524009080,2015-07-27,IMAGE,N/A (not video),False,https://www.instagram.com/p/5plcCaP8OS/,"Rabbi Joseph Dweck speaking yesterday in a full auditorium at the JCC, in our annual Tish'a Be'Ab Program"
17842067050009080,2015-07-27,VIDEO,NOT_FETCHED,False,https://www.instagram.com/p/5pZD9QP8Ed/,"3,000+ community members were at the JCC yesterday as a part our annual Tish'a Be'Ab program. We would like to thank all who helped make this day possible."
17842066702009080,2015-07-27,IMAGE,N/A (not video),False,https://www.instagram.com/p/5pO2BOv8B1/,Qol Ha'Qahal Issue 20: Tish'a Be'ab is now online at SephardicCommunityAlliance.org
17842066483009080,2015-07-27,IMAGE,N/A (not video),False,https://www.instagram.com/p/5pG2Nbv8Ol/,"Rabbi Joseph Dweck addressed 95 young adults  last Thursday night at the home of Elliot and Victor Dweck, as part of our weekly Thursday Night CO-ED College Class Series. Please join us this Thursday night at the home of Jacob and Geri Cohen, at 988 Elberon Ave, Long Branch, to hear Rabbi Joseph Dweck"
17842066438009080,2015-07-27,VIDEO,NOT_FETCHED,False,https://www.instagram.com/p/5pEq_Qv8KU/,Week 4 of our Summer Learning Program
17842062337009080,2015-07-26,IMAGE,N/A (not video),False,https://www.instagram.com/p/5m1CuEv8B4/,Please help spread the word!
17842061365009080,2015-07-26,IMAGE,N/A (not video),False,https://www.instagram.com/p/5mVC-tv8M3/,We are also having free daycare from 12-4
17842049683009080,2015-07-23,IMAGE,N/A (not video),False,https://www.instagram.com/p/5fzrrSP8Md/,"The SCA is pleased to offer Shabbat Minyanim, under the leadership of Rabbi Harold Sutton, located at the JCC's Axelrod Auditorium, 100 Grant Ave.  Parasha: Debarim Scholar in Residence: Rabbi Joseph Dweck  Friday Night Shir Hashirim: 6:45pm Minha: 7:00pm Candle lighting: 8:00  Shabbat Morning Minyanim: First Minyan: 6:40am followed by a breakfast and class given by Rabbi Joseph Dweck High School and College Minyan: 9:15am with Rabbi Ikey Tawil followed by breakfast  Kids Program: 9:30am followe"
17842048720009080,2015-07-23,IMAGE,N/A (not video),False,https://www.instagram.com/p/5fWgvOv8Fu/,Tish'a Be'Ab Program this Sunday
17842048702009080,2015-07-23,IMAGE,N/A (not video),False,https://www.instagram.com/p/5fVxjpP8EI/,Hours will be awarded to those who volunteer!
17842047508009080,2015-07-23,IMAGE,N/A (not video),False,https://www.instagram.com/p/5etHyAv8J_/,"Please join us tonight to hear Rabbi Joseph Dweck speak, at the home of Elliot and Victor Dweck"
17842044712009080,2015-07-22,IMAGE,N/A (not video),False,https://www.instagram.com/p/5dQ_69v8Hg/,Spread the word
17842042141009080,2015-07-22,IMAGE,N/A (not video),False,https://www.instagram.com/p/5cCKE_P8P3/,Join us today!
17842039768009080,2015-07-21,IMAGE,N/A (not video),False,https://www.instagram.com/p/5aY2-JP8JB/,
17842038658009080,2015-07-21,IMAGE,N/A (not video),False,https://www.instagram.com/p/5Z4BXAv8A4/,We'll see you there!
17842033591009080,2015-07-20,VIDEO,NOT_FETCHED,False,https://www.instagram.com/p/5XSxBvP8LO/,Week 3 of our Summer Learning Program!
17842030684009080,2015-07-20,IMAGE,N/A (not video),False,https://www.instagram.com/p/5VmUf3P8Cx/,"Week 2 of our Thursday Night CO-ED College Class Series, was given by Rabbi Richard Tobias, at the home of Rosette, Teddy & Frieda Chattah. Close to 75 young adults came to hear him speak about being proud of one's Jewish identity. Join us this Thursday at the home of Elliot and Victor Dweck, 48 Neptune Ave to hear Rabbi Joseph Dweck!"
17842029103009080,2015-07-19,IMAGE,N/A (not video),False,https://www.instagram.com/p/5U4GrUP8KE/,"Don't forget, this Wednesday!"
17842028548009080,2015-07-19,IMAGE,N/A (not video),False,https://www.instagram.com/p/5Uk8I0v8MC/,The first @blinkCPR class is underway... Last chance to sign up for the rest of them!
17842028092009080,2015-07-19,VIDEO,NOT_FETCHED,False,https://www.instagram.com/p/5UW_bGv8BH/,"Jon Medved, CEO of @OurCrowd, spoke to us last night about investing in Israel's innovative companies"
17842016008009080,2015-07-16,IMAGE,N/A (not video),False,https://www.instagram.com/p/5NujWwP8Fa/,Tonight!
17842010884009080,2015-07-15,IMAGE,N/A (not video),False,https://www.instagram.com/p/5Kws9lP8Et/,Sign up now!
17842010305009080,2015-07-15,VIDEO,NOT_FETCHED,False,https://www.instagram.com/p/5KexRzP8Pp/,"Another fantastic coed HS Tuesday night class! Last night it was given by Rabbi Dana, next week will be Rabbi Tawil."
17842006090009080,2015-07-14,IMAGE,N/A (not video),False,https://www.instagram.com/p/5IDZvcv8EJ/,@teddychattah @freeech
17841996421009080,2015-07-12,VIDEO,NOT_FETCHED,False,https://www.instagram.com/p/5DM7lMv8Pw/,Summer Learning Program 2015 Week 2!
17841994738009080,2015-07-12,IMAGE,N/A (not video),False,https://www.instagram.com/p/5CdzgsP8Hh/,"We invited Sgt. Benjamin Anthony to kick off our annual Thursday Night CO-ED College Class Series, at the home of Eddie and Nina Esses. Over 50 young adults came to show their support for Israel and hear him speak about antisemitism on college campuses and how important it is to speak up to defend Israel. Join us this Thursday at the home of Teddy, Rosette and Frieda Chattah as they are hosting Rabbi Richard Tobias at 2 Century Drive, West Long Branch"
17841985234009080,2015-07-10,IMAGE,N/A (not video),False,https://www.instagram.com/p/49fNFEv8JZ/,"The SCA is pleased to offer Shabbat Minyanim, under the leadership of Rabbi Harold Sutton, located at the JCC's Axelrod Auditorium, 100 Grant Ave.  Parasha: Pinhas Scholar in Residence: Rabbi Ricky Hidary  Friday Night Shir Hashirim: 6:45pm Minha: 7:00pm Candle lighting: 8:09  Shabbat Morning Minyanim: First Minyan: 6:40am followed by a breakfast and class given by Rabbi Ricky Hidary  High School and College Minyan: 9:15am with Rabbi Ikey Tawil followed by breakfast  Kids Program: 9:30am followe"
17841979759009080,2015-07-09,IMAGE,N/A (not video),False,https://www.instagram.com/p/46sBO6P8Bw/,Tonight!
17841975289009080,2015-07-08,IMAGE,N/A (not video),False,https://www.instagram.com/p/44HaVjv8HA/,STOP IRAN NOW!
17841966646009080,2015-07-06,IMAGE,N/A (not video),False,https://www.instagram.com/p/4zno7dv8LY/,"Join us this Thursday night for the first of our weekly Thursday night, young adult, CO-ED classes"
17841962497009080,2015-07-05,IMAGE,N/A (not video),False,https://www.instagram.com/p/4xOCPoP8L-/,Follow @ilead_sca to stay updated with our ILEAD pioneers throughout the program
17841958615009080,2015-07-05,VIDEO,NOT_FETCHED,False,https://www.instagram.com/p/4vIJOev8B3/,"After our first week of classes we have had HUNDREDS of community members join our summer learning program. From 6th-8th graders and high school, to college and adult classes we've got it all... Not to mention delicious meals and refreshments that come with it. Join us next week as we hope to DOUBLE our attendance!"
17841950851009080,2015-07-03,IMAGE,N/A (not video),False,https://www.instagram.com/p/4rZK9jP8EV/,"The SCA is pleased to offer Shabbat Minyanim, under the leadership of Rabbi Harold Sutton, located at the JCC's Axelrod Auditorium, 100 Grant Ave.  Parasha: Balaq Scholar in Residence: Rabbi Ari Azancot  Friday Night Shir Hashirim: 6:45pm Minha: 7:00pm Candle lighting: 8:11pm  Shabbat Morning Minyanim: First Minyan: 6:40am followed by a breakfast and class given by Rabbi Ari Azancot  High School and College Minyan: 9:15am with Rabbi Ikey Tawil followed by breakfast  Kids Program: 9:30am followed"
17841939769009080,2015-07-01,IMAGE,N/A (not video),False,https://www.instagram.com/p/4mUhYQP8F0/,Qol HaQahal Issue 19: 17th of Tammuz is now online on SephardicCommunityAlliance.org
17841934975009080,2015-06-30,IMAGE,N/A (not video),False,https://www.instagram.com/p/4jpuX-P8KR/,Have you seen the Jersey Shore Erub Guide? Check it out at SephardicCommunityAlliance.org
17841929476009080,2015-06-29,IMAGE,N/A (not video),False,https://www.instagram.com/p/4hBWD6P8Fi/,Summer 2015 Special Classes Schedule
17841925996009080,2015-06-29,IMAGE,N/A (not video),False,https://www.instagram.com/p/4foOy7v8FB/,"Summer 2015 Learning Program starts tomorrow!!! To enlarge or to download the full schedule, visit SephardicCommunityAlliance.org"
17841910408009080,2015-06-26,IMAGE,N/A (not video),False,https://www.instagram.com/p/4X1RE6v8IS/,"​The SCA is pleased to offer Shabbat Minyanim, under the leadership of Rabbi Harold Sutton, located at the JCC's Axelrod Auditorium, 100 Grant Ave.  Parasha: Huqat  Scholar in Residence: Rabbi Avi Harari  Friday Night  Shir Hashirim: 6:45pm  Minha: 7:00pm  Candle lighting: 8:11pm  Shabbat Morning Minyanim:  First Minyan: 6:40am followed by a breakfast and class given by Rabbi Avi Harari  High School and College Minyan: 9:15am with Rabbi Ikey Tawil followed by breakfast  Kids Program: 9:30am foll"
17841854053009080,2015-06-22,IMAGE,N/A (not video),False,https://www.instagram.com/p/4PCKSkv8Om/,"Summer 2015 Shabbat & Holiday Schedule. To enlarge, download or print, visit SephardicCommunityAlliance.org"
17841840358009080,2015-06-21,IMAGE,N/A (not video),False,https://www.instagram.com/p/4MWGG4P8MF/,Just a few pictures from our amazing #birthright trip last week with @birthrightisrael and @sccbrooklyn ! #Taglit #BirthrightIsrael
17841812920009080,2015-06-19,IMAGE,N/A (not video),False,https://www.instagram.com/p/4HXwzBv8J2/,"The SCA is pleased to offer Shabbat Minyanim, under the leadership of Rabbi Harold Sutton, located at the JCC's Axelrod Auditorium, 100 Grant Ave.  Parasha: Qorah Scholar in Residence: Rabbi Haim Ovadia  Friday Night Shir Hashirim: 6:45pm Minha: 7:00pm Candle lighting: 8:10pm  Shabbat Morning Minyanim: First Minyan: 6:40am followed by a breakfast and class given by Rabbi Haim Ovadia  High School and College Minyan: 9:15am with Rabbi Ikey Tawil followed by breakfast  Kids Program: 9:30am followed"
17841765079009080,2015-06-18,IMAGE,N/A (not video),False,https://www.instagram.com/p/4FpOilv8Ma/,"Summer 2015 Learning Program Schedule! To enlarge or to download, visit SephardicCommunityAlliance.org"
17841575557009080,2015-06-09,IMAGE,N/A (not video),False,https://www.instagram.com/p/3uVV10P8Fo/,Qol Ha'Qahal Parashiot Behalotekha-Shelah is now online on SephardicCommunityAlliance.org
17841594319009080,2015-05-27,IMAGE,N/A (not video),False,https://www.instagram.com/p/3MTy50v8KU/,Now available for download on SephardicCommunityAlliance.org
17841612583009080,2015-05-20,IMAGE,N/A (not video),False,https://www.instagram.com/p/26mfHZP8BW/,
17841586933009080,2015-05-17,IMAGE,N/A (not video),False,https://www.instagram.com/p/2yKDfDP8DB/,Check out all pics from last night on our Facebook page #scaisrael
17841577015009080,2015-05-17,IMAGE,N/A (not video),False,https://www.instagram.com/p/2w47NYP8GB/,Tonight!
17841545869009080,2015-05-15,IMAGE,N/A (not video),False,https://www.instagram.com/p/2s_0Zpv8BK/,
17841797644009080,2015-05-12,IMAGE,N/A (not video),False,https://www.instagram.com/p/2lN3znP8P6/,"Join us Thursday night as we partner with @Ujafedny for a workshop in ""Fundraising and Transformational Giving"" with Rabbi Jay Stein. Pre-regeneration required. Visit ILEADExperience.org/signup"
17841590752009080,2015-05-11,IMAGE,N/A (not video),False,https://www.instagram.com/p/2isFFZv8Kc/,"All pictures from our Yom Ha'asmaut Art Battle are now on our Facebook page ""Sephardic Community Alliance""! #SCAIsrael"
17841675721009080,2015-05-10,IMAGE,N/A (not video),False,https://www.instagram.com/p/2gItWXv8Ae/,Rabbi Bitton's class last Thursday night on Lag La'Omer was a resounding success!
17841798055009080,2015-05-08,IMAGE,N/A (not video),False,https://www.instagram.com/p/2a5PlWv8F7/,Qol Ha'Qahal Yom Yerushalayim Issue is now available on SephardicCommunityAlliance.org  Shabbat Shalom!
17841763933009080,2015-05-07,IMAGE,N/A (not video),False,https://www.instagram.com/p/2YdCY5v8Af/,Join us tonight! RSVP on Sca-lag-laomer.eventbrite.com
17841714043009080,2015-05-06,IMAGE,N/A (not video),False,https://www.instagram.com/p/2WOXhhv8Ed/,
17841577009009080,2015-05-03,IMAGE,N/A (not video),False,https://www.instagram.com/p/2OYzZ2P8Iv/,RSVP on www.sca-lag-laomer.eventbrite.com
17841776170009080,2015-05-01,IMAGE,N/A (not video),False,https://www.instagram.com/p/2I5-n-P8PK/,#SCAIsrael
17841547570009080,2015-04-21,IMAGE,N/A (not video),False,https://www.instagram.com/p/1wFfSwv8CM/,FLASH SALE!!! Next 50 tickets are 20% off! Visit SephardicCommunityAlliance.org to get your tickets for Thursday nights EPIC ART BATTLE!!! #SCAIsrael
17841747349009080,2015-04-20,IMAGE,N/A (not video),False,https://www.instagram.com/p/1thO-pP8Fe/,"With only 8 spots left, make sure to register ASAP! #SCAIsrael"
17841693118009080,2015-04-16,IMAGE,N/A (not video),False,https://www.instagram.com/p/1izlq2v8LP/,A week from today... Buy your tickets on SephardicCommunityAlliance.org before it's too late!!! #SCAIsrael
17841631054009080,2015-04-15,IMAGE,N/A (not video),False,https://www.instagram.com/p/1fwLuYv8Ob/,"Qol Ha'Qahal Yom Ha'asmaut issue is now availible online, at SephardicCommunityAlliance.org"
17841568612009080,2015-04-13,IMAGE,N/A (not video),False,https://www.instagram.com/p/1bZsJcP8IU/,
17841675148009080,2015-04-02,IMAGE,N/A (not video),False,https://www.instagram.com/p/0-NVMbP8M0/,Have you read the most recent Qol Ha'Qahal? You can view it online at SephardicCommunityAlliance.org
17841693112009080,2015-03-31,IMAGE,N/A (not video),False,https://www.instagram.com/p/06Ftg-P8Mc/,Going on Birthright this summer? Extend FOR FREE with a grant from the SCA on an exclusive week long free program. For details contact: aharoncaro@gmail.com
17841861670009080,2015-03-29,IMAGE,N/A (not video),False,https://www.instagram.com/p/0y0BlcP8Al/,Registration closes Tuesday March 31st at 10:00am... Now is your last chance to join #Birthright trip this June as we partner with @SCCbrooklyn & @Israelfreespirit #SCAisrael
17841612580009080,2015-03-19,IMAGE,N/A (not video),False,https://www.instagram.com/p/0at-TIP8E0/,Full video of Rabbi Sacks addressing young adults of our community is now on YouTube! Check it out on our website: SephardicCommunityAlliance.org
17841560320009080,2015-03-15,IMAGE,N/A (not video),False,https://www.instagram.com/p/0Q2qWhv8Lb/,"75+ young adults came together this past Thursday night for the premiere of ""Crossing the Line- 2"" showed at Magen David of Manhattan... Stay tuned for more events in which you can get involved in #SCAisrael"
17841693115009080,2015-03-10,IMAGE,N/A (not video),False,https://www.instagram.com/p/0D01XfP8Cw/,Repost this picture with '#SCAIsrael' in your caption and follow us for a chance to win a souvenir at the event. RSVP at http://www.sephardiccommunityalliance.org
17841791686009080,2015-03-09,IMAGE,N/A (not video),False,https://www.instagram.com/p/0BkiCpP8DA/,"It's not too late to sign up for #Birthright trip this June, as we partner with @sccbrooklyn & @Israelfreespirit #SCAisrael"
17841554416009080,2015-03-07,IMAGE,N/A (not video),False,https://www.instagram.com/p/z8f5Vlv8PP/,"Above are just a few pictures from the Rabbi Sacks event. To view more pictures, visit SephardicCommunityAlliance.org or visit our Facebook page ""Sephardic Community Alliance"""
17841711295009080,2015-03-03,IMAGE,N/A (not video),False,https://www.instagram.com/p/zxt3aAv8JC/,@btorah
17841554413009080,2015-03-02,IMAGE,N/A (not video),False,https://www.instagram.com/p/zvRHqTv8BT/,Have you read the most recent Qol Ha'Qahal? You can view it online at SephardicCommunityAlliance.org
17841554407009080,2015-02-19,IMAGE,N/A (not video),False,https://www.instagram.com/p/zSPsbuP8CZ/,"Sign up now for a #Birthright trip, as we partner with @sccbrooklyn & @israelfreespirit!"
17841554410009080,2015-02-17,IMAGE,N/A (not video),False,https://www.instagram.com/p/zN9U28v8Ia/,The RSVP list is officially full! If you are still interested in signing up for next week's event please visit SephardicCommunityAlliance.org and your seat inside the auditorium will be granted on a first come first serve basis.
17841675145009080,2015-02-13,IMAGE,N/A (not video),False,https://www.instagram.com/p/zBh5jUP8L3/,
17841691852009080,2015-02-08,IMAGE,N/A (not video),False,https://www.instagram.com/p/y2mjz3P8P5/,"Last night was a resounding success, as we partnered with Mikdash Eliyahu, member affiliate, in hosting Former Deputy Minister of Defense & Current Member of Knesset Danny Donan."
17841692659009080,2015-02-06,IMAGE,N/A (not video),False,https://www.instagram.com/p/yw59uNP8AW/,Qol Ha'Qahal ready to be sent out! Shabbat shalom!
17841692662009080,2015-02-06,IMAGE,N/A (not video),False,https://www.instagram.com/p/ywwgDGv8CB/,Tomorrow night!
17841554404009080,2015-02-05,IMAGE,N/A (not video),False,https://www.instagram.com/p/yunV6QP8Jv/,3 weeks away! RSVP on SephardicCommunityAlliance.org
17841692656009080,2015-02-04,IMAGE,N/A (not video),False,https://www.instagram.com/p/yrl5UTv8B2/,Have you seen the most recent Qol Ha'Qahal? View it online at SephardicCommunityAlliance.org
17841692653009080,2015-02-03,IMAGE,N/A (not video),False,https://www.instagram.com/p/ypXVF1v8JS/,
17841692665009080,2015-02-02,IMAGE,N/A (not video),False,https://www.instagram.com/p/ynM86DP8A2/,
17841675142009080,2015-01-19,IMAGE,N/A (not video),False,https://www.instagram.com/p/yC3kGpP8A0/,To RSVP visit SephardicCommunityAlliance.org
17841554401009080,2015-01-09,IMAGE,N/A (not video),False,https://www.instagram.com/p/xolVgzP8IL/,Have you seen the most recent issue of Qol Ha'Qahal? Visit SephardicCommunityAlliance.org to view it online
17841554398009080,2014-12-28,IMAGE,N/A (not video),False,https://www.instagram.com/p/xKTQtEv8GK/,"To sign up for the Rabbi Sacks event, please RSVP with the form above. Please note space will be limited, so an RSVP is strongly suggested.  The form can be found on our website, SephardicCommunityAlliance.org"
17841612577009080,2014-12-27,IMAGE,N/A (not video),False,https://www.instagram.com/p/xIISJgP8DC/,Did you see the most recent issue of Qol Ha'Qahal? You can view it online at SephardicCommunityAlliance.org
17841554395009080,2014-12-25,IMAGE,N/A (not video),False,https://www.instagram.com/p/xB5yDdP8Jd/,
17841640246009080,2014-12-13,IMAGE,N/A (not video),False,https://www.instagram.com/p/wkF5IiP8OO/,
17841692671009080,2014-11-20,IMAGE,N/A (not video),False,https://www.instagram.com/p/voKj3zP8A-/,SCA & @shaare_shalom Present: A New Couples Class series!  Join us at the kickoff class on Saturday night November 22nd at 8:00PM at Share Shalom Subsequent classes will be rotating in our community homes.
17841692674009080,2014-11-16,IMAGE,N/A (not video),False,https://www.instagram.com/p/vdrGGMv8Az/,Save the date!
17841692686009080,2014-10-26,IMAGE,N/A (not video),False,https://www.instagram.com/p/unvN-rP8Cr/,"Have you read the most recent issue of our ""Qol Ha'Qahal"" newsletter? The mission of SCA Newsletter Qol Ha'Qahal is ""To promote Torah throughout our community by providing a platform for our rabbis students and institutions."" The Newsletter features an assortment of articles from rabbis in the Sephardic community. Hard copies of the newsletter can be found in all SCA member affiliate institutions. To read it online visit SephardicCommunityAlliance.org"
17841692668009080,2014-10-14,IMAGE,N/A (not video),False,https://www.instagram.com/p/uJW6WlP8KH/,Have you signed up yet for SCA Birthright? Spots are limited! Sign up at IsraelFreeSpirit.com/SCA
17841640249009080,2014-08-28,IMAGE,N/A (not video),False,https://www.instagram.com/p/sQjxKdv8Ei/,"We would like to thank the Rabbis, Hazzanim, Guest Scholars-in Residence, caterers, our volunteers, the JCC and most of all our extraordinary Congregants for making this summers' program a unique success.  Scholar in Residence: Rabbi Dr. Roni Shweka  Friday Night Prayers Shir Hashirim: 6:30pm Minha: 6:45pm Candle lighting: 7:14pm  Shabbat Morning Minyanim:  First Minyan: 6:40am followed by a breakfast and class given by Rabbi Dr. Roni Shweka  High School and College Minyan: 9:15am with Rabbi Ike"
17841692677009080,2014-08-22,IMAGE,N/A (not video),False,https://www.instagram.com/p/sAboLaP8GB/,"The SCA, is pleased to offer Shabbat Minyanim, under the leadership of Rabbi HaroldSutton, located at the JCC's Axelrod Auditorium.  Scholar in Residence: Rabbi Haim Ovadia  Friday Night Prayers Shir Hashirim: 6:30pm Minha: 6:45pm Candle lighting: 7:25pm  Shabbat Morning Minyanim:  First Minyan: 6:40am followed by a breakfast and class given by Rabbi Haim Ovadiah  High School and College Minyan: 9:15am with Rabbi Ikey Tawil followed by breakfast  Kids program: 9:30am followed by a breakfast  Sha"
17841692683009080,2014-08-19,IMAGE,N/A (not video),False,https://www.instagram.com/p/r4oIPuv8KE/,"​SCA Summer Learning Program- final day of the summer  Today's Classes are:  Women: 11:00AM: Sarah Mizrachi- Nidah 12:30PM: Rabbi Besser- Torah 6:30PM: Dorris Dweck/Cohen (5th-8th grade girls) - Ketubim  8:00PM: Rabbi Besser (young women, high school & older)- Torah 8:15PM: Rabbi Joe Dana (young women, high school & older)- Torah  Men: 7:00PM: Rabbi Charles Safdieh (kids) 8:00PM: Rabbi Moses Haber 8:00PM: Rabbi Charles Safdieh 8:00PM: Rabbi Albert Setton- Igerret Teman 8:00PM: Rabbi Ikey Tawil- "
17841692680009080,2014-08-18,IMAGE,N/A (not video),False,https://www.instagram.com/p/r2FqrbP8JA/,"​SCA Summer Learning Program  Good morning!  Today's Classes are:  Women: 11:00AM: Vivien Hidary- Torah 12:30PM: Esther Hidary- Torah 8:00PM: Rabbi Moses Haber (young women, high school & older)- Misc.  Men: 7:00PM: Rabbi Charles Safdieh (kids) 8:00PM: Rabbi Albert Setton- Igerret Teman 8:00PM: Rabbi Ikey Tawil- HaRambam 8:00PM: Rabbi Charles Safdieh- Halakha 9:00PM: Rabbi Albert Setton- Gemara Ketubot 9:00PM: Rabbi Ikey Tawil- Gemara Avoda Zara 9:00PM: Rabbi Charles Safdieh- Halakha  All classe"
17841856429009080,2014-08-15,IMAGE,N/A (not video),False,https://www.instagram.com/p/rua9LHv8H_/,"The SCA, is pleased to offer Shabbat Minyanim, under the leadership of Rabbi Harold Sutton, located at the JCC's Axelrod Auditorium.  Scholar in Residence: Rabbi Gad Dishi  Friday Night Prayers: Shir Hashirim: 6:30pm Minha: 6:45pm Candle lighting: 7:35pm  Shabbat Morning Minyanim:  First Minyan: 6:40am followed by a breakfast and class given by Rabbi Gad Dishi  High School and College Minyan: 9:15am with Rabbi Ikey Tawil followed by breakfast  Kids program: 9:30am followed by a breakfast  Shabba"
17841692704009080,2014-08-15,IMAGE,N/A (not video),False,https://www.instagram.com/p/rs7w-qv8BQ/,Rabbi Haber giving a class to college teens about the importance of keeping Judaism throughout their loves and choosing the right friends.
17841692692009080,2014-08-14,IMAGE,N/A (not video),False,https://www.instagram.com/p/rqMgguv8O6/,End of the Summer Men's Program Siyum Dinner
17841692698009080,2014-08-14,IMAGE,N/A (not video),False,https://www.instagram.com/p/rqMfGvP8O2/,End of the Summer Men's Program Siyum Dinner
17841692707009080,2014-08-14,IMAGE,N/A (not video),False,https://www.instagram.com/p/rqMdL7v8Ox/,End of the Summer Men's Program Siyum Dinner
17841692689009080,2014-08-13,IMAGE,N/A (not video),False,https://www.instagram.com/p/rpPy6oP8H3/,"​SCA Summer Learning Program  Good morning!  Today's Classes are:  Women: 11:00AM: Rabbi Avi Harari- Nabi 12:30PM: Esther Hidary- Misc. 7:00PM: Rabbi Ikey Tawil (college women)- Halakha  Men: 8:00PM: Please join us tonight for our annual ""End of the Summer Men's Program Siyum Dinner""! A special dinner including deli and mazza will be served. Everyone is invited  All classes take place in Safra Synagogue of Deal (75 Hathaway Ave)  For more information call or text Rabbi Moses Haber 718-564-9345."
17841692713009080,2014-08-12,IMAGE,N/A (not video),False,https://www.instagram.com/p/rmneMvP8NR/,​SCA Summer Learning Program  Good morning!  Today's Classes are:  Women: 11:00AM: Sarah Mizrachi- Nidah 6:30PM: Dorris Dweck/Cohen (5-8th grade girls)- Ketubim  Men: 7:00PM: Rabbi Charles Safdieh (kids) 8:00PM: Rabbi Albert Setton- Igerret Teman 8:00PM: Rabbi Avi Harari- Masechet Sotah 8:00PM: Rabbi Moses Haber- Halakha 9:00PM: Rabbi Albert Setton- Gemara Ketubot 9:00PM: Rabbi Avi Harari- Contemporary Jewish Life 9:00PM: Rabbi Moses Haber- Halakha and philosophy of isure bi'a  All classes take 
17841692701009080,2014-08-10,IMAGE,N/A (not video),False,https://www.instagram.com/p/riL8Z6P8EU/,"We are thrilled that the ILEAD 2014 pioneers are home safe. They have inspired the community that surrounds us with their love and dedication to the State of Israel.  We look forward to celebrating their fantastic journey with a graduation celebration followed by the annual ILEAD alumni BBQ.  The graduation will be held This Tuesday, August 12th at 6:30 pm at the home of Jaime and Ricky Cohen, 1 Jerome Avenue. Ceremony Starting 7pm Sharp.  The entire community is invited to hear about the amazin"
17841692695009080,2014-08-08,VIDEO,NOT_FETCHED,False,https://www.instagram.com/p/ra3zRYP8El/,"Rabbi Tobias speaks to 50+ collage age young adults, as a part of our weekly Thursday night COED classes"
17841692710009080,2014-08-07,IMAGE,N/A (not video),False,https://www.instagram.com/p/raRBqRv8HG/,"The SCA is pleased to offer Shabbat Minyanim, under the leadership of Rabbi Harold Sutton, located at the JCC's Axelrod Auditorium.  Scholar in Residence: Rabbi Yosef Bitton  Friday Night Prayers  Shir Hashirim: 6:30pm Minha: 6:45pm Candle lighting: 7:44pm  Shabbat Morning Minyanim:  First Minyan: 6:40am followed by a breakfast and class given by Rabbi Yosef Bitton  High School and College Minyan: 9:15am with Rabbi Ikey Tawil followed by breakfast  Kids program: 9:30am followed by a breakfast  S"
17841856426009080,2014-08-07,IMAGE,N/A (not video),False,https://www.instagram.com/p/rZY7FQv8I8/,"SCA Summer Learning Program  Good morning!  Today's Classes are:  Women: 10:00AM: Rabbi Nathan Dweck- Torah 11:00AM: Rabbi Moses Haber- Jewish Philosophy  6:30PM: Marie Levy Mazon (young women)- Middot  Men: 8:00PM: Rabbi Harold Sutton- Mahshava 9:00PM: Rabbi Harold Sutton- Mahshava  9:00PM: Rabbi Richard Tobias (COED, college) hosted by Gabe and Caroline Bildirici (plus the 'Corlies Crowd': Suttons, Dwecks, Horowitz', Cohens, Kassins...) at 215 Corlies Ave between Norwood and Page.  All classes"
17841692740009080,2014-08-06,IMAGE,N/A (not video),False,https://www.instagram.com/p/rW3MS4v8Dd/,"​SCA Summer Learning Program  Good morning!  Today's Classes are:  Women: 11:00AM: Rabbi Avi Harari- Nabi 7:00PM: Rabbi Ikey Tawil (college women)- Halakha 8:15PM: Ariella Fallack (young women, high school & older)- Missvot  Men: 7:00PM: Rabbi Charles Safdieh (kids) 8:00PM: Rabbi Albert Setton- Igerret Teman 8:00PM: Rabbi Harold Sutton- Gemara Ketubot 8:00PM: Rabbi Ikey Tawil- Halakha 8:00PM: Rabbi Avi Harari- Gemara 8:00PM: Rabbi Nathan Dweck- Mishnayot Neziqin 8:00PM: Rabbi Charles Safdieh- Ge"
17841692737009080,2014-08-05,IMAGE,N/A (not video),False,https://www.instagram.com/p/rVS2IAP8MI/,Ricky Cohen speaking to men women and teens
17841692725009080,2014-08-05,IMAGE,N/A (not video),False,https://www.instagram.com/p/rVG-Ogv8Gn/,Rabbi Ralph Tawil giving a class
17841692719009080,2014-08-05,VIDEO,NOT_FETCHED,False,https://www.instagram.com/p/rVBeruP8Nb/,Rabbi Besser addresses hundreds  of community members about modern day issues and connecting it to Tish'a Be'ab
17841692716009080,2014-08-05,VIDEO,NOT_FETCHED,False,https://www.instagram.com/p/rU-l07P8IW/,"HUNDREDS of men, women, boys and girls come to hear Rabbi Besser speak about Tish'a Beab"
17841692734009080,2014-08-05,VIDEO,NOT_FETCHED,False,https://www.instagram.com/p/rUqc-nv8Ei/,100+ men and women listening to Esther Hidary speak about איכה
17841692731009080,2014-08-05,IMAGE,N/A (not video),False,https://www.instagram.com/p/rUoysGP8Bb/,Classes for all ages at the JCC!
17841692728009080,2014-08-05,IMAGE,N/A (not video),False,https://www.instagram.com/p/rUn4R1P8Pl/,Rabbi Bald giving a shiur
17841692722009080,2014-08-05,IMAGE,N/A (not video),False,https://www.instagram.com/p/rTLhELP8AZ/,Rabbi Harold Sutton analyzing 'J Street' with the crowd
17841856423009080,2014-08-05,VIDEO,NOT_FETCHED,False,https://www.instagram.com/p/rTGFruP8H8/,Watching J street
17841692755009080,2014-08-05,IMAGE,N/A (not video),False,https://www.instagram.com/p/rTCFrTP8Bz/,A full house praying Kinot together
17841692752009080,2014-08-05,VIDEO,NOT_FETCHED,False,https://www.instagram.com/p/rS9vyYP8Ln/,Memorial Wall IDF fallen soldiers
17841692743009080,2014-08-04,IMAGE,N/A (not video),False,https://www.instagram.com/p/rRsfHlP8Jp/,"This is the schedule of all the minyanim, times and classes for tonight & tomorrow, Tish'a Be'Ab, that will take place in the JCC.  Tonight's Schedule:  6:15: MINHA – EAT SEUDA MAFSEKET AT HOME 8:00: STOP EATING AND PUT ON NON LEATHER SHOES 8:10: ARBIT WITH KINOT AND MEGILAT EIKHA 9:00: MOVIE PRESENTATION “THE J STREET CHALLENGE"""
17841692650009080,2014-08-01,IMAGE,N/A (not video),False,https://www.instagram.com/p/rKADqxP8ND/,"Here is the schedule of all the minyanim, times and classes for this Tuesday, Tish'a Be'Ab, that will take place in the JCC."
17841692746009080,2014-08-01,IMAGE,N/A (not video),False,https://www.instagram.com/p/rIsTOCv8Mu/,"The SCA is pleased to offer Shabbat Minyanim, under the leadership of Rabbi Harold Sutton, located at the JCC's Axelrod Auditorium.  Scholar in Residence: Rabbi Ari Azancot  Friday Night Prayers Shir Hashirim: 6:30pm Minha: 6:45pm Candle lighting: 7:52pm  Shabbat Morning Minyanim: First Minyan: 6:40am followed by a breakfast and ​class given by Rabbi Ari Azancot  High School and College Minyan: 9:15am with Rabbi Ikey Tawil followed by breakfast  Kids program: 9:30am followed by a breakfast  Shab"
17841692767009080,2014-07-31,IMAGE,N/A (not video),False,https://www.instagram.com/p/rHa1rpv8Pn/,"Good morning!  Today's Classes are:  Women: 11:00AM: Rabbi Moses Haber- Jewish Philosophy 12:30PM: Rabbi Nathan Dweck- Torah 6:30PM: Marie Levy Mazon (young women)- Middot  Men: 8:00PM: Adam Harari- Mishna study group 9:00PM: Adam Harari- Mishna study group  9:00PM: Guest Speaker (COED, college) in the home of Danielle and Joseph Khezrie, 27th Monmouth Ave, about the current crisis in Israel  All classes take place in Safra Synagogue of Deal (75 Hathaway Ave), unless otherwise stated.  For more "
17841692749009080,2014-07-30,IMAGE,N/A (not video),False,https://www.instagram.com/p/rFcxcsv8Ga/,IDF - Fallen Soldiers of Operation Protective Edge #IDF
17841692758009080,2014-07-30,IMAGE,N/A (not video),False,https://www.instagram.com/p/rEzwC5P8EN/,"Good morning!  Today's Classes are:  Women: 11:00AM: Rabbi Avi Harari- Nabi 12:30PM: Esther Hidary- Misc. 7:00PM: Rabbi Ikey Tawil (college women)- Halakha 8:00PM: Rabbi Moses Haber (COED, high school)- Torah 8:15PM: Ariella Fallack (young women, high school & older)- Missvot  Men: 7:00PM: Rabbi Charles Safdieh (kids) 8:00PM: Rabbi Albert Setton- Igerret Teman 8:00PM: Rabbi Ikey Tawil- Halakha 8:00PM: Rabbi Avi Harari- Gemara 8:00PM: Rabbi Meyer Laniado- Hakham Matloub Abadi: Vision, Life and Te"
17841692764009080,2014-07-29,IMAGE,N/A (not video),False,https://www.instagram.com/p/rCQrpyv8Cr/,"Good morning!  Today's Classes are:  Women: 11:00AM: Sarah Mizrachi- Nidah 12:30PM: Rabbi Besser - Torah 6:30PM: Dorris Dweck/Cohen (5-8th grade girls)- Ketubim 8:00PM: Rabbi Besser (young women, high school & older)- Torah  Men: 7:00PM: Rabbi Charles Safdieh (kids) 8:00PM: Rabbi Albert Setton- Igerret Teman 8:00PM: Rabbi Ikey Tawil- Parasha 8:00PM: Rabbi Avi Harari- Masechet Sotah 8:00PM: Rabbi Moses Haber- Halakha 8:00PM: Adam Harari- Gemara Ketubot 8:00PM: Rabbi Jack Savdie- Kelalei HaTalmud "
17841692761009080,2014-07-25,IMAGE,N/A (not video),False,https://www.instagram.com/p/q4JJ_ZP8BP/,"​The SCA, is pleased to offer Shabbat Minyanim, under the leadership of Rabbi Harold Sutton, located at the JCC's Axelrod Auditorium.  Scholar in Residence: Rabbi Joey Mizrachi  Friday Night Prayers Shir Hashirim: 6:30pm Minha: 6:45pm Candle lighting: 7:59pm  Shabbat Morning Minyanim: First Minyan: 6:40am followed by a breakfast and class given by Rabbi Joey Mizrachi.  High School and College Minyan: 9:15am with Rabbi Ikey Tawil followed by breakfast  Kids program: 9:30am followed by a breakfast"
17841856420009080,2014-07-24,IMAGE,N/A (not video),False,https://www.instagram.com/p/q1Zejdv8Kj/,"​SCA Summer Learning Program  Good morning!  Today's Classes are:  Women: 11:00AM: Rabbi Moses Haber- Jewish Philosophy  12:30PM: Rabbi Nathan Dweck- Torah 6:30PM: Marie Levy Mazon (young women)- Middot  Men: 8:00PM: Adam Harari- Mishna study group 8:00PM: Rabbi Avi Harari- Gemara 8:00PM: Rabbi Moses Haber- Halakha 9:00PM: Adam Harari- Mishna study group 9:00PM Rabbi Avi Harari- Contemporary Jewish Life  9:00PM: Rabbi Ricky Hidary (COED, college) in the home of Nina and Eddie Esses,  211 North L"
17841692773009080,2014-07-23,IMAGE,N/A (not video),False,https://www.instagram.com/p/qy34r_v8Og/,"SCA Summer Learning Program  Good morning!  Today's Classes are:  Women: 11:00AM: Rabbi Avi Harari- Nabi 12:30PM: Esther Hidary- Misc. 6:30PM: Rabbi Ikey Tawil (college women)- Halakha 8:00PM: Rabbi Moses Haber (COED, high school)- Torah 8:15PM: Ariella Fallack (young women, high school & older)- Missvot  Men: 7:00PM: Rabbi Charles Safdieh (kids)  8:00PM: Rabbi Albert Setton- Igerret Teman 8:00PM: Rabbi Ikey Tawil- Halakha 8:00PM: Rabbi Avi Harari- Gemara 8:00PM: Rabbi Meyer Laniado- Hakham Matl"
17841692770009080,2014-07-22,IMAGE,N/A (not video),False,https://www.instagram.com/p/qwM5GXv8Kn/,SCA Summer Learning Program  Good morning!  Today's Classes are:  Women: 11:00AM: Sarah Mizrachi- Nidah 12:30PM: Rabbi Besser - Torah 6:30PM: Dorris Dweck/Cohen (5-8th grade girls)- Ketubim 8:00PM: Rabbi Besser (young women)- Torah  Men: 7:00PM: Rabbi Charles Safdieh (kids) 8:00PM: Rabbi Albert Setton- Igerret Teman 8:00PM: Rabbi Ikey Tawil- Parasha 8:00PM: Rabbi Moses Haber- Halakha 8:00PM: Adam Harari- Gemara Ketubot 8:00PM: Rabbi Jack Savdie- Kelalei HaTalmud  9:00PM: Rabbi Albert Setton- Gem
17841692779009080,2014-07-21,IMAGE,N/A (not video),False,https://www.instagram.com/p/qtr4ZUv8CY/,SCA Summer Learning Program  Good morning!  Today's Classes are:  Women: 11:00AM: Victoria Chabot- Torah 6:30PM: Rabbi Joey Mizrachi (5-8th grade girls)- Keri'a 8:00PM: Rabbi Moses Haber (young women)- Misc. 8:15PM: Rabbi Joe Dana (young women)- Torah  Men: 7:00PM: Rabbi Charles Safdieh (kids) 8:00PM: Rabbi Albert Setton- Igerret Teman 8:00PM: Rabbi Ikey Tawil- HaRambam 8:00PM: Rabbi Charles Safdieh- Halakha 8:00PM: Rabbi Joey Mizrachi- Mishnayot 8:00PM: Adam Harari- Gemara Ketubot 9:00PM: Rabbi
17841692776009080,2014-07-20,IMAGE,N/A (not video),False,https://www.instagram.com/p/qrbT2RP8Bk/,
17841692791009080,2014-07-18,IMAGE,N/A (not video),False,https://www.instagram.com/p/qmGI-cv8NF/,"The SCA, is pleased to offer Shabbat Minyanim, under the leadership of Rabbi Harold Sutton, located at the JCC's Axelrod Auditorium.  Scholar in Residence: Rabbi Shlomo Riskin  Friday Night Prayers Shir Hashirim: 6:30pm Minha: 6:45pm Candle lighting: 8:05pm  Shabbat Morning Minyanim: First Minyan: 6:40am followed by a breakfast and class given by Rabbi Shlomo Riskin.  High School and College Minyan: 9:15am with Rabbi Ikey Tawil followed by breakfast  Kids program: 9:30am followed by a breakfast "
17841692788009080,2014-07-17,IMAGE,N/A (not video),False,https://www.instagram.com/p/qjXhPyv8Ic/,SCA Summer 2014 Learning Program  Good morning! Today's Classes are:  Women: 11:00 AM- Rabbi Moses Haber 12:30 PM- Rabbi Nathan Dweck 6:30PM- Marie Levy Mazon (high school and older)  Men: 8:00PM- Rabbi Harold Sutton 8:00PM- Rabbi Moses Haber 8:00PM- Adam Harari 9:00PM- Rabbi Harold Sutton 9:00PM- Adam Harari  9:00PM- Rabbi Joey Beyda (COED College) in the some of Joy and Michael Maymie @ 41 Deal Esplanade  All classes take place in Hathaway Annex (Jemal building) Main or Basement floor unless o
17841692794009080,2014-07-16,IMAGE,N/A (not video),False,https://www.instagram.com/p/qgua4lv8BX/,"SCA Women's Learning Program  Good morning! Today's Classes are:  Wednesday 11:00- Rabbi Avi Harari 12:30- Esther Hidary 6:30- Rabbi Ikey Tawil (college) 8:00- Rabbi Moses Haber (COED, high school) 8:00- Ariella Fallack (high school and older)  All classes take place in Hathaway Annex (Jemal building) Main or Basement floor.  For more information call or text Rabbi Moses Haber 718-564-9345."
17841692782009080,2014-07-15,IMAGE,N/A (not video),False,https://www.instagram.com/p/qfS-Phv8Jq/,"To donate, please visit ileadexperiance.org and click ""make a payment"" #ILEAD"
17841692785009080,2014-07-15,IMAGE,N/A (not video),False,https://www.instagram.com/p/qeiWldv8KV/,SCA Summer Learning Program  Good morning! Today we will be having a special schedule due to the fast:  Women: 11:00 Rabbi Ikey Tawil (all ages) 12:30 Rabbi Naftali Besser (adult women) 12:30 Rabbi Nathan Dweck (5-8th grade girls) 1:30  Rabbi Naftali Besser (young women) 4:30  Doris Cohen (5-8th grade girls) 5:00  Rabbi Charles Safdieh (5-8th grade girls)  Men: 5:00  Rabbi Nathan Dweck 6:50  Rabbi Ikey Tawil  Fast ends 8:50 PM  All classes take place in Hathaway Annex (Jemal building) Main or Ba
17841856417009080,2014-07-14,IMAGE,N/A (not video),False,https://www.instagram.com/p/qbt6ECP8P1/,
17841692818009080,2014-07-14,IMAGE,N/A (not video),False,https://www.instagram.com/p/qbpT9yP8Ko/,SCA Women's Learning Program  Good morning! Today's Classes are:  Monday 11:00 Vivien Hidary 12:30 Vicky Harari 6:30  Rabbi Joey Mizrachi (5-8th grade girls) 8:00  Rabbi Moses Haber (young women) 8:00  Rabbi Joe Dana (young women)  All classes take place in Hathaway Annex (Jemal building) Main or Basement floor.  For more information call or text Rabbi Moses Haber 718-564-9345.
17841692803009080,2014-07-11,IMAGE,N/A (not video),False,https://www.instagram.com/p/qUaDB4v8Iy/,Rabbi Ikey Tawils class at Sarah and Eddie Esses' house last night. 34 people showed up!  Great job organizing Rabbi Moses Haber!
17841692800009080,2014-07-10,IMAGE,N/A (not video),False,https://www.instagram.com/p/qR0DAfP8Mq/,"Guest Rabbi: Rabbi Ralph Tawil  Friday Night Prayers (in the Axelrod Theatre, 100 Grant Ave.) Shir Hashirim: 6:30pm Minha: 6:45pm Candle lighting: 8:09pm  Shabbat Morning Minyanim:  First Minyan: 6:40am (Led by Rabbi Harold Sutton and Hazan Mordechai Salem) followed by a breakfast and class given by Rabbi Ralph Tawil.  High School and College Minyan: 9:15am (Led by Rabbi Ikey Tawil) followed by breakfast  Kids program: 9:30am followed by a breakfast  Shabbat Afternoon Prayers:  Class by Rabbi Ha"
17841692815009080,2014-07-03,IMAGE,N/A (not video),False,https://www.instagram.com/p/qAhiEkv8Dz/,
17841692809009080,2014-07-03,IMAGE,N/A (not video),False,https://www.instagram.com/p/p_lz2iv8Pf/,"Parashat Balaq, July 4th-July 5th Guest Rabbi: Rabbi Avi Harari  Friday Night Prayers (in the Axelrod Theatre, 100 Grant Ave.) Shir Hashirim: 6:30pm Minha: 6:45pm Candle lighting: 8:11pm  Shabbat Morning Minyanim: First Minyan: 6:40am (Led by Rabbi Harold Sutton and Hazan Mordechai Salem) followed by a breakfast and class given by Rabbi Avi Harari. High School and College Minyan: 9:15am (Led by Rabbi Ikey Tawil) followed by breakfast Kids program: 9:30am followed by a breakfast  Shabbat Afternoo"
17841692821009080,2014-07-02,IMAGE,N/A (not video),False,https://www.instagram.com/p/p94sOfP8Du/,Follow @ilead_sca to view DAILY pics of what our young leaders are learning on ILEAD!!!
17841692812009080,2014-06-26,IMAGE,N/A (not video),False,https://www.instagram.com/p/puMZrNv8Ah/,"Guest Rabbi: Rabbi Ricky Hidary  Parashat Hukat June 27th, 2014  Friday Night Prayers: Shir Hashirim: 6:30pm Minha: 6:45pm Candle Lighting 8:12pm  Shabbat Morning Minyanim: First Minyan: 6:40am (Led by Rabbi Harold Sutton and Hazan Mordechai Salem) Followed by a breakfast and class given by Rabbi Ricky Hidary- ""Bringing the Torah to Life in Art, from Ancient Syria to Renaissance Amsterdam"" High School and College Minyan: 9:15am (Led by Rabbi Ikey Tawil) followed by breakfast. Kids program: 9:30a"
17841856660009080,2014-06-09,IMAGE,N/A (not video),False,https://www.instagram.com/p/pB5iojP8JL/,"For more information, visit TheSephardicCommunityAlliance.org"
17841692797009080,2014-06-09,IMAGE,N/A (not video),False,https://www.instagram.com/p/pAWushP8Eq/,Women's Summer 2014 Learning Program. For more information visit TheSephardicCommunityAlliance.org #SCA
17841692806009080,2014-06-09,IMAGE,N/A (not video),False,https://www.instagram.com/p/pAWbYCP8ES/,Men's Summer 2014 Learning Program. For more information visit TheSephardicCommunityAlliance.org #SCA
17841856414009080,2014-02-23,IMAGE,N/A (not video),False,https://www.instagram.com/p/kvWLlDP8AQ/,Now selling ILEAD wear!!! Contact esther@ileadexperience.org if interested! Sweatshirts and sweatpants. Limited supply
17841692842009080,2013-12-15,IMAGE,N/A (not video),False,https://www.instagram.com/p/h81IuWP8Ew/,
17841692824009080,2013-12-03,IMAGE,N/A (not video),False,https://www.instagram.com/p/hcYs7Av8J6/,@Versagram App! #versagram #versalove
17841692845009080,2013-11-13,IMAGE,N/A (not video),False,https://www.instagram.com/p/gp-CXrv8GF/,
17841692848009080,2013-08-13,IMAGE,N/A (not video),False,https://www.instagram.com/p/c9U5-XP8Fx/,"Last nights reunion BBQ was a huge success! All 4 years of ILEAD came together to reminisce, notes and catch up with each other."
17841692827009080,2013-08-07,IMAGE,N/A (not video),False,https://www.instagram.com/p/cuM8Kiv8I8/,Join us this Shabbat at the JCC for a sebet in honor of our pioneers. High school/ college minyan begins at 9:15 followed by an extended breakfast. Looking forward to seeing you all there!
17841692836009080,2013-08-06,IMAGE,N/A (not video),False,https://www.instagram.com/p/cr4mGGP8CY/,
17841692833009080,2013-08-06,IMAGE,N/A (not video),False,https://www.instagram.com/p/crTPPCv8FY/,"It's never too late to join our nightly learning program @ Hathaway Shul! Above is a lecture given earlier this summer by Hakham Rasson Arussi, a candidate for the Chief Rabbi of Israel."
17841692839009080,2013-08-05,IMAGE,N/A (not video),False,https://www.instagram.com/p/co2nJRv8Dl/,
17841692830009080,2013-08-02,VIDEO,NOT_FETCHED,False,https://www.instagram.com/p/cg4sThP8FE/,Welcome home ILEAD
17841856411009080,2013-07-31,IMAGE,N/A (not video),False,https://www.instagram.com/p/cci3S4v8Hv/,
17841692866009080,2013-07-31,IMAGE,N/A (not video),False,https://www.instagram.com/p/cci2F0v8Hs/,
17841692860009080,2013-07-30,IMAGE,N/A (not video),False,https://www.instagram.com/p/cZgEGnP8LH/,
17841692851009080,2013-07-30,IMAGE,N/A (not video),False,https://www.instagram.com/p/cZgC6Pv8LE/,
17841692857009080,2013-07-30,IMAGE,N/A (not video),False,https://www.instagram.com/p/cZgB8xP8LD/,
17841692863009080,2013-07-30,IMAGE,N/A (not video),False,https://www.instagram.com/p/cY3Rjyv8JT/,
17841692875009080,2013-07-30,IMAGE,N/A (not video),False,https://www.instagram.com/p/cXyDZQP8GC/,
17841692854009080,2013-07-30,IMAGE,N/A (not video),False,https://www.instagram.com/p/cXyB7qP8F_/,
17841692872009080,2013-07-30,IMAGE,N/A (not video),False,https://www.instagram.com/p/cXx8f_v8Fw/,
17841692869009080,2013-07-30,IMAGE,N/A (not video),False,https://www.instagram.com/p/cXx7W5v8Fu/,
17841856408009080,2013-07-30,IMAGE,N/A (not video),False,https://www.instagram.com/p/cXx6ssv8Fr/,
17841692902009080,2013-07-30,IMAGE,N/A (not video),False,https://www.instagram.com/p/cXx5lAv8Fn/,
17841692896009080,2013-07-30,IMAGE,N/A (not video),False,https://www.instagram.com/p/cXx23iP8Fi/,
17841692881009080,2013-07-28,IMAGE,N/A (not video),False,https://www.instagram.com/p/cUIvxsv8PC/,
17841692887009080,2013-07-28,IMAGE,N/A (not video),False,https://www.instagram.com/p/cUCJ0eP8Fu/,
17841692878009080,2013-07-28,IMAGE,N/A (not video),False,https://www.instagram.com/p/cUCIqWv8Fs/,
17841692899009080,2013-07-28,IMAGE,N/A (not video),False,https://www.instagram.com/p/cUCHnAv8Fo/,
17841692890009080,2013-07-28,IMAGE,N/A (not video),False,https://www.instagram.com/p/cUCGa5v8Fn/,
17841692893009080,2013-07-28,IMAGE,N/A (not video),False,https://www.instagram.com/p/cTqLLOv8KX/,
17841692884009080,2013-07-28,IMAGE,N/A (not video),False,https://www.instagram.com/p/cTqE11P8KQ/,
17841856405009080,2013-07-28,IMAGE,N/A (not video),False,https://www.instagram.com/p/cTqCmDP8KM/,
17841692920009080,2013-07-28,IMAGE,N/A (not video),False,https://www.instagram.com/p/cTqA3lP8KJ/,
17841692923009080,2013-07-28,IMAGE,N/A (not video),False,https://www.instagram.com/p/cSq3e0P8M5/,
17841692911009080,2013-07-28,IMAGE,N/A (not video),False,https://www.instagram.com/p/cSq2BPv8M2/,
17841692917009080,2013-07-28,IMAGE,N/A (not video),False,https://www.instagram.com/p/cSq0-XP8Mz/,
17841692926009080,2013-07-28,IMAGE,N/A (not video),False,https://www.instagram.com/p/cSqzeNv8Mx/,
17841692914009080,2013-07-28,IMAGE,N/A (not video),False,https://www.instagram.com/p/cSqx4jv8Mt/,
17841692908009080,2013-07-28,IMAGE,N/A (not video),False,https://www.instagram.com/p/cSqxCOP8Mq/,
17841692905009080,2013-07-26,IMAGE,N/A (not video),False,https://www.instagram.com/p/cPBHSeP8IW/,
17841692929009080,2013-07-26,IMAGE,N/A (not video),False,https://www.instagram.com/p/cPBFT8v8IR/,
17841856402009080,2013-07-26,IMAGE,N/A (not video),False,https://www.instagram.com/p/cPBDntP8IN/,
17841692950009080,2013-07-26,IMAGE,N/A (not video),False,https://www.instagram.com/p/cPBCcav8IL/,
17841692953009080,2013-07-26,IMAGE,N/A (not video),False,https://www.instagram.com/p/cO-YB4P8Ed/,
17841692941009080,2013-07-26,IMAGE,N/A (not video),False,https://www.instagram.com/p/cO-Wiqv8EZ/,
17841692935009080,2013-07-26,IMAGE,N/A (not video),False,https://www.instagram.com/p/cO-VFzP8EV/,
17841692944009080,2013-07-26,IMAGE,N/A (not video),False,https://www.instagram.com/p/cO-UOFv8ET/,
17841692956009080,2013-07-26,IMAGE,N/A (not video),False,https://www.instagram.com/p/cO-S8EP8EP/,
17841692938009080,2013-07-26,IMAGE,N/A (not video),False,https://www.instagram.com/p/cO-RyGP8EL/,
17841692932009080,2013-07-21,IMAGE,N/A (not video),False,https://www.instagram.com/p/cCwG8DP8Ba/,
17841692947009080,2013-07-21,IMAGE,N/A (not video),False,https://www.instagram.com/p/cCwFfwv8BV/,
17841856399009080,2013-07-21,IMAGE,N/A (not video),False,https://www.instagram.com/p/cCwEO7v8BS/,
17841692977009080,2013-07-21,IMAGE,N/A (not video),False,https://www.instagram.com/p/cCwDQwv8BP/,
17841692965009080,2013-07-21,IMAGE,N/A (not video),False,https://www.instagram.com/p/cB8oGzP8Hg/,
17841692959009080,2013-07-21,IMAGE,N/A (not video),False,https://www.instagram.com/p/cB8mQ6v8Ha/,
17841692968009080,2013-07-21,IMAGE,N/A (not video),False,https://www.instagram.com/p/cB8kZhP8HX/,
17841692971009080,2013-07-21,IMAGE,N/A (not video),False,https://www.instagram.com/p/cB8jMiv8HU/,
17841692980009080,2013-07-21,IMAGE,N/A (not video),False,https://www.instagram.com/p/cAnZfPP8Oo/,
17841692983009080,2013-07-21,IMAGE,N/A (not video),False,https://www.instagram.com/p/cAnYD3P8Om/,
17841692962009080,2013-07-21,IMAGE,N/A (not video),False,https://www.instagram.com/p/cAnWR2v8Og/,
17841692974009080,2013-07-21,IMAGE,N/A (not video),False,https://www.instagram.com/p/cAnTgSP8OZ/,
17841856396009080,2013-07-18,IMAGE,N/A (not video),False,https://www.instagram.com/p/b6_BLmP8IF/,
17841693001009080,2013-07-18,IMAGE,N/A (not video),False,https://www.instagram.com/p/b6----v8IA/,
17841693007009080,2013-07-18,IMAGE,N/A (not video),False,https://www.instagram.com/p/b6-8-tP8H8/,
17841692998009080,2013-07-17,IMAGE,N/A (not video),False,https://www.instagram.com/p/b3WLtiP8Pj/,
17841692986009080,2013-07-16,IMAGE,N/A (not video),False,https://www.instagram.com/p/b0ziiXv8Pe/,
17841692989009080,2013-07-16,IMAGE,N/A (not video),False,https://www.instagram.com/p/b0zgnzP8Pa/,
17841692995009080,2013-07-16,IMAGE,N/A (not video),False,https://www.instagram.com/p/b0x727P8ON/,
17841693004009080,2013-07-16,IMAGE,N/A (not video),False,https://www.instagram.com/p/b0x4AIP8OJ/,
17841693010009080,2013-07-16,IMAGE,N/A (not video),False,https://www.instagram.com/p/b0xzIjv8OF/,
17841692992009080,2013-07-16,IMAGE,N/A (not video),False,https://www.instagram.com/p/b0xxPSP8OD/,
17841856393009080,2013-07-16,IMAGE,N/A (not video),False,https://www.instagram.com/p/b0tLPEv8Kp/,
17841693034009080,2013-07-16,IMAGE,N/A (not video),False,https://www.instagram.com/p/b0tJkNP8Kn/,
17841693031009080,2013-07-16,IMAGE,N/A (not video),False,https://www.instagram.com/p/b0tEkgv8Kc/,
17841693022009080,2013-07-16,IMAGE,N/A (not video),False,https://www.instagram.com/p/b0s9uDP8KV/,
17841693025009080,2013-07-16,IMAGE,N/A (not video),False,https://www.instagram.com/p/b0s6kov8KT/,
17841693028009080,2013-07-15,IMAGE,N/A (not video),False,https://www.instagram.com/p/bzUJDWP8C2/,
17841693013009080,2013-07-15,IMAGE,N/A (not video),False,https://www.instagram.com/p/bzS4mNP8Ae/,
17841693037009080,2013-07-15,IMAGE,N/A (not video),False,https://www.instagram.com/p/bzSvoBv8AO/,
17841693016009080,2013-07-14,IMAGE,N/A (not video),False,https://www.instagram.com/p/bupJTVv8Jt/,
17841693019009080,2013-07-14,IMAGE,N/A (not video),False,https://www.instagram.com/p/bupGOyv8Jn/,
17841856390009080,2013-07-14,IMAGE,N/A (not video),False,https://www.instagram.com/p/buo9kSv8JY/,
17841693055009080,2013-07-14,IMAGE,N/A (not video),False,https://www.instagram.com/p/buo5Eav8JQ/,
17841693040009080,2013-07-14,IMAGE,N/A (not video),False,https://www.instagram.com/p/buozYav8JA/,
17841693049009080,2013-07-14,IMAGE,N/A (not video),False,https://www.instagram.com/p/buowelP8I-/,
17841693043009080,2013-07-14,IMAGE,N/A (not video),False,https://www.instagram.com/p/buogxpP8If/,
17841693058009080,2013-07-14,IMAGE,N/A (not video),False,https://www.instagram.com/p/buocGYv8IZ/,
17841693061009080,2013-07-11,IMAGE,N/A (not video),False,https://www.instagram.com/p/bpQgehv8G9/,
17841693052009080,2013-07-11,IMAGE,N/A (not video),False,https://www.instagram.com/p/bpQKlgv8Gh/,
17841693046009080,2013-07-11,IMAGE,N/A (not video),False,https://www.instagram.com/p/bpQIyVP8Gf/,
17841693064009080,2013-07-11,IMAGE,N/A (not video),False,https://www.instagram.com/p/boF3F2P8Po/,
17841856372009080,2013-07-11,IMAGE,N/A (not video),False,https://www.instagram.com/p/boF0Jtv8Pl/,
17841693085009080,2013-07-10,IMAGE,N/A (not video),False,https://www.instagram.com/p/bmkDO_v8BZ/,
17841693070009080,2013-07-10,IMAGE,N/A (not video),False,https://www.instagram.com/p/bmjrb3P8A1/,
17841693091009080,2013-07-10,IMAGE,N/A (not video),False,https://www.instagram.com/p/bmgI6cP8Lo/,
17841693079009080,2013-07-10,IMAGE,N/A (not video),False,https://www.instagram.com/p/bmgDp4P8Lk/,
17841693082009080,2013-07-10,IMAGE,N/A (not video),False,https://www.instagram.com/p/bmgBoNv8Lh/,
17841693073009080,2013-07-10,IMAGE,N/A (not video),False,https://www.instagram.com/p/bmgAJqv8Lf/,
17841693076009080,2013-07-09,IMAGE,N/A (not video),False,https://www.instagram.com/p/bjBXogP8H4/,
17841693088009080,2013-07-08,IMAGE,N/A (not video),False,https://www.instagram.com/p/bgJ5ANv8Nq/,#ilead2013
17841693067009080,2013-07-07,IMAGE,N/A (not video),False,https://www.instagram.com/p/bd0Brsv8DM/,
17841856369009080,2013-07-07,IMAGE,N/A (not video),False,https://www.instagram.com/p/bdz_9Nv8DK/,#ilead2013
17841693094009080,2013-07-02,IMAGE,N/A (not video),False,https://www.instagram.com/p/bRucjYP8O1/,
17841693097009080,2013-07-02,IMAGE,N/A (not video),False,https://www.instagram.com/p/bRjnJtv8MH/,REVISED summer classes schedule for women. Will take in to effect as of today
17841693109009080,2013-07-02,IMAGE,N/A (not video),False,https://www.instagram.com/p/bRT8kQP8BB/,
17841693103009080,2013-07-01,IMAGE,N/A (not video),False,https://www.instagram.com/p/bOo-v8P8GL/,Starts today!
17841693100009080,2013-06-28,IMAGE,N/A (not video),False,https://www.instagram.com/p/bG7eaTv8BG/,"He will be giving a class tomorrow following first minyan, as well as a class an hour before minha."
17841693106009080,2013-06-28,IMAGE,N/A (not video),False,https://www.instagram.com/p/bFsqN1P8CY/,Building our Future by Preserving our Past #SCA
